This file contains the contribution function for each layer and waveband.
bin     cent_lambda[um]   low_int_lambda[um]   delta_lambda[um]   contr_func_lay[0]   contr_func_lay[1]   contr_func_lay[2]   contr_func_lay[3]   contr_func_lay[4]   contr_func_lay[5]   contr_func_lay[6]   contr_func_lay[7]   contr_func_lay[8]   contr_func_lay[9]   contr_func_lay[10]   contr_func_lay[11]   contr_func_lay[12]   contr_func_lay[13]   contr_func_lay[14]   contr_func_lay[15]   contr_func_lay[16]   contr_func_lay[17]   contr_func_lay[18]   contr_func_lay[19]   contr_func_lay[20]   contr_func_lay[21]   contr_func_lay[22]   contr_func_lay[23]   contr_func_lay[24]   contr_func_lay[25]   contr_func_lay[26]   contr_func_lay[27]   contr_func_lay[28]   contr_func_lay[29]   contr_func_lay[30]   contr_func_lay[31]   contr_func_lay[32]   contr_func_lay[33]   contr_func_lay[34]   contr_func_lay[35]   contr_func_lay[36]   contr_func_lay[37]   contr_func_lay[38]   contr_func_lay[39]   contr_func_lay[40]   contr_func_lay[41]   contr_func_lay[42]   contr_func_lay[43]   contr_func_lay[44]   contr_func_lay[45]   contr_func_lay[46]   contr_func_lay[47]   contr_func_lay[48]   contr_func_lay[49]   contr_func_lay[50]   contr_func_lay[51]   contr_func_lay[52]   contr_func_lay[53]   contr_func_lay[54]   contr_func_lay[55]   contr_func_lay[56]   contr_func_lay[57]   contr_func_lay[58]   contr_func_lay[59]   contr_func_lay[60]   contr_func_lay[61]   contr_func_lay[62]   contr_func_lay[63]   contr_func_lay[64]   contr_func_lay[65]   contr_func_lay[66]   contr_func_lay[67]   contr_func_lay[68]   contr_func_lay[69]   contr_func_lay[70]   contr_func_lay[71]   contr_func_lay[72]   contr_func_lay[73]   contr_func_lay[74]   contr_func_lay[75]   contr_func_lay[76]   contr_func_lay[77]   contr_func_lay[78]   contr_func_lay[79]   contr_func_lay[80]   contr_func_lay[81]   contr_func_lay[82]   contr_func_lay[83]   contr_func_lay[84]   contr_func_lay[85]   contr_func_lay[86]   contr_func_lay[87]   contr_func_lay[88]   contr_func_lay[89]   contr_func_lay[90]   contr_func_lay[91]   contr_func_lay[92]   contr_func_lay[93]   contr_func_lay[94]   contr_func_lay[95]   
0       0.01              0.00899745971        0.00200508058      0                     0                     0                     0                     0                     0                     0                     0                     0                     0                     0                     0                     0                     0                     0                     0                     0                     0                     0                     0                     0                     0                     0                     0                     0                     0                     0                     0                     0                     0                     0                     0                     0                     0                     0                     0                     0                     0                     0                     0                     0                     0                     0                     0                     0                     0                     0                     0                     0                     0                     0                     0                     0                     0                     0                     0                     0                     0                     0                     0                     0                     0                     0                     0                     0                     0                     0                     0                     0                     0                     0                     0                     0                     0                     0                     0                     0                     0                     0                     0                     0                     0                     0                     0                     0                     0                     0                     0                     0                     0                     0                     0                     0                     0                     0                     0                     
1       0.0120050806      0.0110025403         0.00220609798      0                     0                     0                     0                     0                     0                     0                     0                     0                     0                     0                     0                     0                     0                     0                     0                     0                     0                     0                     0                     0                     0                     0                     0                     0                     0                     0                     0                     0                     0                     0                     0                     0                     0                     0                     0                     0                     0                     0                     0                     0                     0                     0                     0                     0                     0                     0                     0                     0                     0                     0                     0                     0                     0                     0                     0                     0                     0                     0                     0                     0                     0                     0                     0                     0                     0                     0                     0                     0                     0                     0                     0                     0                     0                     0                     0                     0                     0                     0                     0                     0                     0                     0                     0                     0                     0                     0                     0                     0                     0                     0                     0                     0                     0                     0                     0                     
2       0.014412196       0.0132086383         0.00264843841      0                     0                     0                     0                     0                     0                     0                     0                     0                     0                     0                     0                     0                     0                     0                     0                     0                     0                     0                     0                     0                     0                     0                     0                     0                     0                     0                     0                     0                     0                     0                     0                     0                     0                     0                     0                     0                     0                     0                     0                     0                     0                     0                     0                     0                     0                     0                     0                     0                     0                     0                     0                     0                     0                     0                     0                     0                     0                     0                     0                     0                     0                     0                     0                     0                     0                     0                     0                     0                     0                     0                     0                     0                     0                     0                     0                     0                     0                     0                     0                     0                     0                     0                     0                     0                     0                     0                     0                     0                     0                     0                     0                     0                     0                     0                     0                     
3       0.0173019574      0.0158570767         0.00317947165      0                     0                     0                     0                     0                     0                     0                     0                     0                     0                     0                     0                     0                     0                     0                     0                     0                     0                     0                     0                     0                     0                     0                     0                     0                     0                     0                     0                     0                     0                     0                     0                     0                     0                     0                     0                     0                     0                     0                     0                     0                     0                     0                     0                     0                     0                     0                     0                     0                     0                     0                     0                     0                     0                     0                     0                     0                     0                     0                     0                     0                     0                     0                     0                     0                     0                     0                     0                     0                     0                     0                     0                     0                     0                     0                     0                     0                     0                     0                     0                     0                     0                     0                     0                     0                     0                     0                     0                     0                     0                     0                     0                     0                     0                     0                     0                     
4       0.0207711393      0.0190365483         0.00381698133      0                     0                     0                     0                     0                     0                     0                     0                     0                     0                     0                     0                     0                     0                     0                     0                     0                     0                     0                     0                     0                     0                     0                     0                     0                     0                     0                     0                     0                     0                     0                     0                     0                     0                     0                     0                     0                     0                     0                     0                     0                     0                     0                     0                     0                     0                     0                     0                     0                     0                     0                     0                     0                     0                     0                     0                     0                     0                     0                     0                     0                     0                     0                     0                     0                     0                     0                     0                     0                     0                     0                     0                     0                     0                     0                     0                     0                     0                     0                     0                     0                     0                     0                     0                     0                     0                     0                     0                     0                     0                     0                     0                     0                     0                     0                     0                     
5       0.02493592        0.0228535297         0.00458231684      0                     0                     0                     0                     0                     0                     0                     0                     0                     0                     0                     0                     0                     0                     0                     0                     0                     0                     0                     0                     0                     0                     0                     0                     0                     0                     0                     0                     0                     0                     0                     0                     0                     0                     0                     0                     0                     0                     0                     0                     0                     0                     0                     0                     0                     0                     0                     0                     0                     0                     0                     0                     0                     0                     0                     0                     0                     0                     0                     0                     0                     0                     0                     0                     0                     0                     0                     0                     0                     0                     0                     0                     0                     0                     0                     0                     0                     0                     0                     0                     0                     0                     0                     0                     0                     0                     0                     0                     0                     0                     0                     0                     0                     0                     0                     0                     
6       0.0299357729      0.0274358465         0.00550110829      1.89474e-320          3.26334e-318          3.04952e-319          9.38725e-323          0                     0                     0                     0                     0                     0                     0                     0                     0                     0                     0                     0                     0                     0                     0                     0                     0                     0                     0                     0                     0                     0                     0                     0                     0                     0                     0                     0                     0                     0                     0                     0                     0                     0                     0                     0                     0                     0                     0                     0                     0                     0                     0                     0                     0                     0                     0                     0                     0                     0                     0                     0                     0                     0                     0                     0                     0                     0                     0                     0                     0                     0                     0                     0                     0                     0                     0                     0                     0                     0                     0                     0                     0                     0                     0                     0                     0                     0                     0                     0                     0                     0                     0                     0                     0                     0                     0                     0                     0                     0                     0                     0                     
7       0.0359381366      0.0329369548         0.00660412483      1.48651e-275          1.96644e-271          1.84135e-270          6.2743e-272           1.9879e-275           7.17982e-281          6.95816e-288          2.74477e-296          7.692e-306            0                     0                     0                     0                     0                     0                     0                     0                     0                     0                     0                     0                     0                     0                     0                     0                     0                     0                     0                     0                     0                     0                     0                     0                     0                     0                     0                     0                     0                     0                     0                     0                     0                     0                     0                     0                     0                     0                     0                     0                     0                     0                     0                     0                     0                     0                     0                     0                     0                     0                     0                     0                     0                     0                     0                     0                     0                     0                     0                     0                     0                     0                     0                     0                     0                     0                     0                     0                     0                     0                     0                     0                     0                     0                     0                     0                     0                     0                     0                     0                     0                     0                     0                     0                     0                     0                     0                     
8       0.0431440226      0.0395410796         0.00792830508      3.29745e-238          1.62765e-232          7.0979e-230           1.2428e-229           2.2672e-231           5.9568e-235           4.78791e-240          1.95989e-246          7.02208e-254          2.28347e-262          6.35894e-272          4.19892e-282          3.33957e-293          2.50463e-305          0                     0                     0                     0                     0                     0                     0                     0                     0                     0                     0                     0                     0                     0                     0                     0                     0                     0                     0                     0                     0                     0                     0                     0                     0                     0                     0                     0                     0                     0                     0                     0                     0                     0                     0                     0                     0                     0                     0                     0                     0                     0                     0                     0                     0                     0                     0                     0                     0                     0                     0                     0                     0                     0                     0                     0                     0                     0                     0                     0                     0                     0                     0                     0                     0                     0                     0                     0                     0                     0                     0                     0                     0                     0                     0                     0                     0                     0                     0                     0                     0                     0                     
9       0.0517947468      0.0474693847         0.00951799413      3.76717e-207          3.80049e-200          4.0608e-196           1.89885e-194          1.01258e-194          9.45263e-197          3.0804e-200           6.05924e-205          1.20522e-210          2.50228e-217          5.96302e-225          3.32277e-233          3.01325e-242          3.78401e-252          2.21764e-262          1.95007e-273          1.78384e-285          2.0472e-297           0                     0                     0                     0                     0                     0                     0                     0                     0                     0                     0                     0                     0                     0                     0                     0                     0                     0                     0                     0                     0                     0                     0                     0                     0                     0                     0                     0                     0                     0                     0                     0                     0                     0                     0                     0                     0                     0                     0                     0                     0                     0                     0                     0                     0                     0                     0                     0                     0                     0                     0                     0                     0                     0                     0                     0                     0                     0                     0                     0                     0                     0                     0                     0                     0                     0                     0                     0                     0                     0                     0                     0                     0                     0                     0                     0                     0                     0                     
10      0.0621800109      0.0569873788         0.0114264286       2.48627e-181          3.10321e-173          4.75152e-168          3.4349e-165           3.05344e-164          5.57757e-165          4.02333e-167          1.99836e-170          1.11435e-174          7.43434e-180          7.13177e-186          1.63016e-192          7.626e-200            6.68396e-208          2.55412e-216          2.01045e-225          2.42811e-235          2.96951e-245          6.22631e-256          1.84246e-267          1.02158e-278          3.11943e-290          6.89843e-301          0                     0                     0                     0                     0                     0                     0                     0                     0                     0                     0                     0                     0                     0                     0                     0                     0                     0                     0                     0                     0                     0                     0                     0                     0                     0                     0                     0                     0                     0                     0                     0                     0                     0                     0                     0                     0                     0                     0                     0                     0                     0                     0                     0                     0                     0                     0                     0                     0                     0                     0                     0                     0                     0                     0                     0                     0                     0                     0                     0                     0                     0                     0                     0                     0                     0                     0                     0                     0                     0                     0                     0                     0                     
11      0.0746476041      0.0684138075         0.0137175197       7.10131e-160          7.21493e-151          1.01238e-144          7.16985e-141          6.66141e-139          1.44894e-138          1.389e-139            1.01777e-141          9.0737e-145           1.09651e-148          2.26476e-153          1.16104e-158          1.44977e-164          4.28568e-171          5.37103e-178          1.77917e-185          1.24096e-193          7.46343e-202          1.04751e-210          2.96449e-220          1.17293e-229          3.46976e-239          4.72402e-248          5.9809e-256           6.50279e-264          3.80229e-271          1.21434e-277          6.31178e-284          5.7078e-289           7.20807e-294          4.64245e-298          1.08496e-301          1.6919e-304           0                     0                     0                     0                     0                     0                     0                     0                     0                     0                     0                     0                     0                     0                     0                     0                     0                     0                     0                     0                     0                     0                     0                     0                     0                     0                     0                     0                     0                     0                     0                     0                     0                     0                     0                     0                     0                     0                     0                     0                     0                     0                     0                     0                     0                     0                     0                     0                     0                     0                     0                     0                     0                     0                     0                     0                     0                     0                     0                     0                     0                     0                     0                     
12      0.0896150502      0.0821313271         0.0164679929       4.69829e-142          2.7406e-132           2.42895e-125          1.15194e-120          7.58161e-118          1.29853e-116          1.07761e-116          7.43801e-118          6.66735e-120          9.03993e-123          2.39295e-126          1.65753e-130          3.19486e-135          1.74432e-140          4.0439e-146           3.00904e-152          6.08416e-159          9.46097e-166          4.4037e-173           5.52433e-181          7.75399e-189          1.02054e-196          4.29676e-204          1.02769e-210          2.45057e-217          1.83086e-223          7.15904e-229          5.12432e-234          2.98062e-238          2.55151e-242          5.615e-246            7.68062e-249          3.37089e-251          1.74175e-253          1.09484e-254          3.38378e-256          2.57566e-258          1.24995e-258          4.56592e-259          5.69182e-261          3.63448e-261          2.30178e-261          1.44294e-261          8.92846e-262          5.43446e-262          3.22127e-262          1.84488e-262          9.98411e-263          4.81325e-263          1.80987e-263          1.98531e-264          1.56831e-264          1.24315e-264          9.88332e-265          7.87903e-265          6.29402e-265          5.03514e-265          4.03185e-265          3.23383e-265          2.59605e-265          2.08555e-265          1.67698e-265          1.34852e-265          1.08496e-265          8.72852e-266          7.02671e-266          5.65889e-266          4.55562e-266          3.66899e-266          2.95672e-266          2.38139e-266          1.91786e-266          1.54562e-266          1.24473e-266          1.00314e-266          8.0835e-267           6.51408e-267          5.24946e-267          4.22995e-267          3.40705e-267          2.74533e-267          2.21246e-267          1.78285e-267          1.43669e-267          1.15778e-267          9.32917e-268          7.51849e-268          6.05827e-268          4.88231e-268          3.93431e-268          3.17039e-268          2.55493e-268          2.05869e-268          1.65913e-268          1.33691e-268          1.07739e-268          
13      0.10758359        0.09859932           0.0197699582       2.91273e-127          7.29088e-117          2.99465e-109          6.92533e-104          2.33435e-100          2.23076e-98           1.11917e-97           5.00563e-98           3.07133e-99           3.13069e-101          6.90887e-104          4.22345e-107          7.96714e-111          4.88424e-115          1.29843e-119          1.28792e-124          4.25444e-130          1.00181e-135          8.61915e-142          2.52432e-148          7.04097e-155          2.15097e-161          1.57812e-167          4.41863e-173          1.37251e-178          9.19434e-184          2.81796e-188          1.70861e-192          4.70386e-196          1.97304e-199          1.42079e-202          7.18285e-205          7.45989e-207          9.23138e-209          6.43083e-210          4.39258e-211          8.20908e-213          4.00072e-213          1.48015e-213          4.55797e-215          2.91493e-215          1.84979e-215          1.1627e-215           7.22054e-216          4.41711e-216          2.63756e-216          1.52761e-216          8.423e-217            4.21431e-217          1.74904e-217          4.06044e-218          3.20794e-218          2.54306e-218          2.02194e-218          1.612e-218            1.28778e-218          1.03026e-218          8.25001e-219          6.61728e-219          5.31233e-219          4.26776e-219          3.43174e-219          2.75962e-219          2.22029e-219          1.78624e-219          1.43798e-219          1.15807e-219          9.32296e-220          7.50853e-220          6.05087e-220          4.87349e-220          3.92489e-220          3.16309e-220          2.54733e-220          2.05293e-220          1.65429e-220          1.33311e-220          1.0743e-220           8.6566e-221           6.97255e-221          5.61833e-221          4.52781e-221          3.64862e-221          2.9402e-221           2.36941e-221          1.90922e-221          1.53866e-221          1.23983e-221          9.99169e-222          8.05159e-222          6.48822e-222          5.22868e-222          4.21312e-222          3.39543e-222          2.736e-222            2.20489e-222          
14      0.129154967       0.118369278          0.0237339941       5.42084e-115          4.56768e-104          6.72071e-96           5.81787e-90           7.66122e-86           3.06592e-83           6.88828e-82           1.46145e-81           4.4585e-82            2.445e-83             3.14883e-85           1.18782e-87           1.50038e-90           6.84673e-94           1.39895e-97           1.19884e-101          4.01864e-106          9.17456e-111          8.96926e-116          3.59567e-121          1.23078e-126          5.07322e-132          4.02252e-137          8.87354e-142          2.3254e-146           1.0356e-150           1.7331e-154           5.90099e-158          5.9674e-161           9.34072e-164          2.03889e-166          2.70142e-168          5.75471e-170          1.47143e-171          1.21067e-172          1.48516e-173          5.82038e-175          2.85958e-175          1.0833e-175           6.96067e-177          4.46479e-177          2.84433e-177          1.79701e-177          1.12368e-177          6.93934e-178          4.20019e-178          2.48218e-178          1.41341e-178          7.50509e-179          3.56148e-179          1.35413e-179          1.07006e-179          8.48431e-180          6.74675e-180          5.37953e-180          4.29799e-180          3.43878e-180          2.75388e-180          2.20899e-180          1.77345e-180          1.42479e-180          1.14571e-180          9.21343e-181          7.41294e-181          5.96387e-181          4.80117e-181          3.86662e-181          3.11283e-181          2.50703e-181          2.02033e-181          1.62722e-181          1.3105e-181           1.05614e-181          8.50549e-182          6.85467e-182          5.52363e-182          4.45121e-182          3.58707e-182          2.89042e-182          2.32813e-182          1.87596e-182          1.51184e-182          1.21827e-182          9.81731e-183          7.91145e-183          6.37488e-183          5.13759e-183          4.13979e-183          3.33622e-183          2.68842e-183          2.16641e-183          1.74585e-183          1.40676e-183          1.13373e-183          9.13548e-184          7.36214e-184          
15      0.155051578       0.142103272          0.0284928511       7.98908e-105          1.85089e-93           7.87472e-85           2.04713e-78           8.40086e-74           1.10851e-70           8.68223e-69           6.73798e-68           7.83117e-68           1.74699e-68           9.76532e-70           1.6836e-71            1.03781e-73           2.50965e-76           2.81912e-79           1.45535e-82           3.33561e-86           5.0883e-90            3.76988e-94           1.32707e-98           3.72665e-103          1.32097e-107          7.60355e-112          9.51136e-116          1.46503e-119          3.32132e-123          2.27509e-126          3.10441e-129          9.35126e-132          4.34763e-134          2.5554e-136           7.03102e-138          2.72833e-139          1.2738e-140           1.30784e-141          2.42519e-142          1.74213e-143          8.67405e-144          3.41164e-144          3.94686e-145          2.54436e-145          1.63143e-145          1.03946e-145          6.57292e-146          4.12057e-146          2.54677e-146          1.5506e-146           9.23299e-147          5.28077e-147          2.87322e-147          1.47167e-147          1.16337e-147          9.22703e-148          7.33929e-148          5.8532e-148           4.67723e-148          3.74275e-148          2.99768e-148          2.40478e-148          1.93078e-148          1.55128e-148          1.24748e-148          1.00323e-148          8.07204e-149          6.49434e-149          5.22834e-149          4.21069e-149          3.3899e-149           2.7302e-149           2.20018e-149          1.7721e-149           1.42719e-149          1.15018e-149          9.26295e-150          7.46511e-150          6.01554e-150          4.84761e-150          3.90652e-150          3.14782e-150          2.53549e-150          2.04304e-150          1.64649e-150          1.32678e-150          1.06917e-150          8.61611e-151          6.94268e-151          5.59519e-151          4.50851e-151          3.63337e-151          2.92787e-151          2.35937e-151          1.90135e-151          1.53206e-151          1.23471e-151          9.94916e-152          8.01786e-152          
16      0.186140669       0.170596123          0.0342058974       2.09195e-96           1.12569e-84           1.15888e-75           7.52951e-69           7.97334e-64           2.84256e-60           6.29881e-58           1.43985e-56           5.10598e-56           3.66902e-56           6.96057e-57           4.26487e-58           9.85478e-60           9.53256e-62           4.44639e-64           1.02446e-66           1.15754e-69           8.64276e-73           3.46327e-76           7.40454e-80           1.21673e-83           2.55525e-87           7.66594e-91           4.13147e-94           2.77079e-97           2.50944e-100          5.5806e-103           2.33328e-105          1.75932e-107          2.00824e-109          2.77216e-111          1.35468e-112          8.67701e-114          6.66991e-115          8.80552e-116          2.1763e-116           2.55518e-117          1.29728e-117          5.37276e-118          9.8536e-119           6.39992e-119          4.14293e-119          2.67212e-119          1.71658e-119          1.09849e-119          6.97832e-120          4.4086e-120           2.76262e-120          1.7033e-120           1.03787e-120          6.31693e-121          4.99641e-121          3.96466e-121          3.15478e-121          2.51679e-121          2.01166e-121          1.61009e-121          1.28981e-121          1.03486e-121          8.30971e-122          6.67708e-122          5.3698e-122           4.31869e-122          3.47502e-122          2.79595e-122          2.25099e-122          1.81288e-122          1.45954e-122          1.17553e-122          9.47318e-123          7.63014e-123          6.14519e-123          4.95245e-123          3.98849e-123          3.21437e-123          2.5902e-123           2.08731e-123          1.68209e-123          1.35541e-123          1.09176e-123          8.7972e-124           7.08967e-124          5.71302e-124          4.60377e-124          3.71003e-124          2.98947e-124          2.40925e-124          1.94133e-124          1.5645e-124           1.26072e-124          1.01593e-124          8.18709e-125          6.59692e-125          5.31657e-125          4.28403e-125          3.45243e-125          
17      0.223463373       0.204802021          0.0410644554       1.90821e-89           2.07205e-77           4.45068e-68           6.20193e-61           1.44773e-55           1.18124e-51           6.22273e-49           3.49806e-47           3.1449e-46            5.9908e-46            3.14381e-46           5.54652e-47           3.85552e-48           1.18159e-49           1.80923e-51           1.44942e-53           6.15772e-56           1.7343e-58            2.83774e-61           2.71397e-64           1.96367e-67           1.79677e-70           2.13211e-73           3.92985e-76           8.94915e-79           2.60607e-81           1.55541e-83           1.61527e-85           2.63628e-87           6.30974e-89           1.7887e-90            1.39074e-91           1.35478e-92           1.57262e-93           2.67795e-94           8.12503e-95           1.4154e-95            7.37343e-96           3.25202e-96           8.49813e-97           5.57572e-97           3.6553e-97            2.39512e-97           1.56936e-97           1.02941e-97           6.74763e-98           4.43416e-98           2.92063e-98           1.92164e-98           1.27206e-98           8.55607e-99           6.7727e-99            5.37762e-99           4.28143e-99           3.41707e-99           2.73222e-99           2.18747e-99           1.75279e-99           1.40659e-99           1.12964e-99           9.07818e-100          7.30145e-100          5.87276e-100          4.7258e-100           3.80258e-100          3.06155e-100          2.46573e-100          1.98525e-100          1.59897e-100          1.28855e-100          1.03789e-100          8.35914e-101          6.73669e-101          5.42556e-101          4.37252e-101          3.52347e-101          2.83938e-101          2.28815e-101          1.84377e-101          1.48517e-101          1.19671e-101          9.64433e-102          7.77162e-102          6.26268e-102          5.04689e-102          4.06668e-102          3.27738e-102          2.64086e-102          2.12825e-102          1.715e-102            1.382e-102            1.11372e-102          8.97402e-103          7.23232e-103          5.82772e-103          4.69647e-103          
18      0.26826958        0.245866476          0.0492982096       1.06252e-83           2.07067e-71           8.20329e-62           2.15824e-54           9.73751e-49           1.58354e-44           1.71563e-41           2.04063e-39           3.985e-38             1.71057e-37           2.09452e-37           8.92413e-38           1.55336e-38           1.2429e-39            5.13194e-41           1.16119e-42           1.48203e-44           1.26596e-46           6.69191e-49           2.22152e-51           5.56931e-54           1.72357e-56           6.42913e-59           3.33483e-61           2.09859e-63           1.62509e-65           2.22039e-67           4.85971e-69           1.5192e-70            6.69494e-72           3.45325e-73           3.93627e-74           5.44724e-75           8.88572e-76           1.92124e-76           6.80323e-77           1.62265e-77           8.72054e-78           4.12195e-78           1.40821e-78           9.35637e-79           6.22839e-79           4.1575e-79            2.78566e-79           1.87661e-79           1.26996e-79           8.66349e-80           5.95986e-80           4.12664e-80           2.89266e-80           2.06495e-80           1.63615e-80           1.30018e-80           1.03586e-80           8.27179e-81           6.61694e-81           5.29962e-81           4.24791e-81           3.40973e-81           2.7389e-81            2.20144e-81           1.77078e-81           1.42445e-81           1.14635e-81           9.22477e-82           7.42751e-82           5.9822e-82            4.81674e-82           3.87964e-82           3.12647e-82           2.51833e-82           2.02833e-82           1.63464e-82           1.31654e-82           1.06101e-82           8.54985e-83           6.88989e-83           5.55231e-83           4.47398e-83           3.60392e-83           2.90396e-83           2.34031e-83           1.88587e-83           1.51971e-83           1.22469e-83           9.86826e-84           7.95295e-84           6.40835e-84           5.16444e-84           4.16165e-84           3.35359e-84           2.70257e-84           2.17765e-84           1.755e-84             1.41416e-84           1.13965e-84           
19      0.322059792       0.295164686          0.0591828978       5.76311e-79           1.82809e-66           1.20548e-56           5.38458e-49           4.20771e-43           1.2154e-38            2.40018e-35           5.32942e-33           1.98704e-31           1.6784e-30            4.16194e-30           3.69754e-30           1.38297e-30           2.45997e-31           2.32362e-32           1.2488e-33            3.97554e-35           8.58032e-37           1.20531e-38           1.12542e-40           7.98844e-43           6.78672e-45           6.57194e-47           8.13428e-49           1.19255e-50           2.08674e-52           5.70902e-54           2.31243e-55           1.24859e-56           9.10733e-58           7.69983e-59           1.20726e-59           2.24195e-60           4.84182e-61           1.29594e-61           5.19186e-62           1.58797e-62           8.83871e-63           4.48225e-63           1.87241e-63           1.2623e-63            8.54866e-64           5.82216e-64           3.99268e-64           2.76164e-64           1.92542e-64           1.35719e-64           9.6719e-65            6.95704e-65           5.07047e-65           3.75537e-65           2.97897e-65           2.36953e-65           1.88933e-65           1.50968e-65           1.20829e-65           9.68166e-66           7.76327e-66           6.23325e-66           5.00805e-66           4.02609e-66           3.23891e-66           2.60577e-66           2.09725e-66           1.68784e-66           1.35909e-66           1.09466e-66           8.81456e-67           7.09991e-67           5.72158e-67           4.60881e-67           3.71217e-67           2.99166e-67           2.40956e-67           1.94189e-67           1.56482e-67           1.26101e-67           1.0162e-67            8.1884e-68            6.59622e-68           5.31509e-68           4.28343e-68           3.45169e-68           2.78151e-68           2.24153e-68           1.80617e-68           1.45562e-68           1.17291e-68           9.4524e-69            7.61701e-69           6.13803e-69           4.94647e-69           3.98572e-69           3.21216e-69           2.58833e-69           2.08589e-69           
20      0.386635375       0.354347584          0.0710495457       4.49453e-75           2.13914e-62           2.15573e-52           1.49635e-44           1.84808e-38           8.6137e-34            2.80408e-30           1.04713e-27           6.6933e-26            9.93652e-25           4.43471e-24           7.26768e-24           5.14151e-24           1.77861e-24           3.34979e-25           3.70143e-26           2.51903e-27           1.17892e-28           3.73968e-30           8.24856e-32           1.39866e-33           2.74605e-35           5.88635e-37           1.51196e-38           4.48204e-40           1.54445e-41           7.55753e-43           5.10307e-44           4.35994e-45           4.8239e-46            6.12293e-47           1.25445e-47           2.98057e-48           8.11273e-49           2.61281e-49           1.16037e-49           4.31851e-50           2.4948e-50            1.35308e-50           6.57088e-51           4.50075e-51           3.10391e-51           2.1576e-51            1.51347e-51           1.07277e-51           7.67806e-52           5.56113e-52           4.07381e-52           3.0132e-52            2.25554e-52           1.71066e-52           1.35873e-52           1.08191e-52           8.63424e-53           6.90412e-53           5.52899e-53           4.43235e-53           3.55559e-53           2.85574e-53           2.29499e-53           1.84539e-53           1.48479e-53           1.19472e-53           9.61671e-54           7.74025e-54           6.23308e-54           5.02054e-54           4.043e-54             3.25665e-54           2.62442e-54           2.11409e-54           1.70286e-54           1.37234e-54           1.10536e-54           8.90822e-55           7.17842e-55           5.78472e-55           4.6617e-55            3.75634e-55           3.02605e-55           2.43833e-55           1.96505e-55           1.58348e-55           1.27603e-55           1.02831e-55           8.28593e-56           6.67773e-56           5.3808e-56            4.33634e-56           3.49435e-56           2.81586e-56           2.26922e-56           1.82847e-56           1.4736e-56            1.18741e-56           9.56914e-57           
21      0.464158883       0.425397129          0.0852955522       6.97025e-72           4.65129e-59           6.67213e-49           6.68556e-41           1.20913e-34           8.39461e-30           4.14309e-26           2.38534e-23           2.38948e-21           5.67407e-20           4.13131e-19           1.12757e-18           1.35656e-18           8.16534e-19           2.73374e-19           5.5068e-20            7.04892e-21           6.29437e-22           3.93638e-23           1.77446e-24           6.23099e-26           2.45229e-27           1.01899e-28           4.82702e-30           2.57202e-31           1.55554e-32           1.23797e-33           1.27966e-34           1.6063e-35            2.50974e-36           4.44689e-37           1.14121e-37           3.33322e-38           1.09803e-38           4.13928e-39           2.00794e-39           8.72368e-40           5.23278e-40           3.01761e-40           1.64092e-40           1.14268e-40           8.0255e-41            5.69006e-41           4.0759e-41            2.95244e-41           2.1605e-41            1.59943e-41           1.19669e-41           9.03359e-42           6.88919e-42           5.30867e-42           4.22228e-42           3.36584e-42           2.68865e-42           2.1515e-42            1.72403e-42           1.38278e-42           1.10974e-42           8.91607e-43           7.16719e-43           5.7644e-43            4.63871e-43           3.73304e-43           3.00519e-43           2.41908e-43           1.94818e-43           1.56926e-43           1.26381e-43           1.01804e-43           8.20403e-44           6.60896e-44           5.32359e-44           4.29031e-44           3.45578e-44           2.78505e-44           2.24425e-44           1.80853e-44           1.45743e-44           1.17438e-44           9.46098e-45           7.62345e-45           6.14374e-45           4.95077e-45           3.98952e-45           3.21503e-45           2.5906e-45            2.0878e-45            1.68231e-45           1.35576e-45           1.09251e-45           8.80379e-46           7.09474e-46           5.71673e-46           4.60722e-46           3.71244e-46           2.9918e-46            
22      0.55722648        0.510692681          0.102397998        2.81508e-69           2.48949e-56           4.79175e-46           6.51887e-38           1.62009e-31           1.5675e-26            1.09396e-22           9.03235e-20           1.31565e-17           4.61998e-16           5.05656e-15           2.11071e-14           3.952e-14             3.77277e-14           2.04021e-14           6.7775e-15            1.46716e-15           2.24604e-16           2.47282e-17           2.01997e-18           1.30297e-19           9.13804e-21           6.59009e-22           5.21166e-23           4.52591e-24           4.36523e-25           5.21611e-26           7.69397e-27           1.33274e-27           2.77268e-28           6.45983e-29           2.00453e-29           6.95947e-30           2.68369e-30           1.15488e-30           6.04753e-31           2.96917e-31           1.84734e-31           1.12472e-31           6.66226e-32           4.71657e-32           3.37148e-32           2.43471e-32           1.77705e-32           1.31146e-32           9.77409e-33           7.36245e-33           5.59814e-33           4.28984e-33           3.31516e-33           2.58291e-33           2.05718e-33           1.64178e-33           1.31271e-33           1.05124e-33           8.42894e-34           6.76402e-34           5.43083e-34           4.36479e-34           3.50956e-34           2.82329e-34           2.27229e-34           1.82892e-34           1.4725e-34            1.18545e-34           9.54761e-35           7.69087e-35           6.19433e-35           4.98994e-35           4.02123e-35           3.23952e-35           2.60957e-35           2.10307e-35           1.69406e-35           1.36526e-35           1.10015e-35           8.86557e-36           7.14444e-36           5.7569e-36            4.63803e-36           3.73722e-36           3.01183e-36           2.427e-36             1.95577e-36           1.57609e-36           1.26998e-36           1.0235e-36            8.24716e-37           6.64631e-37           5.35579e-37           4.31586e-37           3.47804e-37           2.8025e-37            2.25858e-37           1.81994e-37           1.46666e-37           
23      0.668954879       0.613090679          0.122929621        3.7036e-67            4.14236e-54           1.01875e-43           1.78832e-35           5.79285e-29           7.39035e-24           6.88312e-20           7.67381e-17           1.52702e-14           7.42795e-13           1.14162e-11           6.78856e-11           1.83727e-10           2.57528e-10           2.07659e-10           1.04644e-10           3.50699e-11           8.41676e-12           1.48444e-12           1.98833e-13           2.13083e-14           2.41552e-15           2.75728e-16           3.34763e-17           4.36716e-18           6.20366e-19           1.04084e-19           2.0666e-20            4.68578e-21           1.23661e-21           3.60736e-22           1.31385e-22           5.27139e-23           2.31525e-23           1.11275e-23           6.22709e-24           3.36862e-24           2.16937e-24           1.38424e-24           8.7527e-25            6.29614e-25           4.5753e-25            3.35936e-25           2.49238e-25           1.8685e-25            1.41347e-25           1.07938e-25           8.30923e-26           6.4389e-26            5.02413e-26           3.94535e-26           3.14658e-26           2.51401e-26           2.01199e-26           1.61243e-26           1.29364e-26           1.03863e-26           8.34278e-27           6.70733e-27           5.39448e-27           4.34058e-27           3.49398e-27           2.81265e-27           2.26476e-27           1.82347e-27           1.46873e-27           1.18315e-27           9.52997e-28           7.6773e-28            6.18688e-28           4.98436e-28           4.01526e-28           3.23592e-28           2.60669e-28           2.10076e-28           1.69283e-28           1.36417e-28           1.09933e-28           8.85829e-29           7.13692e-29           5.75078e-29           4.63455e-29           3.73463e-29           3.00951e-29           2.42527e-29           1.95423e-29           1.57494e-29           1.26906e-29           1.02272e-29           8.2414e-30            6.64117e-30           5.35194e-30           4.31244e-30           3.47547e-30           2.8005e-30            2.25687e-30           
24      0.803085722       0.7360203            0.147578001        1.91031e-65           2.59987e-52           7.84567e-42           1.70379e-33           6.88525e-27           1.10632e-21           1.31065e-17           1.87689e-14           4.84451e-12           3.09183e-10           6.30539e-09           5.03505e-08           1.85226e-07           3.57509e-07           4.0215e-07            2.86742e-07           1.38244e-07           4.82704e-08           1.26059e-08           2.54797e-09           4.17063e-10           7.04803e-11           1.17934e-11           2.04868e-12           3.75126e-13           7.34748e-14           1.63636e-14           4.16548e-15           1.18262e-15           3.80354e-16           1.33477e-16           5.56415e-17           2.51946e-17           1.2323e-17            6.49258e-18           3.84854e-18           2.24905e-18           1.49503e-18           9.92874e-19           6.6019e-19            4.82083e-19           3.55622e-19           2.64971e-19           1.99363e-19           1.51427e-19           1.1594e-19            8.94971e-20           6.9555e-20            5.43556e-20           4.27163e-20           3.37384e-20           2.69429e-20           2.15495e-20           1.72617e-20           1.38433e-20           1.11127e-20           8.9264e-21            7.17305e-21           5.76869e-21           4.64068e-21           3.73482e-21           3.00679e-21           2.4208e-21            1.94944e-21           1.56975e-21           1.26447e-21           1.01864e-21           8.20543e-22           6.61048e-22           5.32717e-22           4.2919e-22            3.45756e-22           2.78647e-22           2.24471e-22           1.80903e-22           1.45776e-22           1.17473e-22           9.46673e-23           7.62818e-23           6.14606e-23           4.95236e-23           3.99111e-23           3.21613e-23           2.59168e-23           2.08855e-23           1.68291e-23           1.35628e-23           1.09287e-23           8.80733e-24           7.09719e-24           5.71914e-24           4.6089e-24            3.71372e-24           2.99295e-24           2.41169e-24           1.94354e-24           
25      0.96411088        0.883598301          0.177168579        4.50193e-64           7.22116e-51           2.58604e-40           6.70988e-32           3.26247e-25           6.3567e-20            9.20651e-16           1.62487e-12           5.21138e-10           4.17174e-08           1.07713e-06           1.0998e-05            5.22565e-05           0.000131677           0.000195486           0.000186134           0.000121461           5.79746e-05           2.09968e-05           5.97695e-06           1.39286e-06           3.28102e-07           7.54945e-08           1.76876e-08           4.29576e-09           1.09847e-09           3.09833e-10           9.7081e-11            3.32511e-11           1.26068e-11           5.151e-12             2.40579e-12           1.20522e-12           6.44405e-13           3.66395e-13           2.28239e-13           1.41882e-13           9.70507e-14           6.66642e-14           4.60958e-14           3.41284e-14           2.55163e-14           1.92563e-14           1.46614e-14           1.12571e-14           8.70333e-15           6.77594e-15           5.30518e-15           4.1727e-15            3.2969e-15            2.61526e-15           2.09105e-15           1.67413e-15           1.34213e-15           1.07704e-15           8.65057e-16           6.95172e-16           5.58836e-16           4.49554e-16           3.61729e-16           2.91176e-16           2.34447e-16           1.8878e-16            1.52037e-16           1.22437e-16           9.86317e-17           7.94589e-17           6.40107e-17           5.15702e-17           4.15587e-17           3.34834e-17           2.69751e-17           2.17394e-17           1.75133e-17           1.41141e-17           1.13734e-17           9.16528e-18           7.38596e-18           5.95152e-18           4.79533e-18           3.86397e-18           3.11398e-18           2.50931e-18           2.0221e-18            1.62955e-18           1.31306e-18           1.05821e-18           8.52685e-19           6.87172e-19           5.53743e-19           4.46223e-19           3.59599e-19           2.89755e-19           2.33518e-19           1.88166e-19           1.5164e-19            
26      1.15742288        1.06076688           0.212692307        5.50165e-63           1.01293e-49           4.18747e-39           1.26132e-30           7.16115e-24           1.63978e-18           2.8098e-14            5.90667e-11           2.27182e-08           2.19779e-06           6.91087e-05           0.000866414           0.0050971             0.0160438             0.0300231             0.0363847             0.0305525             0.0189278             0.00900295            0.00340823            0.00106639            0.000331165           9.93522e-05           2.98794e-05           9.18217e-06           2.92974e-06           1.00628e-06           3.7509e-07            1.50235e-07           6.53202e-08           3.02545e-08           1.55482e-08           8.47529e-09           4.87865e-09           2.95459e-09           1.92066e-09           1.25478e-09           8.80376e-10           6.2207e-10            4.43558e-10           3.32531e-10           2.51579e-10           1.91953e-10           1.47617e-10           1.14352e-10           8.91093e-11           6.9848e-11            5.50049e-11           4.34797e-11           3.44959e-11           2.74541e-11           2.19756e-11           1.76102e-11           1.41285e-11           1.13447e-11           9.1162e-12            7.32884e-12           5.89355e-12           4.74229e-12           3.81661e-12           3.07274e-12           2.47437e-12           1.99263e-12           1.60494e-12           1.29259e-12           1.04133e-12           8.38935e-13           6.7587e-13            5.44531e-13           4.38819e-13           3.53562e-13           2.84847e-13           2.2956e-13            1.84939e-13           1.49045e-13           1.20103e-13           9.6785e-14            7.79955e-14           6.28478e-14           5.06399e-14           4.08046e-14           3.28844e-14           2.6499e-14            2.1354e-14            1.72085e-14           1.38662e-14           1.11749e-14           9.00459e-15           7.25672e-15           5.84767e-15           4.71224e-15           3.79746e-15           3.05989e-15           2.46602e-15           1.98709e-15           1.60136e-15           
27      1.38949549        1.27345919           0.255338828        3.87306e-62           8.00681e-49           3.73422e-38           1.27495e-29           8.24481e-23           2.16186e-17           4.26552e-13           1.03828e-09           4.65034e-07           5.27222e-05           0.00195528            0.0291074             0.204739              0.776169              1.76254               2.61278               2.7078                2.0857                1.24538               0.597934              0.239234              0.0935249             0.035002              0.0129659             0.00484795            0.00185917            0.000752569           0.000324327           0.000148009           7.21265e-05           3.70501e-05           2.06333e-05           1.20685e-05           7.38549e-06           4.71271e-06           3.17723e-06           2.16072e-06           1.55016e-06           1.12149e-06           8.19349e-07           6.21136e-07           4.74796e-07           3.65673e-07           2.83569e-07           2.2128e-07            1.73535e-07           1.36764e-07           1.08195e-07           8.58597e-08           6.83377e-08           5.45266e-08           4.36898e-08           3.50396e-08           2.8131e-08            2.26003e-08           1.81687e-08           1.46117e-08           1.17538e-08           9.45996e-09           7.61479e-09           6.1316e-09            4.93808e-09           3.97709e-09           3.20355e-09           2.58028e-09           2.07883e-09           1.67482e-09           1.34936e-09           1.08717e-09           8.76113e-10           7.05914e-10           5.68735e-10           4.58347e-10           3.69265e-10           2.97595e-10           2.39808e-10           1.93249e-10           1.55732e-10           1.25487e-10           1.01115e-10           8.14759e-11           6.56615e-11           5.29115e-11           4.26382e-11           3.43607e-11           2.76872e-11           2.23134e-11           1.79798e-11           1.44898e-11           1.16763e-11           9.40909e-12           7.58253e-12           6.10978e-12           4.92398e-12           3.96769e-12           3.1975e-12            
28      1.66810054        1.52879802           0.306536321        1.71486e-61           3.90796e-48           2.01706e-37           7.65179e-29           5.52052e-22           1.62212e-16           3.60318e-12           9.91997e-09           5.04931e-06           0.000653991           0.0278561             0.478938              3.9132                17.3366               46.2947               81.2351               100.387               92.7788               66.9973               39.2274               19.2749               9.13055               4.10958               1.81185               0.797886              0.356578              0.16554               0.0805426             0.0409825             0.0219627             0.0122901             0.00732197            0.00454228            0.0029246             0.00194876            0.00135524            0.00095217            0.00069647            0.000513875           0.00038279            0.000293048           0.000226008           0.000175451           0.000137008           0.000107557           8.47873e-05           6.71132e-05           5.32875e-05           4.24179e-05           3.38463e-05           2.70601e-05           2.17015e-05           1.74175e-05           1.39918e-05           1.12462e-05           9.0445e-06            7.27612e-06           5.85457e-06           4.71298e-06           3.79432e-06           3.05569e-06           2.46113e-06           1.98236e-06           1.5969e-06            1.2863e-06            1.03637e-06           8.34979e-07           6.7275e-07            5.42043e-07           4.36814e-07           3.51964e-07           2.83574e-07           2.28534e-07           1.84122e-07           1.48386e-07           1.19572e-07           9.63571e-08           7.76507e-08           6.257e-08             5.04186e-08           4.06262e-08           3.27407e-08           2.63832e-08           2.12606e-08           1.71332e-08           1.38056e-08           1.11261e-08           8.96522e-09           7.225e-09             5.82211e-09           4.69164e-09           3.78086e-09           3.04651e-09           2.45523e-09           1.9784e-09            1.59436e-09           
29      2.00256814        1.83533434           0.367999323        5.14115e-61           1.27163e-47           7.14739e-37           2.96255e-28           2.34346e-21           7.57793e-16           1.8596e-11            5.67823e-08           3.21842e-05           0.0046622             0.223086              4.32902               40.1126               202.549               619.684               1252.65               1793.97               1931.7                1635.72               1130.75               659.909               367.039               192.757               98.3105               49.6366               25.2005               13.1185               7.06484               3.93684               2.28395               1.37205               0.865055              0.563703              0.378615              0.26151               0.186721              0.13472               0.100203              0.0751527             0.0568624             0.0439059             0.0341214             0.0266668             0.0209449             0.0165243             0.0130811             0.0103908             0.00827444            0.00660284            0.00527909            0.00422734            0.0033929             0.00272487            0.0021901             0.00176108            0.00141678            0.00114009            0.000917565           0.000738782           0.000594861           0.000479119           0.000385925           0.000310875           0.000250442           0.000201743           0.000162551           0.000130966           0.000105525           8.50242e-05           6.85181e-05           5.52098e-05           4.44828e-05           3.5849e-05            2.88828e-05           2.3277e-05            1.87571e-05           1.51154e-05           1.21809e-05           9.81524e-06           7.90923e-06           6.37309e-06           5.13607e-06           4.13877e-06           3.33518e-06           2.68771e-06           2.1657e-06            1.74537e-06           1.40639e-06           1.1334e-06            9.13323e-07           7.35984e-07           5.93109e-07           4.7791e-07            3.85156e-07           3.10355e-07           2.5011e-07            
30      2.40409918        2.20333366           0.441786153        1.11068e-60           2.94287e-47           1.77688e-36           7.9343e-28            6.7812e-21            2.37666e-15           6.34182e-11           2.11262e-07           0.00013108            0.0208622             1.10087               23.651                243.6                 1373.06               4709.58               10722                 17379.7               21276.6               20593.4               16363.7               11032.8               7020                  4195.41               2417.68               1368.78               773.079               442.925               259.725               156.165               96.8129               61.6929               40.7931               27.6995               19.2717               13.7145               10.0138               7.38416               5.5717                4.23619               3.24598               2.52506               1.9752                1.55242               1.22524               0.970596              0.771011              0.614201              0.490258              0.391992              0.313906              0.251687              0.202146              0.162436              0.130618              0.105069              0.0845519             0.0680558             0.0547842             0.0441167             0.0355267             0.0286173             0.0230525             0.0185708             0.0149615             0.0120529             0.00971171            0.00782479            0.00630497            0.00508019            0.00409395            0.00329884            0.00265794            0.00214205            0.00172584            0.00139087            0.00112079            0.00090319            0.000727848           0.000586491           0.000472609           0.000380818           0.000306902           0.000247308           0.000199291           0.000160602           0.00012941            0.000104293           8.40375e-05           6.77251e-05           5.45748e-05           4.39781e-05           3.54407e-05           2.85571e-05           2.30147e-05           1.8545e-05            1.49451e-05           
31      2.88614044        2.64511981           0.530367836        1.82284e-60           5.11648e-47           3.28045e-36           1.55923e-27           1.42207e-20           5.33267e-15           1.52668e-10           5.47181e-07           0.000366327           0.0631044             3.61549               84.6135               952.578               5889.53               22239.8               55955.4               100651                137262                148653                132785                101074                72001.2               47963.4               30625.1               19087.5               11787.1               7318.74               4609.66               2954.11               1936.09               1295.95               891.962               626.937               449.223               327.744               243.891               183.102               139.87                107.563               83.2738               65.1965               51.284                40.4998               32.0936               25.5098               20.3218               16.2267               12.9771               10.3927               8.33322               6.68838               5.37511               4.32133               3.47625               2.79716               2.25153               1.81264               1.45942               1.1754                0.94664               0.762602              0.614347              0.494941              0.398766              0.321257              0.258863              0.208571              0.168065              0.135419              0.10913               0.0879364             0.0708532             0.057101              0.0460067             0.0370773             0.0298776             0.0240769             0.0194027             0.0156344             0.0125988             0.0101519             0.00818138            0.00659275            0.00531269            0.00428133            0.0034498             0.00278024            0.00224027            0.00180541            0.00145485            0.00117237            0.000944779           0.000761275           0.000613525           0.000494372           0.000398406           
32      3.46483486        3.17548765           0.636710861        2.37748e-60           7.00221e-47           4.72039e-36           2.36396e-27           2.27649e-20           9.03415e-15           2.7435e-10            1.04554e-06           0.000746095           0.137353              8.43251               212.057               2572.66               17192.1               70386.5               192624                378180                564752                672239                662563                558506                437479                319262                222217                150150                99934.4               66388.3               44406.2               30023.3               20617.4               14380                 10237.4               7407.34               5440.23               4052.55               3064.64               2335.22               1802.74               1399.62               1092.78               860.3                 679.936               539.121               428.668               341.689               272.84                218.278               174.842               140.206               112.54                90.4021               72.6894               58.4635               47.0467               37.8663               30.4867               24.5483               19.7678               15.9226               12.8249               10.3324               8.32413               6.70658               5.4036                4.35346               3.50803               2.82652               2.27766               1.83526               1.47897               1.19177               0.960256              0.773876              0.623525              0.502506              0.404929              0.326312              0.262963              0.211892              0.170753              0.137589              0.110883              0.0893522             0.0720035             0.0580253             0.0467556             0.0376809             0.0303626             0.024469              0.0197178             0.0158892             0.0128047             0.0103176             0.00831517            0.00670027            0.00539964            
33      4.15956216        3.81219851           0.764376519        2.56176e-60           7.85188e-47           5.51822e-36           2.8862e-27            2.90818e-20           1.20992e-14           3.85974e-10           1.54835e-06           0.00116551            0.226842              14.7568               394.158               5091.48               36319.1               159141                467389                987646                1.59188e+06           2.05154e+06           2.19636e+06           2.01733e+06           1.71147e+06           1.34859e+06           1.00932e+06           729925                517364                363794                255975                181036                129299                93343.1               68373.1               50693.8               38010.5               28812.8               22088.3               17040.1               13273.4               10387.9               8167.28               6460.42               5126.62               4078.73               3252.3                2598.48               2078.94               1665.85               1336.09               1072.56               861.666               692.645               557.184               448.302               360.865               290.516               233.942               188.403               151.734               122.232               98.4593               79.3292               63.9132               51.4959               41.4924               33.4299               26.9386               21.7054               17.4909               14.0938               11.3577               9.1522                7.3744                5.94308               4.78849               3.8591                3.10974               2.50598               2.01948               1.62727               1.31135               1.05666               0.85156               0.686207              0.552972              0.445622              0.359073              0.289381              0.233179              0.187917              0.151429              0.122026              0.0983374             0.0792374             0.0638588             0.0514567             0.0414681             
34      4.99358789        4.57657503           0.91764017         2.35811e-60           7.46837e-47           5.43171e-36           2.9446e-27            3.08021e-20           1.33261e-14           4.4284e-10            1.85383e-06           0.00145889            0.297418              20.3061               570.398               7764.9                58499.9               271337                845511                1.90032e+06           3.26559e+06           4.49889e+06           5.16293e+06           5.09676e+06           4.62397e+06           3.88629e+06           3.09165e+06           2.36728e+06           1.769e+06             1.30481e+06           958081                703748                519502                386030                289641                219203                167244                128641                99764.8               77758.6               61035.9               48088.5               38027.7               30203.1               24049.8               19188.9               15337.3               12278                 9839.05               7894.43               6338.5                5092.85               4094.35               3293.08               2650.08               2132.88               1717.32               1382.82               1113.72               897.042               722.532               582.098               468.918               377.832               304.42                245.285               197.643               159.243               128.324               103.396               83.3218               67.1393               54.1053               43.5993               35.1305               28.3119               22.8119               18.3843               14.8145               11.9382               9.62058               7.75215               6.24719               5.03385               4.05678               3.26905               2.63433               2.12292               1.7106                1.3786                1.11085               0.895224              0.721397              0.581324              0.468473              0.377482              0.30422               0.245137              0.197552              
35      5.9948425         5.4942152            1.10163442         1.90877e-60           6.2084e-47            4.64324e-36           2.59192e-27           2.79569e-20           1.24897e-14           4.29225e-10           1.86109e-06           0.00151937            0.321863              22.8734               669.958               9527.02               75117.4               365343                1.19615e+06           2.83062e+06           5.13222e+06           7.47677e+06           9.09464e+06           9.538e+06             9.15408e+06           8.1217e+06            6.80095e+06           5.46348e+06           4.26796e+06           3.27708e+06           2.49412e+06           1.89128e+06           1.43543e+06           1.09279e+06           836703                644255                498776                388378                304161                239109                188912                149678                118932                94788.8               75697.2               60543.4               48487.8               38879.7               31198.5               25059.8               20138.6               16192.9               13025.7               10481.5               8437.72               6792.81               5470.54               4405.72               3548.85               2858.74               2302.83               1855.38               1494.72               1204.43               970.446               781.959               630.092               507.684               409.117               329.647               265.65                214.058               172.502               139.007               112.008               90.2676               72.7323               58.6157               47.2337               38.0633               30.6738               24.7166               19.9184               16.0498               12.9345               10.423                8.39923               6.76866               5.45405               4.39548               3.54181               2.85431               2.30009               1.85348               1.49367               1.20356               0.969967              0.781589              0.629869              
36      7.19685673        6.59584962           1.322521           1.39255e-60           4.62753e-47           3.53978e-36           2.02328e-27           2.23723e-20           1.02588e-14           3.62332e-10           1.61674e-06           0.00136012            0.297334              21.8373               662.025               9759.36               79899.9               404181                1.37874e+06           3.40552e+06           6.45648e+06           9.85447e+06           1.25835e+07           1.38813e+07           1.39645e+07           1.2964e+07            1.13323e+07           9.47724e+06           7.6839e+06            6.10217e+06           4.78621e+06           3.7276e+06            2.89586e+06           2.2498e+06            1.75218e+06           1.36888e+06           1.07284e+06           844002                666468                527684                419214                333718                266224                212809                170366                136537                109533                87948.3               70652.5               56802.4               45681.5               36753.5               29579.3               23811.1               19173.6               15439.2               12436.2               10017                 8069.76               6501.16               5237.39               4220                  3399.85               2739.69               2207.51               1778.8                1433.36               1154.93               930.713               749.929               604.348               486.981               392.441               316.243               254.82                205.361               165.469               133.353               107.459               86.5954               69.7841               56.2312               45.3154               36.5142               29.4268               23.7128               19.1087               15.3991               12.4083               9.99997               8.05781               6.49372               5.23282               4.21677               3.39818               2.73816               2.20673               1.77816               1.43299               
37      8.63988449        7.91837061           1.58769711         9.34786e-61           3.16001e-47           2.46119e-36           1.4337e-27            1.61725e-20           7.57301e-15           2.73435e-10           1.24865e-06           0.00107631            0.241374              18.2084               567.725               8619.1                72772.8               380197                1.34145e+06           3.43253e+06           6.75219e+06           1.07109e+07           1.42392e+07           1.63815e+07           1.71375e+07           1.65215e+07           1.49688e+07           1.29458e+07           1.0827e+07            8.84392e+06           7.11367e+06           5.66547e+06           4.488e+06             3.54637e+06           2.80172e+06           2.21559e+06           1.75435e+06           1.39204e+06           1.10689e+06           881624                703670                562373                450117                360709                289367                232305                186620                150016                120627                97053.9               78100.2               62868                 50616.7               40759.1               32828.6               26440                 21300.6               17159.2               13824.9               11138.5               8973.93               7231.1                5825.99               4694.9                3783.01               3048.41               2456.46               1979.32               1595.08               1285.25               1035.76               834.619               672.592               542.001               436.732               351.965               283.596               228.553               184.173               148.416               119.603               96.3744               77.6664               62.5819               50.4348               40.6415               32.7505               26.3926               21.2666               17.139                13.8103               11.1296               8.96856               7.22715               5.82416               4.69294               3.78212               3.04759               2.45601               
38      10.372251         9.50606772           1.90604318         5.87262e-61           2.01242e-47           1.59001e-36           9.40311e-28           1.07769e-20           5.13163e-15           1.88579e-10           8.77271e-07           0.000771078           0.176506              13.6052               433.919               6746.3                58401.1               313216                1.13592e+06           2.99161e+06           6.06513e+06           9.92996e+06           1.36453e+07           1.62508e+07           1.75588e+07           1.74641e+07           1.62992e+07           1.44943e+07           1.24382e+07           1.04006e+07           8.54298e+06           6.93148e+06           5.58079e+06           4.4725e+06            3.57578e+06           2.85651e+06           2.28126e+06           1.82311e+06           1.45812e+06           1.16712e+06           935194                749865                601825                483302                388387                312245                251131                202065                162606                130911                105399                84877.8               68360.1               55061.6               44357.3               35730.9               28789.5               23194.5               18689                 15058.5               12132.9               9776.97               7877.44               6348.26               5115.34               4122.1                3321.71               2676.55               2156.97               1738.02               1400.65               1128.65               909.543               732.95                590.597               475.966               383.512               309.076               249.06                200.705               161.741               130.329               105.03                84.631                68.2041               54.9604               44.2893               35.6913               28.7593               23.1775               18.676                15.0508               12.1284               9.77344               7.87615               6.34638               5.11465               4.12133               3.32131               
39      12.4519708        11.4121109           2.28822019         3.50043e-61           1.21253e-47           9.68967e-37           5.79939e-28           6.73105e-21           3.24803e-15           1.21043e-10           5.71465e-07           0.000510154           0.118705              9.30877               302.322               4790.81               42313.1               231769                859378                2.31662e+06           4.81286e+06           8.08449e+06           1.14125e+07           1.39805e+07           1.55097e+07           1.58253e+07           1.51335e+07           1.37689e+07           1.20687e+07           1.0288e+07            8.59798e+06           7.084e+06             5.78063e+06           4.6869e+06            3.78439e+06           3.04862e+06           2.45196e+06           1.97114e+06           1.58416e+06           1.27318e+06           1.02351e+06           822910                661937                532512                428553                344944                277699                223617                180064                145041                116824                94110.9               75817.1               61081.4               49215.1               39649.5               31950.4               25743.3               20744.2               16715.5               13468.6               10853.7               8745.24               7047.78               5679.1                4576.47               3687.9                2971.65               2394.81               1929.67               1555.12               1253.12               1009.85               813.786               655.735               528.461               425.812               343.167               276.531               222.842               179.58                144.704               116.615               93.9659               75.7272               61.0227               49.1745               39.6281               31.9315               25.734                20.736                16.711                13.4662               10.8515               8.74491               7.0464                5.67881               4.57592               3.68766               
40      14.9486913        13.7003311           2.74702678         2.00133e-61           6.99199e-48           5.63807e-37           3.40663e-28           3.99363e-21           1.94751e-15           7.33879e-11           3.50554e-07           0.000316826           0.0746843             5.93741               195.63                3147.53               28247.5               157352                593877                1.63104e+06           3.45566e+06           5.92566e+06           8.54832e+06           1.07131e+07           1.21412e+07           1.26474e+07           1.2336e+07            1.14343e+07           1.01967e+07           8.83004e+06           7.4845e+06            6.24445e+06           5.15179e+06           4.21701e+06           3.43268e+06           2.78438e+06           2.25246e+06           1.81955e+06           1.46815e+06           1.18389e+06           954288                768969                619685                499248                402262                324098                261123                210405                169514                136601                110063                88689.3               71465.3               57585.6               46405                 37389.8               30132.3               24280.2               19566.4               15767.1               12705                 10238.7               8249.89               6648.71               5357.61               4317.46               3479.22               2803.52               2259.34               1820.51               1467.16               1182.25               952.736               767.762               618.653               498.576               401.733               323.761               260.893               210.241               169.425               136.521               110.021               88.6527               71.4452               57.5722               46.3939               37.3874               30.126                24.2789               19.5635               15.7661               12.7047               10.2379               8.25043               6.64796               5.35771               4.31718               3.47915               
41      17.9460244        16.4473579           3.29782778         1.10703e-61           3.89394e-48           3.16245e-37           1.92525e-28           2.27497e-21           1.11871e-15           4.25286e-11           2.0504e-07            0.000187132           0.0445684             3.58184               119.374               1943.9                17668.4               99746.5               381803                1.06427e+06           2.29036e+06           3.9926e+06            5.86036e+06           7.47951e+06           8.62286e+06           9.13293e+06           9.05073e+06           8.51574e+06           7.70036e+06           6.75351e+06           5.79017e+06           4.88014e+06           4.06217e+06           3.35084e+06           2.74561e+06           2.23953e+06           1.82025e+06           1.47619e+06           1.19497e+06           966205                780530                630094                508526                410181                330819                266748                215055                173375                139740                112646                90787.4               73173.5               58973.3               47526.7               38303.5               30865                 24875.9               20045.8               16154.9               13018.6               10490.6               8454.36               6812.29               5490.22               4424.13               3565.25               2873.08               2315.12               1865.75               1503.37               1211.58               976.308               786.773               634.023               510.889               411.729               331.756               267.366               215.449               173.619               139.913               112.741               90.857                73.2106               59.0004               47.5439               38.3127               30.875                24.8784               20.0498               16.1558               13.0198               10.4918               8.45458               6.81332               5.48997               4.42447               3.56519               2.87313               
42      21.5443469        19.7451857           3.95906882         5.9645e-62            2.10938e-48           1.72291e-37           1.05518e-28           1.25474e-21           6.21119e-16           2.3778e-11            1.15486e-07           0.000106219           0.0255051             2.06747               69.5307               1143.11               10494.9               59880                 231779                653732                1.42441e+06           2.51571e+06           3.74377e+06           4.8479e+06            5.66563e+06           6.08081e+06           6.103e+06             5.81137e+06           5.31367e+06           4.7079e+06            4.07349e+06           3.46132e+06           2.9018e+06            2.40852e+06           1.98395e+06           1.62554e+06           1.32622e+06           1.07894e+06           875680                709577                574234                464234                375113                302861                244455                197236                159096                128315                103457                83421.2               67248.2               54211                 43697.1               35219.6               28387.4               22876.4               18438.5               14859.1               11975.3               9650.78               7776.95               6267.58               5050.33               4070.26               3279.93               2643.21               2130.05               1716.41               1383.25               1114.59               898.264               723.834               583.313               470.066               378.775               305.257               245.965               198.226               159.735               128.722               103.732               83.5864               67.3619               54.2788               43.7433               35.2494               28.4053               22.8909               18.445                14.8651               11.978                9.65299               7.77865               6.26828               5.05144               4.0703                3.28033               2.64325               2.13015               
43      25.8641621        23.7042545           4.75289403         3.14679e-62           1.11771e-48           9.17087e-38           5.64356e-29           6.74469e-22           3.35646e-16           1.29211e-11           6.31241e-08           5.84178e-05           0.0141184             1.1523                39.0324               646.585               5983.82               34429.6               134452                382776                842260                1.50304e+06           2.26129e+06           2.96206e+06           3.49931e+06           3.79544e+06           3.84786e+06           3.69899e+06           3.41222e+06           3.04777e+06           2.65637e+06           2.27185e+06           1.91546e+06           1.59771e+06           1.32163e+06           1.08676e+06           889321                725329                589915                478844                388060                314088                254032                205260                165780                133826                107993                87128.2               70268.2               56672.2               45693.1               36840.1               29698.6               23939.1               19296.6               15551.4               12535.1               10102.1               8141.83               6561.56               5287.66               4261.49               3433.89               2767.54               2230.18               1797.25               1448.34               1167.09               940.559               757.883               610.789               492.183               396.634               319.63                257.555               207.565               167.249               134.788               108.615               87.5273               70.535                56.8363               45.8042               36.9081               29.7442               23.9686               19.3148               15.5652               12.5421               10.1078               8.14472               6.56376               5.28927               4.26226               3.43484               2.76769               2.23053               1.79734               1.44844               
44      31.050135         28.4571485           5.70588758         1.63247e-62           5.81857e-49           4.79163e-38           2.96e-29              3.55181e-22           1.77504e-16           6.86369e-12           3.36888e-08           3.13307e-05           0.00761129            0.624596              21.2787               354.619               3302.7                19130.3               75233                 215774                478504                860942                1.30652e+06           1.72708e+06           2.05787e+06           2.2507e+06            2.30007e+06           2.22781e+06           2.06954e+06           1.8604e+06            1.63088e+06           1.402e+06             1.18741e+06           994316                825263                680533                558234                456205                371651                302089                245092                198556                160712                129936                104997                84793                 68447.3               55237.6               44558.3               35943.1               28983.9               23370.9               18842.2               15189.2               12244.3               9868.31               7954.63               6410.86               5166.98               4164.19               3355.79               2704.57               2179.36               1756.47               1415.43               1140.67               919.229               740.726               596.955               481.015               387.658               312.381               251.738               202.864               163.467               131.739               106.151               85.5483               68.9365               55.5525               44.7677               36.0733               29.0714               23.4251               18.8783               15.2126               12.2589               9.87905               7.96033               6.41532               5.16936               4.16594               3.35704               2.7052                2.18005               1.75662               1.41569               1.14075               0.919311              
45      37.2759372        34.1630361           6.84996401         8.35468e-63           2.9862e-49            2.46641e-38           1.52832e-29           1.83984e-22           9.22604e-17           3.58027e-12           1.7639e-08            1.64691e-05           0.0040175             0.331121              11.3324               189.769               1776.35               10344                 40908                 118020                263350                476931                728756                970323                1.16406e+06           1.28157e+06           1.318e+06             1.28424e+06           1.19965e+06           1.08391e+06           954554                823941                700329                588262                489544                404601                332521                272176                222023                180662                146707                118938                96326.3               77918.3               62987.8               50884                 41085.7               33163.5               26756.5               21586.1               17408.6               14038.6               11319                 9125.09               7356.28               5929.02               4779.41               3851.95               3104.63               2502.14               2016.42               1625.13               1309.55               1055.45               850.525               685.426               552.365               445.104               358.713               289.044               232.946               187.712               151.271               121.903               98.2286               79.1631               63.7871               51.4068               41.4246               33.382                26.9013               21.6768               17.4693               14.0764               11.3442               9.14139               7.36649               5.93642               4.78344               3.85503               3.10632               2.50336               2.01728               1.62558               1.31001               1.05557               0.850703              0.685487              0.552423              
46      44.750063         41.0130001           8.22343699         4.22911e-63           1.51504e-49           1.25431e-38           7.79181e-30           9.40461e-23           4.729e-17             1.84044e-12           9.09475e-09           8.51854e-06           0.00208496            0.172443              5.92344               99.5757               935.87                5473.01               21741.4               63020                 141320                257267                395264                529323                638447                706604                730353                715029                670879                608605                537926                465825                397064                334345                278825                230857                190015                155727                127164                103564                84158.9               68268.9               55315.9               44762.4               36196.5               29248.4               23621.2               19069.7               15387.6               12415.5               10013.6               8075.71               6511.65               5249.76               4232.3                3411.26               2749.9                2216.32               1786.35               1439.71               1160.24               935.107               753.524               607.315               489.402               394.404               317.84                256.121               206.41                166.321               134.042               108.013               87.0443               70.1454               56.5228               45.5521               36.7045               29.5806               23.8366               19.2087               15.4796               12.4733               10.0522               8.09987               6.52768               5.26016               4.23884               3.41595               2.7525                2.21827               1.78745               1.44049               1.16079               0.935397              0.753811              0.607399              0.489514              0.394445              0.317877              
47      53.7228112        49.2364371           9.87230237         2.12177e-63           7.61512e-50           6.3168e-39            3.93198e-30           4.75594e-23           2.3968e-17            9.34966e-13           4.63156e-09           4.34926e-06           0.00106737            0.0885296             3.05                  51.4314               484.959               2845.79               11345.5               33010.5               74318.7               135858                209648                282047                341664                379727                394066                387259                364624                331842                294154                255383                218177                184074                153764                127492                105062                86190                 70439.7               57405.9               46676                 37880.6               30704.8               24854.4               20103.2               16247.6               13123.8               10596.4               8551.28               6900.2                5565.7                4488.84               3619.63               2918.29               2352.77               1896.39               1528.75               1232.14               993.118               800.409               645.046               519.883               418.932               337.647               272.092               219.277               176.71                142.396               114.758               92.4702               74.5237               60.0527               48.3944               38.9991               31.4253               25.3258               20.4068               16.4461               13.2526               10.6796               8.60629               6.93484               5.5888                4.50333               3.62924               2.92452               2.3567                1.89918               1.53032               1.23331               0.993777              0.800877              0.645369              0.520059              0.419101              0.3377                0.272158              0.219302              0.176732              
48      64.4946677        59.1087394           11.8517785         1.05681e-63           3.79864e-50           3.15598e-39           1.96773e-30           2.38419e-23           1.20371e-17           4.70446e-13           2.33509e-09           2.19733e-06           0.000540432           0.0449269             1.55152               26.2287               247.969               1459.13               5834.06               17026.3               38454.8               70533.1               109225                147488                179282                199925                208141                205165                193716                176752                157041                136622                116928                98805                 82646.1               68602.8               56587.4               46459.5               37994.7               30981.2               25201.7               20460.3               16589.4               13431.8               10866.4               8783.69               7095.84               5729.91               4624.44               3731.81               3010.24               2427.93               1957.86               1578.55               1272.68               1025.83               826.975               666.53                537.236               432.992               348.949               281.241               226.631               182.658               147.195               118.624               95.5959               77.0331               62.0819               50.0245               40.3159               32.4873               26.1804               21.0978               17.0005               13.7008               11.0397               8.89703               7.1694                5.77746               4.65584               3.75162               3.02344               2.43622               1.96335               1.58211               1.27493               1.02742               0.827877              0.667196              0.537615              0.43326               0.349133              0.281342              0.226726              0.182689              0.147233              0.118638              0.0956087             
49      77.4263683        70.960518            14.2281556         5.23257e-64           1.88314e-50           1.56657e-39           9.78063e-31           1.18674e-23           6.00038e-18           2.34876e-13           1.16771e-09           1.10068e-06           0.000271193           0.0225866             0.781532              13.2388               125.429               739.715               2964.57               8673.16               19639.4               36119.7               56092.5               75968                 92601.8               103543                108077                106791                101059                92398.9               82247                 71670.8               61428.1               51971.8               43518.7               36156.7               29846.9               24520.5               20063.5               16367.1               13318.7               10816.1               8771.86               7103.64               5747.76               4646.74               3754.22               3031.8                2447.04               1974.81               1593.04               1284.92               1036.18               835.451               673.582               542.943               437.7                 352.783               284.353               229.179               184.697               148.86                119.955               96.6809               77.9104               62.7877               50.5992               40.7739               32.8602               26.4782               21.3394               17.1957               13.8574               11.1672               8.99845               7.25191               5.84338               4.70925               3.7948                3.05804               2.46436               1.98575               1.60032               1.28951               1.03921               0.837422              0.674828              0.543822              0.4382                0.353151              0.284563              0.229327              0.184798              0.148916              0.120007              0.0966985             0.077931              0.062796              0.0506062             
50      92.950979         85.1886736           17.0810155         2.57823e-64           9.28818e-51           7.73492e-40           4.83452e-31           5.8728e-24            2.97299e-18           1.1652e-13            5.8006e-10            5.47521e-07           0.000135097           0.0112688             0.390536              6.62651               62.8908               371.574               1492                  4373.73               9924.53               18292.7               28473.2               38655.2               47225.2               52920.5               55352.8               54801.3               51954                 47580.9               42416.4               37011                 31758.5               26896.5               22541.2               18741.6               15480.4               12724.4               10415.9               8499.91               6918.78               5620.06               4558.75               3692.36               2987.98               2415.86               1952                  1576.49               1272.49               1026.97               828.465               668.247               538.896               434.51                350.328               282.387               227.652               183.487               147.897               119.201               96.0648               77.4256               62.3918               50.2863               40.5233               32.6576               26.3181               21.2077               17.0915               13.7721               11.0992               8.944                 7.20767               5.80837               4.68037               3.77194               3.03932               2.44942               1.97379               1.59058               1.28179               1.03285               0.832378              0.670712              0.540527              0.435569              0.350999              0.282859              0.227921              0.183685              0.14801               0.11928               0.0961192             0.0774559             0.0624196             0.0502959             0.0405343             0.0326621             0.0263219             
51      111.588399        102.269689           20.5058967         1.2653e-64            4.56209e-51           3.80248e-40           2.37881e-31           2.89243e-24           1.46569e-18           5.75045e-14           2.86579e-10           2.70809e-07           6.68997e-05           0.00558718            0.193884              3.29423               31.3092               185.257               745.03                2187.58               4972.34               9181.26               14317.7               19475.7               23837                 26759                 28036.2               27800.9               26395.3               24205.9               21604.7               18871.7               16208.6               13738.3               11521.7               9585.23               7921.25               6513.66               5333.81               4353.87               3544.8                2879.95               2336.46               1892.65               1531.76               1238.57               1000.82               808.335               652.492               526.616               424.837               342.685               276.357               222.829               179.661               144.819               116.75                94.1012               75.8489               61.1324               49.2673               39.7082               31.9981               25.7898               20.7828               16.7488               13.4975               10.8766               8.76559               7.06317               5.69238               4.58704               3.69654               2.97889               2.40038               1.93448               1.55875               1.25622               1.01228               0.815749              0.657382              0.529711              0.426895              0.343983              0.277216              0.223387              0.180014              0.145067              0.116892              0.0942049             0.0759088             0.0611742             0.0492959             0.0397242             0.0320127             0.0257949             0.0207885             0.0167512             0.0134995             
52      133.962772        122.775586           24.6174943         6.18922e-65           2.23308e-51           1.86259e-40           1.1661e-31            1.41899e-24           7.19635e-19           2.82581e-14           1.40952e-10           1.3332e-07            3.2967e-05            0.00275607            0.0957414             1.62853               15.496                91.8014               369.658               1086.84               2473.82               4574.48               7144.52               9733.86               11931.4               13413.3               14072.8               13972.7               13282.1               12193.7               10894                 9524.16               8186.4                6943.31               5826.32               4849.39               4009.15               3297.83               2701.23               2205.46               1795.96               1459.35               1184.09               959.274               776.422               627.853               507.363               409.8                 330.804               266.994               215.398               173.749               140.121               112.982               91.0955               73.43                 59.198                47.7141               38.4594               30.9975               24.9813               20.1344               16.2249               13.0769               10.5381               8.49264               6.84404               5.51509               4.44469               3.58146               2.88638               2.32591               1.87437               1.51048               1.21714               0.980904              0.790385              0.63698               0.513291              0.413635              0.333333              0.268596              0.216462              0.174421              0.140566              0.113271              0.0912783             0.0735582             0.0592717             0.0477677             0.0384905             0.0310191             0.0249961             0.0201426             0.0162324             0.0130796             0.0105411             0.00849389            0.00684508            
53      160.823388        147.39308            29.5535002         3.01925e-65           1.08996e-51           9.0967e-41            5.69862e-32           6.93893e-25           3.52142e-19           1.38374e-14           6.90719e-11           6.53821e-08           1.61804e-05           0.00135383            0.047071              0.801393              7.63279               45.2634               182.453               537.021               1223.73               2265.58               3542.84               4833.14               5931.49               6676.03               7012.14               6969.61               6631.56               6093.56               5448.4                4766.69               4099.7                3479.02               2920.69               2431.9                2011.19               1654.81               1355.75               1107.12               901.7                 732.786               594.631               481.772               389.966               315.363               254.854               205.854               166.177               134.126               108.208               87.2866               70.3939               56.7604               45.7652               36.8905               29.7407               23.9713               19.3219               15.5731               12.5506               10.1155               8.15141               6.56987               5.29436               4.26672               3.43847               2.7708                2.23303               1.79934               1.45013               1.16855               0.941691              0.758872              0.611498              0.49281               0.397092              0.320021              0.257879              0.207812              0.167468              0.134944              0.108752              0.0876297             0.0706208             0.0569079             0.0458586             0.036956              0.0297783             0.0239987             0.0193378             0.0155841             0.0125581             0.0101197             0.00815523            0.00657125            0.00529588            0.00426736            0.003439              
54      193.069773        176.94658            35.4792151         1.46956e-65           5.30768e-52           4.43188e-41           2.77776e-32           3.38415e-25           1.71837e-19           6.75622e-15           3.37454e-11           3.1963e-08            7.91525e-06           0.000662732           0.023059              0.392879              3.74488               22.2258               89.6673               264.158               602.512               1116.56               1747.83               2386.93               2932.3                3303.55               3473.06               3454.97               3290.01               3025.29               2706.75               2369.45               2038.93               1731                  1453.74               1210.84               1001.63               824.328               675.479               551.69                449.382               365.237               296.402               240.163               194.408               157.224               127.062               102.635               82.8548               66.8755               53.9536               43.5225               35.0999               28.3022               22.8198               18.3948               14.8297               11.953                9.6346                7.76532               6.25822               5.04399               4.06462               3.276                 2.63999               2.12756               1.71456               1.38164               1.11348               0.897225              0.723096              0.582686              0.469567              0.378406              0.304919              0.245736              0.198007              0.159576              0.12859               0.103624              0.0835067             0.0672887             0.0542282             0.0436959             0.0352145             0.0283767             0.022867              0.0184278             0.0148487             0.0119668             0.00964263            0.00777091            0.00626202            0.00504613            0.00406654            0.0032767             0.00264075            0.00212789            0.00171483            
55      231.781818        212.425795           42.5930837         7.13955e-66           2.57962e-52           2.15484e-41           1.35116e-32           1.64684e-25           8.36599e-20           3.29089e-15           1.64453e-11           1.55848e-08           3.86149e-06           0.0003235             0.0112625             0.19201               1.8314                10.8767               43.9117               129.458               295.506               548.065               858.645               1173.65               1442.98               1626.96               1711.73               1704.02               1623.72               1493.96               1337.38               1171.27               1008.31               856.336               719.395               599.347               495.902               408.193               334.536               273.263               222.61                180.943               146.851               118.994               96.3283               77.9065               62.9626               50.8598               41.0587               33.1407               26.7375               21.5684               17.3946               14.0259               11.309                9.1161                7.34934               5.9237                4.77477               3.84839               3.10149               2.49974               2.01438               1.62355               1.30835               1.0544                0.849719              0.684724              0.551829              0.444655              0.358359              0.288773              0.232713              0.187534              0.151115              0.121784              0.0981304             0.0790844             0.0637277             0.051355              0.0413851             0.0333476             0.0268749             0.0216552             0.017452              0.0140632             0.0113327             0.00913264            0.00735889            0.00593062            0.00477879            0.00385119            0.0031034             0.00250081            0.00201534            0.0016239             0.00130873            0.00105456            0.000849853           
56      278.25594         255.018879           51.1333401         3.46327e-66           1.25173e-52           1.04596e-41           6.56081e-33           7.99947e-26           4.06531e-20           1.59978e-15           7.99777e-12           7.58256e-09           1.8796e-06            0.00015754            0.00548737            0.0935997             0.893237              5.30791               21.4417               63.2518               144.473               268.126               420.36                574.989               707.417               798.133               840.238               836.938               797.928               734.523               657.824               576.347               496.325               421.643               354.305               295.244               244.33                201.146               164.87                134.686               109.73                89.1971               72.3953               58.665                47.4924               38.4111               31.0439               25.0771               20.2448               16.3409               13.1838               10.6351               8.57707               6.91606               5.57641               4.49511               3.62394               2.92097               2.35444               1.89764               1.52935               1.23263               0.993293              0.800576              0.645149              0.519926              0.418999              0.337639              0.272109              0.219261              0.176708              0.142395              0.114751              0.0924737             0.0745151             0.0600522             0.0483884             0.0389968             0.0314244             0.0253233             0.0204071             0.0164438             0.0132521             0.0106783             0.00860562            0.00693461            0.00558818            0.00450334            0.00362869            0.00292441            0.00235644            0.00189903            0.0015303             0.00123316            0.00099377            0.000800751           0.000645339           0.000520007           0.000419065           
57      334.048498        306.152219           61.3859869         1.67782e-66           6.0658e-53            5.07007e-42           3.18113e-33           3.87987e-26           1.97236e-20           7.76419e-16           3.88287e-12           3.6826e-09            9.13203e-07           7.65704e-05           0.00266815            0.0455308             0.4347                2.58432               10.4446               30.8265               70.4474               130.815               205.205               280.856               345.733               390.278               411.077               409.659               390.737               359.833               322.376               282.538               243.378               206.806               173.815               144.866               119.902               98.7218               80.9262               66.116                53.869                43.7914               35.5442               28.804                23.3191               18.8606               15.2435               12.3138               9.94108               8.02417               6.47392               5.22242               4.21184               3.3962                2.73837               2.20739               1.77959               1.43439               1.15619               0.93187               0.751014              0.605303              0.487775              0.393138              0.316813              0.25532               0.205757              0.165804              0.133624              0.107672              0.0867759             0.0699259             0.0563509             0.045411              0.0365921             0.0294898             0.0237621             0.0191501             0.0154316             0.0124355             0.0100213             0.00807506            0.00650772            0.00524378            0.00422596            0.00340538            0.00274419            0.00221145            0.00178194            0.00143609            0.00115718            0.000932559           0.000751482           0.000605568           0.000488011           0.000393225           0.000316907           0.00025536            0.000205791           
58      401.027914        367.538206           73.6943719         8.1196e-67            2.93614e-53           2.45475e-42           1.54057e-33           1.87943e-26           9.55674e-21           3.76305e-16           1.88244e-12           1.78588e-09           4.42994e-07           3.71562e-05           0.00129517            0.0221093             0.211163              1.25586               5.07761               14.9924               34.2769               63.6781               99.9368               136.847               168.536               190.335               200.563               199.95                190.784               175.754               157.505               138.078               118.967               101.111               84.9953               70.8496               58.6475               48.2926               39.5907               32.3475               26.3571               21.4273               17.3926               14.0949               11.4112               9.22962               7.45967               6.02605               4.86497               3.92691               3.16826               2.5558                2.06125               1.66208               1.34015               1.08029               0.87093               0.701989              0.565837              0.456058              0.367547              0.296236              0.238718              0.192402              0.155049              0.124954              0.100698              0.0811451             0.065396              0.0526951             0.0424684             0.0342219             0.0275783             0.0222243             0.0179083             0.0144324             0.0116292             0.00937213            0.00755225            0.00608597            0.00490446            0.00395196            0.0031849             0.00256632            0.0020682             0.0016666             0.00134301            0.00108229            0.000872087           0.000702826           0.000566325           0.000456397           0.000367777           0.000296367           0.000238834           0.000192445           0.000155095           0.000124974           0.000100714           
59      481.437242        441.232578           88.4706872         3.92537e-67           1.41979e-53           1.18728e-42           7.45292e-34           9.09433e-27           4.62545e-21           1.82174e-16           9.11532e-13           8.64991e-10           2.1462e-07            1.80062e-05           0.000627826           0.0107205             0.102421              0.609325              2.4644                7.27902               16.6479               30.9392               48.5753               66.5432               81.9833               92.6213               97.6324               97.3659               92.9306               85.6326               76.7605               67.307                58.0027               49.3048               41.4522               34.5575               28.6087               23.5595               19.3156               15.7826               12.8605               10.4555               8.48699               6.87802               5.56854               4.50403               3.64035               2.94077               2.37417               1.9164                1.54617               1.24729               1.00594               0.81114               0.654028              0.527212              0.425039              0.342591              0.276145              0.22257               0.179374              0.144572              0.116502              0.0938984             0.0756687             0.0609814             0.0491438             0.0396014             0.0319153             0.0257169             0.0207259             0.0167014             0.0134591             0.0108462             0.00873981            0.00704347            0.00567543            0.0045739             0.00368574            0.00297015            0.00239353            0.00192868            0.00155433            0.00125245            0.00100935            0.000813355           0.000655433           0.000528193           0.000425606           0.000343001           0.000276385           0.000222736           0.000179487           0.000144636           0.000116558           9.39195e-05           7.56913e-05           6.09912e-05           4.91518e-05           
60      577.969288        529.703265           106.209773         1.8954e-67            6.85773e-54           5.7363e-43            3.6018e-34            4.39613e-27           2.23644e-21           8.81026e-17           4.40934e-13           4.18515e-10           1.03865e-07           8.7161e-06            0.000303979           0.00519188            0.0496148             0.295248              1.19445               3.52902               8.07364               15.0091               23.5723               32.3026               39.8103               44.9897               47.4375               47.3208               45.1765               41.6382               37.3318               32.7401               28.2186               23.9903               20.1718               16.8183               13.9243               11.4676               9.40241               7.68301               6.26075               5.0901                4.13188               3.34863               2.71114               2.19289               1.77241               1.43181               1.15595               0.933075              0.75282               0.607298              0.489788              0.394942              0.318445              0.256699              0.206951              0.166808              0.134455              0.108369              0.0873375             0.0703925             0.0567249             0.0457193             0.0368432             0.029692              0.0239282             0.019282              0.0155396             0.0125216             0.0100915             0.00813194            0.00655326            0.00528102            0.00425543            0.00342948            0.00276338            0.00222704            0.00179459            0.00144617            0.00116542            0.000939079           0.000756807           0.000609819           0.000491453           0.000396024           0.000319132           0.000257178           0.000207229           0.000167008           0.000134572           0.000108451           8.73927e-05           7.04238e-05           5.67526e-05           4.57296e-05           3.68543e-05           2.96968e-05           2.39322e-05           
61      693.856788        635.913038           127.505688         9.13491e-68           3.30679e-54           2.7673e-43            1.73828e-34           2.1224e-27            1.08007e-21           4.25612e-17           2.13067e-13           2.02285e-10           5.02144e-08           4.21484e-06           0.000147029           0.00251178            0.0240086             0.142903              0.578263              1.70891               3.91059               7.27179               11.4237               15.659                19.3035               21.8203               23.013                22.9616               21.9256               20.2122               18.1248               15.8979               13.7042               11.652                9.79834               8.17006               6.76467               5.57146               4.56833               3.73308               3.04211               2.47336               2.00779               1.62721               1.31746               1.06563               0.861305              0.695796              0.561745              0.453438              0.365842              0.295125              0.23802               0.191928              0.154754              0.124747              0.100572              0.0810632             0.0653411             0.0526642             0.0424434             0.0342086             0.0275666             0.0222182             0.0179047             0.0144294             0.0116284             0.00937047            0.00755181            0.00608513            0.00490416            0.00395188            0.00318469            0.00256642            0.00206801            0.00166663            0.00134292            0.00108228            0.000872119           0.000702797           0.000566358           0.000456365           0.000367786           0.000296354           0.000238832           0.000192456           0.000155089           0.000124981           0.000100707           8.1161e-05            6.53982e-05           5.27039e-05           4.24703e-05           3.42239e-05           2.75801e-05           2.22232e-05           1.79101e-05           1.44318e-05           1.16303e-05           
62      832.980665        763.418726           153.071606         4.38841e-68           1.58998e-54           1.33162e-43           8.37038e-35           1.02264e-27           5.20696e-22           2.05283e-17           1.02811e-13           9.76457e-11           2.42473e-08           2.03587e-06           7.10384e-05           0.00121391            0.0116059             0.0690965             0.279666              0.826666              1.89214               3.51926               5.5299                7.58192               9.34861               10.5698               11.1498               11.1269               10.6267               9.79779               8.78719               7.7085                6.64553               5.65093               4.75232               3.96285               3.28136               2.70269               2.21617               1.81103               1.47586               1.19996               0.974102              0.789474              0.639197              0.517023              0.417891              0.337591              0.272553              0.220004              0.177504              0.143193              0.115486              0.0931229             0.075086              0.0605271             0.0487972             0.0393317             0.0317034             0.0255526             0.0205935             0.016598              0.0133753             0.0107803             0.00868735            0.00700114            0.0056421             0.00454655            0.00366413            0.0029525             0.0023795             0.00191745            0.00154521            0.00124523            0.0010034             0.000808646           0.000651585           0.00052512            0.000423152           0.000340997           0.000274797           0.000221428           0.00017845            0.000143791           0.000115881           9.33797e-05           7.5249e-05            6.06407e-05           4.8863e-05            3.93793e-05           3.17312e-05           2.55719e-05           2.06066e-05           1.66054e-05           1.33819e-05           1.07827e-05           8.68997e-06           7.00228e-06           5.64303e-06           
63      1000              916.490332           167.019335         2.15958e-68           7.83476e-55           6.56956e-44           4.13403e-35           5.05563e-28           2.57644e-22           1.01655e-17           5.09473e-14           4.84175e-11           1.20296e-08           1.01052e-06           3.52756e-05           0.000603021           0.00576728            0.0343465             0.139055              0.411139              0.941275              1.75112               2.75219               3.77428               4.65465               5.26363               5.55339               5.54288               5.29447               4.88211               4.37904               3.84188               3.31239               2.81686               2.36907               1.97563               1.63595               1.34751               1.10497               0.902993              0.735892              0.598333              0.485721              0.393664              0.318733              0.257813              0.208382              0.168341              0.13591               0.109707              0.0885141             0.0714047             0.0575884             0.0464369             0.0374426             0.0301826             0.0243334             0.0196133             0.0158094             0.0127422             0.0102692             0.00827683            0.00666978            0.00537574            0.00433208            0.00349123            0.00281352            0.0022672             0.00182718            0.00147231            0.00118657            0.000956166           0.000770542           0.00062095            0.000500361           0.000403244           0.000324923           0.000261859           0.000211011           0.000170043           0.000137032           0.000110418           8.89866e-05           7.17035e-05           5.77859e-05           4.65652e-05           3.75241e-05           3.02394e-05           2.43663e-05           1.96371e-05           1.58232e-05           1.27518e-05           1.02758e-05           8.28054e-06           6.67306e-06           5.37696e-06           4.33339e-06           3.49179e-06           2.81398e-06           