This file contains the downward spectral flux (per wavelength) at each interface. 
Spectral fluxes given in [erg s^-1 cm^-3].
bin     cent_lambda[um]   low_int_lambda[um]   delta_lambda[um]   F_down[0]   F_down[1]   F_down[2]   F_down[3]   F_down[4]   F_down[5]   F_down[6]   F_down[7]   F_down[8]   F_down[9]   F_down[10]   F_down[11]   F_down[12]   F_down[13]   F_down[14]   F_down[15]   F_down[16]   F_down[17]   F_down[18]   F_down[19]   F_down[20]   F_down[21]   F_down[22]   F_down[23]   F_down[24]   F_down[25]   F_down[26]   F_down[27]   F_down[28]   F_down[29]   F_down[30]   F_down[31]   F_down[32]   F_down[33]   F_down[34]   F_down[35]   F_down[36]   F_down[37]   F_down[38]   F_down[39]   F_down[40]   F_down[41]   F_down[42]   F_down[43]   F_down[44]   F_down[45]   F_down[46]   F_down[47]   F_down[48]   F_down[49]   F_down[50]   F_down[51]   F_down[52]   F_down[53]   F_down[54]   F_down[55]   F_down[56]   F_down[57]   F_down[58]   F_down[59]   F_down[60]   F_down[61]   F_down[62]   F_down[63]   F_down[64]   F_down[65]   F_down[66]   F_down[67]   F_down[68]   F_down[69]   F_down[70]   F_down[71]   F_down[72]   F_down[73]   F_down[74]   F_down[75]   F_down[76]   F_down[77]   F_down[78]   F_down[79]   F_down[80]   F_down[81]   F_down[82]   F_down[83]   F_down[84]   F_down[85]   F_down[86]   F_down[87]   F_down[88]   F_down[89]   F_down[90]   F_down[91]   F_down[92]   F_down[93]   F_down[94]   F_down[95]   F_down[96]   
0       0.01              0.00899745971        0.00200508058      0.00000000e+00  0.00000000e+00  0.00000000e+00  0.00000000e+00  0.00000000e+00  0.00000000e+00  0.00000000e+00  0.00000000e+00  0.00000000e+00  0.00000000e+00  0.00000000e+00  0.00000000e+00  0.00000000e+00  0.00000000e+00  0.00000000e+00  0.00000000e+00  0.00000000e+00  0.00000000e+00  0.00000000e+00  0.00000000e+00  0.00000000e+00  0.00000000e+00  0.00000000e+00  0.00000000e+00  0.00000000e+00  0.00000000e+00  0.00000000e+00  0.00000000e+00  0.00000000e+00  0.00000000e+00  0.00000000e+00  0.00000000e+00  0.00000000e+00  0.00000000e+00  0.00000000e+00  0.00000000e+00  0.00000000e+00  0.00000000e+00  0.00000000e+00  0.00000000e+00  0.00000000e+00  0.00000000e+00  0.00000000e+00  0.00000000e+00  0.00000000e+00  0.00000000e+00  0.00000000e+00  0.00000000e+00  0.00000000e+00  0.00000000e+00  0.00000000e+00  0.00000000e+00  0.00000000e+00  0.00000000e+00  0.00000000e+00  0.00000000e+00  0.00000000e+00  0.00000000e+00  0.00000000e+00  0.00000000e+00  0.00000000e+00  0.00000000e+00  0.00000000e+00  0.00000000e+00  0.00000000e+00  0.00000000e+00  0.00000000e+00  0.00000000e+00  0.00000000e+00  0.00000000e+00  0.00000000e+00  0.00000000e+00  0.00000000e+00  0.00000000e+00  0.00000000e+00  0.00000000e+00  0.00000000e+00  0.00000000e+00  0.00000000e+00  0.00000000e+00  0.00000000e+00  0.00000000e+00  0.00000000e+00  0.00000000e+00  0.00000000e+00  0.00000000e+00  0.00000000e+00  0.00000000e+00  0.00000000e+00  0.00000000e+00  0.00000000e+00  0.00000000e+00  0.00000000e+00  0.00000000e+00  0.00000000e+00  0.00000000e+00  0.00000000e+00  
1       0.0120050806      0.0110025403         0.00220609798      0.00000000e+00  0.00000000e+00  0.00000000e+00  0.00000000e+00  0.00000000e+00  0.00000000e+00  0.00000000e+00  0.00000000e+00  0.00000000e+00  0.00000000e+00  0.00000000e+00  0.00000000e+00  0.00000000e+00  0.00000000e+00  0.00000000e+00  0.00000000e+00  0.00000000e+00  0.00000000e+00  0.00000000e+00  0.00000000e+00  0.00000000e+00  0.00000000e+00  0.00000000e+00  0.00000000e+00  0.00000000e+00  0.00000000e+00  0.00000000e+00  0.00000000e+00  0.00000000e+00  0.00000000e+00  0.00000000e+00  0.00000000e+00  0.00000000e+00  0.00000000e+00  0.00000000e+00  0.00000000e+00  0.00000000e+00  0.00000000e+00  0.00000000e+00  0.00000000e+00  0.00000000e+00  0.00000000e+00  0.00000000e+00  0.00000000e+00  0.00000000e+00  0.00000000e+00  0.00000000e+00  0.00000000e+00  0.00000000e+00  0.00000000e+00  0.00000000e+00  0.00000000e+00  0.00000000e+00  0.00000000e+00  0.00000000e+00  0.00000000e+00  0.00000000e+00  0.00000000e+00  0.00000000e+00  0.00000000e+00  0.00000000e+00  0.00000000e+00  0.00000000e+00  0.00000000e+00  0.00000000e+00  0.00000000e+00  0.00000000e+00  0.00000000e+00  0.00000000e+00  0.00000000e+00  0.00000000e+00  0.00000000e+00  0.00000000e+00  0.00000000e+00  0.00000000e+00  0.00000000e+00  0.00000000e+00  0.00000000e+00  0.00000000e+00  0.00000000e+00  0.00000000e+00  0.00000000e+00  0.00000000e+00  0.00000000e+00  0.00000000e+00  0.00000000e+00  0.00000000e+00  0.00000000e+00  0.00000000e+00  0.00000000e+00  0.00000000e+00  0.00000000e+00  0.00000000e+00  0.00000000e+00  0.00000000e+00  0.00000000e+00  0.00000000e+00  
2       0.014412196       0.0132086383         0.00264843841      0.00000000e+00  0.00000000e+00  0.00000000e+00  0.00000000e+00  0.00000000e+00  0.00000000e+00  0.00000000e+00  0.00000000e+00  0.00000000e+00  0.00000000e+00  0.00000000e+00  0.00000000e+00  0.00000000e+00  0.00000000e+00  0.00000000e+00  0.00000000e+00  0.00000000e+00  0.00000000e+00  0.00000000e+00  0.00000000e+00  0.00000000e+00  0.00000000e+00  0.00000000e+00  0.00000000e+00  0.00000000e+00  0.00000000e+00  0.00000000e+00  0.00000000e+00  0.00000000e+00  0.00000000e+00  0.00000000e+00  0.00000000e+00  0.00000000e+00  0.00000000e+00  0.00000000e+00  0.00000000e+00  0.00000000e+00  0.00000000e+00  0.00000000e+00  0.00000000e+00  0.00000000e+00  0.00000000e+00  0.00000000e+00  0.00000000e+00  0.00000000e+00  0.00000000e+00  0.00000000e+00  0.00000000e+00  0.00000000e+00  0.00000000e+00  0.00000000e+00  0.00000000e+00  0.00000000e+00  0.00000000e+00  0.00000000e+00  0.00000000e+00  0.00000000e+00  0.00000000e+00  0.00000000e+00  0.00000000e+00  0.00000000e+00  0.00000000e+00  0.00000000e+00  0.00000000e+00  0.00000000e+00  0.00000000e+00  0.00000000e+00  0.00000000e+00  0.00000000e+00  0.00000000e+00  0.00000000e+00  0.00000000e+00  0.00000000e+00  0.00000000e+00  0.00000000e+00  0.00000000e+00  0.00000000e+00  0.00000000e+00  0.00000000e+00  0.00000000e+00  0.00000000e+00  0.00000000e+00  0.00000000e+00  0.00000000e+00  0.00000000e+00  0.00000000e+00  0.00000000e+00  0.00000000e+00  0.00000000e+00  0.00000000e+00  0.00000000e+00  0.00000000e+00  0.00000000e+00  0.00000000e+00  0.00000000e+00  0.00000000e+00  0.00000000e+00  
3       0.0173019574      0.0158570767         0.00317947165      0.00000000e+00  0.00000000e+00  0.00000000e+00  0.00000000e+00  0.00000000e+00  0.00000000e+00  0.00000000e+00  0.00000000e+00  0.00000000e+00  0.00000000e+00  0.00000000e+00  0.00000000e+00  0.00000000e+00  0.00000000e+00  0.00000000e+00  0.00000000e+00  0.00000000e+00  0.00000000e+00  0.00000000e+00  0.00000000e+00  0.00000000e+00  0.00000000e+00  0.00000000e+00  0.00000000e+00  0.00000000e+00  0.00000000e+00  0.00000000e+00  0.00000000e+00  0.00000000e+00  0.00000000e+00  0.00000000e+00  0.00000000e+00  0.00000000e+00  0.00000000e+00  0.00000000e+00  0.00000000e+00  0.00000000e+00  0.00000000e+00  0.00000000e+00  0.00000000e+00  0.00000000e+00  0.00000000e+00  0.00000000e+00  0.00000000e+00  0.00000000e+00  0.00000000e+00  0.00000000e+00  0.00000000e+00  0.00000000e+00  0.00000000e+00  0.00000000e+00  0.00000000e+00  0.00000000e+00  0.00000000e+00  0.00000000e+00  0.00000000e+00  0.00000000e+00  0.00000000e+00  0.00000000e+00  0.00000000e+00  0.00000000e+00  0.00000000e+00  0.00000000e+00  0.00000000e+00  0.00000000e+00  0.00000000e+00  0.00000000e+00  0.00000000e+00  0.00000000e+00  0.00000000e+00  0.00000000e+00  0.00000000e+00  0.00000000e+00  0.00000000e+00  0.00000000e+00  0.00000000e+00  0.00000000e+00  0.00000000e+00  0.00000000e+00  0.00000000e+00  0.00000000e+00  0.00000000e+00  0.00000000e+00  0.00000000e+00  0.00000000e+00  0.00000000e+00  0.00000000e+00  0.00000000e+00  0.00000000e+00  0.00000000e+00  0.00000000e+00  0.00000000e+00  0.00000000e+00  0.00000000e+00  0.00000000e+00  0.00000000e+00  0.00000000e+00  
4       0.0207711393      0.0190365483         0.00381698133      0.00000000e+00  0.00000000e+00  0.00000000e+00  0.00000000e+00  0.00000000e+00  0.00000000e+00  0.00000000e+00  0.00000000e+00  0.00000000e+00  0.00000000e+00  0.00000000e+00  0.00000000e+00  0.00000000e+00  0.00000000e+00  0.00000000e+00  0.00000000e+00  0.00000000e+00  0.00000000e+00  0.00000000e+00  0.00000000e+00  0.00000000e+00  0.00000000e+00  0.00000000e+00  0.00000000e+00  0.00000000e+00  0.00000000e+00  0.00000000e+00  0.00000000e+00  0.00000000e+00  0.00000000e+00  0.00000000e+00  0.00000000e+00  0.00000000e+00  0.00000000e+00  0.00000000e+00  0.00000000e+00  0.00000000e+00  0.00000000e+00  0.00000000e+00  0.00000000e+00  0.00000000e+00  0.00000000e+00  0.00000000e+00  0.00000000e+00  0.00000000e+00  0.00000000e+00  0.00000000e+00  0.00000000e+00  0.00000000e+00  0.00000000e+00  0.00000000e+00  0.00000000e+00  0.00000000e+00  0.00000000e+00  0.00000000e+00  0.00000000e+00  0.00000000e+00  0.00000000e+00  0.00000000e+00  0.00000000e+00  0.00000000e+00  0.00000000e+00  0.00000000e+00  0.00000000e+00  0.00000000e+00  0.00000000e+00  0.00000000e+00  0.00000000e+00  0.00000000e+00  0.00000000e+00  0.00000000e+00  0.00000000e+00  0.00000000e+00  0.00000000e+00  0.00000000e+00  0.00000000e+00  0.00000000e+00  0.00000000e+00  0.00000000e+00  0.00000000e+00  0.00000000e+00  0.00000000e+00  0.00000000e+00  0.00000000e+00  0.00000000e+00  0.00000000e+00  0.00000000e+00  0.00000000e+00  0.00000000e+00  0.00000000e+00  0.00000000e+00  0.00000000e+00  0.00000000e+00  0.00000000e+00  0.00000000e+00  0.00000000e+00  0.00000000e+00  
5       0.02493592        0.0228535297         0.00458231684      0.00000000e+00  0.00000000e+00  0.00000000e+00  0.00000000e+00  0.00000000e+00  0.00000000e+00  0.00000000e+00  0.00000000e+00  0.00000000e+00  0.00000000e+00  0.00000000e+00  0.00000000e+00  0.00000000e+00  0.00000000e+00  0.00000000e+00  0.00000000e+00  0.00000000e+00  0.00000000e+00  0.00000000e+00  0.00000000e+00  0.00000000e+00  0.00000000e+00  0.00000000e+00  0.00000000e+00  0.00000000e+00  0.00000000e+00  0.00000000e+00  0.00000000e+00  0.00000000e+00  0.00000000e+00  0.00000000e+00  0.00000000e+00  0.00000000e+00  0.00000000e+00  0.00000000e+00  0.00000000e+00  0.00000000e+00  0.00000000e+00  0.00000000e+00  0.00000000e+00  0.00000000e+00  0.00000000e+00  0.00000000e+00  0.00000000e+00  0.00000000e+00  0.00000000e+00  0.00000000e+00  0.00000000e+00  0.00000000e+00  0.00000000e+00  0.00000000e+00  0.00000000e+00  0.00000000e+00  0.00000000e+00  0.00000000e+00  0.00000000e+00  0.00000000e+00  0.00000000e+00  0.00000000e+00  0.00000000e+00  0.00000000e+00  0.00000000e+00  0.00000000e+00  0.00000000e+00  0.00000000e+00  0.00000000e+00  0.00000000e+00  0.00000000e+00  0.00000000e+00  0.00000000e+00  0.00000000e+00  0.00000000e+00  0.00000000e+00  0.00000000e+00  0.00000000e+00  0.00000000e+00  0.00000000e+00  0.00000000e+00  0.00000000e+00  0.00000000e+00  0.00000000e+00  0.00000000e+00  0.00000000e+00  0.00000000e+00  0.00000000e+00  0.00000000e+00  0.00000000e+00  0.00000000e+00  0.00000000e+00  0.00000000e+00  0.00000000e+00  0.00000000e+00  0.00000000e+00  0.00000000e+00  0.00000000e+00  0.00000000e+00  0.00000000e+00  
6       0.0299357729      0.0274358465         0.00550110829      1.59257173e-250 7.27091821e-262 7.79078929e-274 3.60742623e-286 6.85410427e-299 0.00000000e+00  0.00000000e+00  0.00000000e+00  0.00000000e+00  0.00000000e+00  0.00000000e+00  0.00000000e+00  0.00000000e+00  0.00000000e+00  0.00000000e+00  0.00000000e+00  0.00000000e+00  0.00000000e+00  0.00000000e+00  0.00000000e+00  0.00000000e+00  0.00000000e+00  0.00000000e+00  0.00000000e+00  0.00000000e+00  0.00000000e+00  0.00000000e+00  0.00000000e+00  0.00000000e+00  0.00000000e+00  0.00000000e+00  0.00000000e+00  0.00000000e+00  0.00000000e+00  0.00000000e+00  0.00000000e+00  0.00000000e+00  0.00000000e+00  0.00000000e+00  0.00000000e+00  0.00000000e+00  0.00000000e+00  0.00000000e+00  0.00000000e+00  0.00000000e+00  0.00000000e+00  0.00000000e+00  0.00000000e+00  0.00000000e+00  0.00000000e+00  0.00000000e+00  0.00000000e+00  0.00000000e+00  0.00000000e+00  0.00000000e+00  0.00000000e+00  0.00000000e+00  0.00000000e+00  0.00000000e+00  0.00000000e+00  0.00000000e+00  0.00000000e+00  0.00000000e+00  0.00000000e+00  0.00000000e+00  0.00000000e+00  0.00000000e+00  0.00000000e+00  0.00000000e+00  0.00000000e+00  0.00000000e+00  0.00000000e+00  0.00000000e+00  0.00000000e+00  0.00000000e+00  0.00000000e+00  0.00000000e+00  0.00000000e+00  0.00000000e+00  0.00000000e+00  0.00000000e+00  0.00000000e+00  0.00000000e+00  0.00000000e+00  0.00000000e+00  0.00000000e+00  0.00000000e+00  0.00000000e+00  0.00000000e+00  0.00000000e+00  0.00000000e+00  0.00000000e+00  0.00000000e+00  0.00000000e+00  0.00000000e+00  0.00000000e+00  0.00000000e+00  
7       0.0359381366      0.0329369548         0.00660412483      1.24928857e-205 4.38135475e-215 4.70420604e-225 2.44834198e-235 6.09487441e-246 4.14939580e-257 9.78784297e-269 7.39571711e-281 2.09188405e-293 0.00000000e+00  0.00000000e+00  0.00000000e+00  0.00000000e+00  0.00000000e+00  0.00000000e+00  0.00000000e+00  0.00000000e+00  0.00000000e+00  0.00000000e+00  0.00000000e+00  0.00000000e+00  0.00000000e+00  0.00000000e+00  0.00000000e+00  0.00000000e+00  0.00000000e+00  0.00000000e+00  0.00000000e+00  0.00000000e+00  0.00000000e+00  0.00000000e+00  0.00000000e+00  0.00000000e+00  0.00000000e+00  0.00000000e+00  0.00000000e+00  0.00000000e+00  0.00000000e+00  0.00000000e+00  0.00000000e+00  0.00000000e+00  0.00000000e+00  0.00000000e+00  0.00000000e+00  0.00000000e+00  0.00000000e+00  0.00000000e+00  0.00000000e+00  0.00000000e+00  0.00000000e+00  0.00000000e+00  0.00000000e+00  0.00000000e+00  0.00000000e+00  0.00000000e+00  0.00000000e+00  0.00000000e+00  0.00000000e+00  0.00000000e+00  0.00000000e+00  0.00000000e+00  0.00000000e+00  0.00000000e+00  0.00000000e+00  0.00000000e+00  0.00000000e+00  0.00000000e+00  0.00000000e+00  0.00000000e+00  0.00000000e+00  0.00000000e+00  0.00000000e+00  0.00000000e+00  0.00000000e+00  0.00000000e+00  0.00000000e+00  0.00000000e+00  0.00000000e+00  0.00000000e+00  0.00000000e+00  0.00000000e+00  0.00000000e+00  0.00000000e+00  0.00000000e+00  0.00000000e+00  0.00000000e+00  0.00000000e+00  0.00000000e+00  0.00000000e+00  0.00000000e+00  0.00000000e+00  0.00000000e+00  0.00000000e+00  0.00000000e+00  0.00000000e+00  0.00000000e+00  0.00000000e+00  
8       0.0431440226      0.0395410796         0.00792830508      2.77122795e-168 3.62651186e-176 1.81334755e-184 4.84963793e-193 6.95122017e-202 3.44258292e-211 6.73501349e-221 5.28086996e-231 1.90969622e-241 2.39216699e-252 7.55311688e-264 1.34912298e-275 5.85201670e-288 4.20962135e-301 0.00000000e+00  0.00000000e+00  0.00000000e+00  0.00000000e+00  0.00000000e+00  0.00000000e+00  0.00000000e+00  0.00000000e+00  0.00000000e+00  0.00000000e+00  0.00000000e+00  0.00000000e+00  0.00000000e+00  0.00000000e+00  0.00000000e+00  0.00000000e+00  0.00000000e+00  0.00000000e+00  0.00000000e+00  0.00000000e+00  0.00000000e+00  0.00000000e+00  0.00000000e+00  0.00000000e+00  0.00000000e+00  0.00000000e+00  0.00000000e+00  0.00000000e+00  0.00000000e+00  0.00000000e+00  0.00000000e+00  0.00000000e+00  0.00000000e+00  0.00000000e+00  0.00000000e+00  0.00000000e+00  0.00000000e+00  0.00000000e+00  0.00000000e+00  0.00000000e+00  0.00000000e+00  0.00000000e+00  0.00000000e+00  0.00000000e+00  0.00000000e+00  0.00000000e+00  0.00000000e+00  0.00000000e+00  0.00000000e+00  0.00000000e+00  0.00000000e+00  0.00000000e+00  0.00000000e+00  0.00000000e+00  0.00000000e+00  0.00000000e+00  0.00000000e+00  0.00000000e+00  0.00000000e+00  0.00000000e+00  0.00000000e+00  0.00000000e+00  0.00000000e+00  0.00000000e+00  0.00000000e+00  0.00000000e+00  0.00000000e+00  0.00000000e+00  0.00000000e+00  0.00000000e+00  0.00000000e+00  0.00000000e+00  0.00000000e+00  0.00000000e+00  0.00000000e+00  0.00000000e+00  0.00000000e+00  0.00000000e+00  0.00000000e+00  0.00000000e+00  0.00000000e+00  0.00000000e+00  0.00000000e+00  
9       0.0517947468      0.0474693847         0.00951799413      3.16599219e-137 8.46772859e-144 1.03744000e-150 7.40964747e-158 3.10454463e-165 5.46290911e-173 4.33311178e-181 1.63264735e-189 3.27766671e-198 2.62138986e-207 7.08284863e-217 1.06761284e-226 5.28019342e-237 6.35993299e-248 5.63618358e-259 1.08147112e-270 2.90098681e-283 1.23891951e-295 0.00000000e+00  0.00000000e+00  0.00000000e+00  0.00000000e+00  0.00000000e+00  0.00000000e+00  0.00000000e+00  0.00000000e+00  0.00000000e+00  0.00000000e+00  0.00000000e+00  0.00000000e+00  0.00000000e+00  0.00000000e+00  0.00000000e+00  0.00000000e+00  0.00000000e+00  0.00000000e+00  0.00000000e+00  0.00000000e+00  0.00000000e+00  0.00000000e+00  0.00000000e+00  0.00000000e+00  0.00000000e+00  0.00000000e+00  0.00000000e+00  0.00000000e+00  0.00000000e+00  0.00000000e+00  0.00000000e+00  0.00000000e+00  0.00000000e+00  0.00000000e+00  0.00000000e+00  0.00000000e+00  0.00000000e+00  0.00000000e+00  0.00000000e+00  0.00000000e+00  0.00000000e+00  0.00000000e+00  0.00000000e+00  0.00000000e+00  0.00000000e+00  0.00000000e+00  0.00000000e+00  0.00000000e+00  0.00000000e+00  0.00000000e+00  0.00000000e+00  0.00000000e+00  0.00000000e+00  0.00000000e+00  0.00000000e+00  0.00000000e+00  0.00000000e+00  0.00000000e+00  0.00000000e+00  0.00000000e+00  0.00000000e+00  0.00000000e+00  0.00000000e+00  0.00000000e+00  0.00000000e+00  0.00000000e+00  0.00000000e+00  0.00000000e+00  0.00000000e+00  0.00000000e+00  0.00000000e+00  0.00000000e+00  0.00000000e+00  0.00000000e+00  0.00000000e+00  0.00000000e+00  0.00000000e+00  0.00000000e+00  0.00000000e+00  
10      0.0621800109      0.0569873788         0.0114264286       2.08950432e-111 6.91414148e-117 1.21390317e-122 1.34036051e-128 9.36179738e-135 3.22341628e-141 5.65949816e-148 5.38453088e-155 3.03055120e-162 7.78822377e-170 8.47108314e-178 5.23772618e-186 1.33632210e-194 1.12339846e-203 6.49135097e-213 1.11495745e-222 3.94874509e-233 1.79708394e-243 1.69877331e-254 2.64559981e-266 8.74433061e-278 1.75990203e-289 2.78144281e-300 0.00000000e+00  0.00000000e+00  0.00000000e+00  0.00000000e+00  0.00000000e+00  0.00000000e+00  0.00000000e+00  0.00000000e+00  0.00000000e+00  0.00000000e+00  0.00000000e+00  0.00000000e+00  0.00000000e+00  0.00000000e+00  0.00000000e+00  0.00000000e+00  0.00000000e+00  0.00000000e+00  0.00000000e+00  0.00000000e+00  0.00000000e+00  0.00000000e+00  0.00000000e+00  0.00000000e+00  0.00000000e+00  0.00000000e+00  0.00000000e+00  0.00000000e+00  0.00000000e+00  0.00000000e+00  0.00000000e+00  0.00000000e+00  0.00000000e+00  0.00000000e+00  0.00000000e+00  0.00000000e+00  0.00000000e+00  0.00000000e+00  0.00000000e+00  0.00000000e+00  0.00000000e+00  0.00000000e+00  0.00000000e+00  0.00000000e+00  0.00000000e+00  0.00000000e+00  0.00000000e+00  0.00000000e+00  0.00000000e+00  0.00000000e+00  0.00000000e+00  0.00000000e+00  0.00000000e+00  0.00000000e+00  0.00000000e+00  0.00000000e+00  0.00000000e+00  0.00000000e+00  0.00000000e+00  0.00000000e+00  0.00000000e+00  0.00000000e+00  0.00000000e+00  0.00000000e+00  0.00000000e+00  0.00000000e+00  0.00000000e+00  0.00000000e+00  0.00000000e+00  0.00000000e+00  0.00000000e+00  0.00000000e+00  0.00000000e+00  0.00000000e+00  
11      0.0746476041      0.0684138075         0.0137175197       5.96805235e-90  1.60752925e-94  2.58639721e-99  2.79780339e-104 2.04238093e-109 8.37380178e-115 1.95386083e-120 2.74235120e-126 2.46764459e-132 1.14870019e-138 2.69006547e-145 3.73045931e-152 2.54046653e-159 7.20311201e-167 1.36505995e-174 9.86692010e-183 2.01813218e-191 4.51670254e-200 2.85799778e-209 4.25672837e-219 1.00399015e-228 1.95754630e-238 1.90472143e-247 1.83957416e-255 1.60810370e-263 7.88698723e-271 2.18618878e-277 1.01373177e-283 8.36160765e-289 9.80540369e-294 5.94999297e-298 1.32680152e-301 1.98745782e-304 0.00000000e+00  0.00000000e+00  0.00000000e+00  0.00000000e+00  0.00000000e+00  0.00000000e+00  0.00000000e+00  0.00000000e+00  0.00000000e+00  0.00000000e+00  0.00000000e+00  0.00000000e+00  0.00000000e+00  0.00000000e+00  0.00000000e+00  0.00000000e+00  0.00000000e+00  0.00000000e+00  0.00000000e+00  0.00000000e+00  0.00000000e+00  0.00000000e+00  0.00000000e+00  0.00000000e+00  0.00000000e+00  0.00000000e+00  0.00000000e+00  0.00000000e+00  0.00000000e+00  0.00000000e+00  0.00000000e+00  0.00000000e+00  0.00000000e+00  0.00000000e+00  0.00000000e+00  0.00000000e+00  0.00000000e+00  0.00000000e+00  0.00000000e+00  0.00000000e+00  0.00000000e+00  0.00000000e+00  0.00000000e+00  0.00000000e+00  0.00000000e+00  0.00000000e+00  0.00000000e+00  0.00000000e+00  0.00000000e+00  0.00000000e+00  0.00000000e+00  0.00000000e+00  0.00000000e+00  0.00000000e+00  0.00000000e+00  0.00000000e+00  0.00000000e+00  0.00000000e+00  0.00000000e+00  0.00000000e+00  0.00000000e+00  0.00000000e+00  0.00000000e+00  0.00000000e+00  
12      0.0896150502      0.0821313271         0.0164679929       3.94852102e-72  6.10621185e-76  6.20538724e-80  4.49506930e-84  2.32451368e-88  7.50451329e-93  1.51584162e-97  2.00415383e-102 1.81322495e-107 9.47023781e-113 2.84233190e-118 5.32567154e-124 5.59842621e-130 2.93174244e-136 1.02776671e-142 1.66875209e-149 9.89443229e-157 5.72556696e-164 1.20149794e-171 7.93242145e-180 6.63714495e-188 5.75760913e-196 1.73245304e-203 3.16092427e-210 6.06013461e-217 3.79771293e-223 1.28885461e-228 8.23046803e-234 4.36670889e-238 3.47139045e-242 7.20381055e-246 9.41718267e-249 3.98000450e-251 2.10437743e-253 1.25184281e-254 3.72566073e-256 4.53355434e-258 1.80625103e-258 4.92457899e-259 1.54474607e-260 9.63188505e-261 5.93262614e-261 3.59706038e-261 2.13658834e-261 1.23471391e-261 6.86661044e-262 3.62232243e-262 1.76625880e-262 7.62679778e-263 2.79240274e-263 9.76056487e-264 7.77487354e-264 6.20635929e-264 4.96310201e-264 3.97471498e-264 3.18678276e-264 2.55736573e-264 2.05384326e-264 1.65065398e-264 1.32726863e-264 1.06766211e-264 8.59106862e-265 6.91408258e-265 5.56555602e-265 4.48059058e-265 3.60773835e-265 2.90506760e-265 2.33917825e-265 1.88361601e-265 1.51671655e-265 1.22104466e-265 9.82905591e-266 7.91119564e-266 6.36557984e-266 5.12085306e-266 4.11771373e-266 3.30936410e-266 2.65795624e-266 2.13301039e-266 1.71001528e-266 1.36931053e-266 1.09477800e-266 8.73532175e-267 6.95247162e-267 5.51578093e-267 4.35799834e-267 3.42508145e-267 2.67323263e-267 2.06740535e-267 1.57917419e-267 1.18574364e-267 8.68705099e-268 6.13212274e-268 4.07343570e-268 2.41430409e-268 1.07739400e-268 0.00000000e+00  
13      0.10758359        0.09859932           0.0197699582       2.44790863e-57  1.62445315e-60  7.65063875e-64  2.70238725e-67  7.15708731e-71  1.28921378e-74  1.57430703e-78  1.34875425e-82  8.35266925e-87  3.27971377e-91  8.20633009e-96  1.35700462e-100 1.39610256e-105 8.20912719e-111 3.30000130e-116 7.14255113e-122 6.91883049e-128 6.06275442e-134 2.35163280e-140 3.62468139e-147 6.02682372e-154 1.21352067e-160 6.36299619e-167 1.35906273e-172 3.39416249e-178 1.90720251e-183 5.07343191e-188 2.74478165e-192 6.89326678e-196 2.68555222e-199 1.82890826e-202 8.85594068e-205 8.87127562e-207 1.12487887e-208 7.61951022e-210 4.92142294e-211 1.45642308e-212 5.87374127e-213 1.66989985e-213 1.24347353e-214 7.77821408e-215 4.81169416e-215 2.93499685e-215 1.75833456e-215 1.02908874e-215 5.83708158e-216 3.18118541e-216 1.64465139e-216 7.98226991e-217 3.75104910e-217 1.99679034e-217 1.59066838e-217 1.26983396e-217 1.01550643e-217 8.13300896e-218 6.52094717e-218 5.23313224e-218 4.20285912e-218 3.37785029e-218 2.71611824e-218 2.18488282e-218 1.75810600e-218 1.41493175e-218 1.13896910e-218 9.16939479e-219 7.38315426e-219 5.94517077e-219 4.78710038e-219 3.85480405e-219 3.10395136e-219 2.49886452e-219 2.01151590e-219 1.61902693e-219 1.30271756e-219 1.04798413e-219 8.42691585e-220 6.77262770e-220 5.43952100e-220 4.36521889e-220 3.49955907e-220 2.80230425e-220 2.24047138e-220 1.78769013e-220 1.42282852e-220 1.12880869e-220 8.91867622e-221 7.00945481e-221 5.47079059e-221 4.23096052e-221 3.23179179e-221 2.42663324e-221 1.77781148e-221 1.25494351e-221 8.33631664e-222 4.94089138e-222 2.20489488e-222 0.00000000e+00  
14      0.129154967       0.118369278          0.0237339941       4.55576100e-45  1.01770689e-47  1.71698352e-50  2.27023577e-53  2.34891983e-56  1.77187210e-59  9.68954938e-63  3.93785354e-66  1.21251603e-69  2.56138929e-73  3.74017526e-77  3.81649930e-81  2.62915811e-85  1.15075961e-89  3.55546320e-94  6.64851411e-99  6.53537053e-104 5.55224943e-109 2.44715860e-114 5.16305207e-120 1.05350566e-125 2.86218823e-131 1.62189774e-136 2.72932108e-141 5.75075726e-146 2.14838067e-150 3.12093646e-154 9.48528562e-158 8.75343421e-161 1.27303662e-163 2.64428676e-166 3.36495861e-168 6.93525948e-170 1.82179466e-171 1.51167649e-172 1.71844947e-173 1.04841057e-174 4.32499571e-175 1.32191828e-175 1.91812964e-176 1.20717717e-176 7.52906251e-177 4.64408968e-177 2.82598822e-177 1.69143799e-177 9.91956805e-178 5.69164088e-178 3.19595950e-178 1.77629434e-178 1.02320946e-178 6.66256067e-179 5.30817432e-179 4.23798327e-179 3.38948209e-179 2.71476999e-179 2.17679752e-179 1.74698851e-179 1.40310529e-179 1.12771478e-179 9.06814303e-180 7.29468709e-180 5.86989822e-180 4.72418659e-180 3.80284236e-180 3.06154785e-180 2.46516094e-180 1.98504336e-180 1.59838140e-180 1.28709796e-180 1.03639493e-180 8.34361829e-181 6.71639422e-181 5.40589166e-181 4.34974930e-181 3.49920066e-181 2.81373392e-181 2.26137119e-181 1.81625015e-181 1.45754333e-181 1.16850166e-181 9.35688495e-182 7.48092679e-182 5.96909166e-182 4.75081989e-182 3.76908863e-182 2.97794315e-182 2.34045473e-182 1.82669523e-182 1.41271637e-182 1.07909425e-182 8.10252066e-183 5.93610688e-183 4.19025237e-183 2.78349347e-183 1.64976206e-183 7.36213697e-184 0.00000000e+00  
15      0.155051578       0.142103272          0.0284928511       6.71414649e-35  4.12389527e-37  2.01180757e-39  7.98824628e-42  2.57569246e-44  6.40636214e-47  1.22130402e-49  1.81553457e-52  2.12973350e-55  1.83015481e-58  1.15992677e-61  5.40950876e-65  1.81860012e-68  4.21812764e-72  7.16498547e-76  8.07122060e-80  5.42466543e-84  3.07936673e-88  1.02857520e-92  1.90556869e-97  3.18992060e-102 7.45278976e-107 3.06595604e-111 2.92572919e-115 3.62348099e-119 6.89277939e-123 4.10019262e-126 4.99821643e-129 1.37531585e-131 5.94509362e-134 3.35833870e-136 8.90625659e-138 3.36067882e-139 1.61891954e-140 1.74001393e-141 2.95373301e-142 3.21825495e-143 1.37605747e-143 4.65974272e-144 1.10600824e-144 7.03039508e-145 4.44267353e-145 2.78861999e-145 1.73741539e-145 1.07407119e-145 6.58923147e-146 4.02698578e-146 2.46884441e-146 1.54203887e-146 1.01250795e-146 7.24721243e-147 5.77526777e-147 4.61175384e-147 3.68897550e-147 2.95500780e-147 2.36966680e-147 1.90193267e-147 1.52765235e-147 1.22788160e-147 9.87402095e-148 7.94323515e-148 6.39194848e-148 5.14446292e-148 4.14123207e-148 3.33402706e-148 2.68459261e-148 2.16175804e-148 1.74068943e-148 1.40169940e-148 1.12867891e-148 9.08660908e-149 7.31451087e-149 5.88731669e-149 4.73713182e-149 3.81083725e-149 3.06432602e-149 2.46277242e-149 1.97801097e-149 1.58735938e-149 1.27257699e-149 1.01902778e-149 8.14723303e-150 6.50074277e-150 5.17396278e-150 4.10479133e-150 3.24318062e-150 2.54891280e-150 1.98939412e-150 1.53854326e-150 1.17520630e-150 8.82419062e-151 6.46482013e-151 4.56346700e-151 3.03141183e-151 1.79670197e-151 8.01786292e-152 0.00000000e+00  
16      0.186140669       0.170596123          0.0342058974       1.75810626e-26  2.50810111e-28  2.96067289e-30  2.93814808e-32  2.44461572e-34  1.64278760e-36  8.86035664e-39  3.87964690e-41  1.38860597e-43  3.84369684e-46  8.26789063e-49  1.37035886e-51  1.72696454e-54  1.60228181e-57  1.13014539e-60  5.68188059e-64  1.88261748e-67  5.23075884e-71  9.44958621e-75  1.06327750e-78  1.04156635e-82  1.44180945e-86  3.09181159e-90  1.27125829e-93  6.85621568e-97  5.21372584e-100 1.00795314e-102 3.77066083e-105 2.60250669e-107 2.76625003e-109 3.71793275e-111 1.75949440e-112 1.10403556e-113 8.81061987e-115 1.25529262e-115 2.84773784e-116 4.89973012e-117 2.20074493e-117 8.41531233e-118 2.83027042e-118 1.82482716e-118 1.17431895e-118 7.54538619e-119 4.84477764e-119 3.11350341e-119 2.00750484e-119 1.30590765e-119 8.63206355e-120 5.86085112e-120 4.15395175e-120 3.11489082e-120 2.48308283e-120 1.98338171e-120 1.58688418e-120 1.27138938e-120 1.01970209e-120 8.18531500e-121 6.57519954e-121 5.28537264e-121 4.25051048e-121 3.41953660e-121 2.75182723e-121 2.21484592e-121 1.78297608e-121 1.43547418e-121 1.15587875e-121 9.30779867e-122 7.49491858e-122 6.03537354e-122 4.85984549e-122 3.91252711e-122 3.14951271e-122 2.53499385e-122 2.03974919e-122 1.64090022e-122 1.31946333e-122 1.06044310e-122 8.51711870e-123 6.83502976e-123 5.47962256e-123 4.38785837e-123 3.50813838e-123 2.79917183e-123 2.22787017e-123 1.76749284e-123 1.39648963e-123 1.09754303e-123 8.56618418e-124 6.62485366e-124 5.06035156e-124 3.79963132e-124 2.78370381e-124 1.96499519e-124 1.30530355e-124 7.73646603e-125 3.45243257e-125 0.00000000e+00  
17      0.223463373       0.204802021          0.0410644554       1.60369399e-19  4.61666037e-21  1.13704440e-22  2.42010534e-24  4.43870777e-26  6.82667503e-28  8.75333699e-30  9.42546986e-32  8.55280187e-34  6.27610916e-36  3.73439982e-38  1.78229140e-40  6.75720957e-43  1.98637767e-45  4.59941988e-48  8.04040221e-51  1.00171415e-53  1.04984832e-56  7.74419983e-60  3.89789864e-63  1.68143900e-66  1.01425657e-69  8.60529747e-73  1.21041437e-75  2.21744096e-78  5.42938333e-81  2.82303447e-83  2.62943147e-85  3.94233537e-87  8.81206835e-89  2.46816850e-90  1.87004386e-91  1.80198404e-92  2.18861738e-93  4.10768109e-94  1.16351946e-94  2.85326456e-95  1.36050421e-95  5.89414346e-96  2.52218555e-96  1.65574986e-96  1.08947295e-96  7.19399972e-97  4.77527169e-97  3.19373078e-97  2.15808237e-97  1.48018835e-97  1.03523645e-97  7.42451269e-98  5.49981131e-98  4.22670233e-98  3.37094646e-98  2.69359822e-98  2.15579580e-98  1.72763140e-98  1.38591368e-98  1.11268545e-98  8.93935711e-99  7.18654916e-99  5.77994932e-99  4.65030382e-99  3.74248358e-99  3.01233686e-99  2.42506043e-99  1.95247967e-99  1.57222185e-99  1.26606712e-99  1.01949357e-99  8.20968890e-100 6.61072072e-100 5.32216624e-100 4.28428089e-100 3.44836670e-100 2.77469813e-100 2.23214184e-100 1.79488961e-100 1.44254307e-100 1.15860491e-100 9.29789492e-101 7.45412761e-101 5.96896153e-101 4.77224679e-101 3.80781410e-101 3.03065190e-101 2.40438406e-101 1.89969506e-101 1.49302725e-101 1.16528884e-101 9.01202665e-102 6.88377819e-102 5.16877511e-102 3.78677239e-102 2.67305362e-102 1.77565135e-102 1.05241929e-102 4.69646817e-103 0.00000000e+00  
18      0.26826958        0.245866476          0.0492982096       8.92961733e-14  4.61357860e-15  2.09574785e-16  8.42182251e-18  2.98550721e-19  9.15167623e-21  2.41333360e-22  5.49845834e-24  1.08376268e-25  1.79208752e-27  2.48818667e-29  2.86808101e-31  2.72312334e-33  2.09023446e-35  1.30526735e-37  6.44500623e-40  2.41240877e-42  7.66813257e-45  1.82724773e-47  3.19241285e-50  4.77293957e-53  9.74107993e-56  2.59957931e-58  1.02968797e-60  5.21707984e-63  3.40500598e-65  4.06691088e-67  8.01143117e-69  2.31277264e-70  9.56617374e-72  4.94658112e-73  5.53768108e-74  7.66915573e-75  1.32057740e-75  3.18711183e-76  1.08101461e-76  3.47878647e-77  1.77087426e-77  8.61055577e-78  4.34875131e-78  2.91444943e-78  1.96514619e-78  1.33517142e-78  9.15711758e-79  6.35229680e-79  4.46586756e-79  3.19096709e-79  2.32218138e-79  1.72504242e-79  1.31188010e-79  1.02243510e-79  8.15906062e-80  6.52273683e-80  5.22246487e-80  4.18656054e-80  3.35935552e-80  2.69764799e-80  2.16767856e-80  1.74288414e-80  1.40190958e-80  1.12801883e-80  9.07874585e-81  7.30796014e-81  5.88351074e-81  4.73716124e-81  3.81468364e-81  3.07193282e-81  2.47371281e-81  1.99203846e-81  1.60407472e-81  1.29142784e-81  1.03959463e-81  8.36762079e-82  6.73298036e-82  5.41644329e-82  4.35543123e-82  3.50044661e-82  2.81145798e-82  2.25622716e-82  1.80882879e-82  1.44843636e-82  1.15803992e-82  9.24009370e-83  7.35422130e-83  5.83451120e-83  4.60982597e-83  3.62300032e-83  2.82770580e-83  2.18687070e-83  1.67042702e-83  1.25426203e-83  9.18903360e-84  6.48646842e-84  4.30881983e-84  2.55381503e-84  1.13965138e-84  0.00000000e+00  
19      0.322059792       0.295164686          0.0591828978       4.84340993e-09  4.07310411e-10  3.07972446e-11  2.10116047e-12  1.29007870e-13  7.02408671e-15  3.37627360e-16  1.43600955e-17  5.40403937e-19  1.75848219e-20  4.94487812e-22  1.18868356e-23  2.42567859e-25  4.14023247e-27  5.91603141e-29  6.93972806e-31  6.48052473e-33  5.20488445e-35  3.29585873e-37  1.61961494e-39  6.86075473e-42  3.84647677e-44  2.66784502e-46  2.52466583e-48  2.98463563e-50  4.41751385e-52  1.06154498e-53  3.88809418e-55  1.95188634e-56  1.34616356e-57  1.15587710e-58  1.79655851e-59  3.38192802e-60  7.77928731e-61  2.33866318e-61  9.22843867e-62  3.65360527e-62  1.98630676e-62  1.06669903e-62  6.04658529e-63  4.14176059e-63  2.86247724e-63  1.99873833e-63  1.41190658e-63  1.01025185e-63  7.32862599e-64  5.39701453e-64  4.03675932e-64  3.06810568e-64  2.37175840e-64  1.86446960e-64  1.48887466e-64  1.19094739e-64  9.53978094e-65  7.65036623e-65  6.14063924e-65  4.93232544e-65  3.96414767e-65  3.18781417e-65  2.56448628e-65  2.06367981e-65  1.66107003e-65  1.33717854e-65  1.07660080e-65  8.66875896e-66  6.98091772e-66  5.62182995e-66  4.52716903e-66  3.64571255e-66  2.93572155e-66  2.36356377e-66  1.90268247e-66  1.53146525e-66  1.23229893e-66  9.91342820e-67  7.97153575e-67  6.40672019e-67  5.14571491e-67  4.12951670e-67  3.31067631e-67  2.65105464e-67  2.11954574e-67  1.69120259e-67  1.34603377e-67  1.06788316e-67  8.43730582e-68  6.63113139e-68  5.17551396e-68  4.00260161e-68  3.05736132e-68  2.29565983e-68  1.68185713e-68  1.18721006e-68  7.88637811e-69  4.67421516e-69  2.08588942e-69  0.00000000e+00  
20      0.386635375       0.354347584          0.0710495457       3.77727292e-05  4.76612722e-06  5.50739419e-07  5.83901668e-08  5.66619853e-09  4.97807400e-10  3.94443045e-11  2.82149595e-12  1.82038696e-13  1.04115428e-14  5.27017238e-16  2.33756473e-17  9.02594032e-19  2.99757427e-20  8.54472962e-22  2.06172517e-23  4.11763248e-25  7.17270204e-27  1.02569432e-28  1.19076632e-30  1.20653556e-32  1.56511416e-34  2.40722818e-36  4.73698777e-38  1.13511180e-39  3.32416408e-41  1.43719478e-42  8.82649150e-44  7.06788612e-45  7.46488160e-46  9.72609331e-47  1.99604572e-47  4.87053831e-48  1.42344700e-48  5.15650059e-49  2.31326255e-49  1.07244220e-49  6.20317190e-50  3.61541647e-50  2.22485585e-50  1.55727702e-50  1.10170274e-50  7.88438035e-51  5.71181610e-51  4.19060356e-51  3.11385065e-51  2.34402564e-51  1.78690838e-51  1.37904347e-51  1.07750629e-51  8.51867200e-52  6.80777220e-52  5.44891430e-52  4.36693570e-52  3.50347729e-52  2.81304722e-52  2.26013856e-52  1.81689830e-52  1.46133685e-52  1.17576149e-52  9.46261843e-53  7.61722321e-53  6.13242701e-53  4.93770449e-53  3.97603304e-53  3.20200735e-53  2.57869929e-53  2.07664510e-53  1.67234543e-53  1.34668040e-53  1.08423794e-53  8.72829087e-54  7.02543457e-54  5.65309183e-54  4.54773204e-54  3.65691014e-54  2.93906813e-54  2.36059576e-54  1.89442596e-54  1.51879189e-54  1.21618663e-54  9.72353857e-55  7.75848964e-55  6.17500770e-55  4.89897572e-55  3.87066281e-55  3.04206985e-55  2.37429694e-55  1.83621662e-55  1.40258217e-55  1.05314722e-55  7.71561678e-56  5.44639477e-56  3.61792153e-56  2.14432322e-56  9.56913827e-57  0.00000000e+00  
21      0.464158883       0.425397129          0.0852955522       5.85790517e-02  1.03633605e-02  1.70457417e-03  2.60882522e-04  3.70717749e-05  4.85145175e-06  5.82798065e-07  6.42736394e-08  6.49892230e-09  5.94605240e-10  4.91125986e-11  3.62935560e-12  2.38465046e-13  1.37908757e-14  6.99441814e-16  3.07922154e-17  1.15762686e-18  3.84961104e-20  1.08560943e-21  2.57646538e-23  5.41764066e-25  1.41132263e-26  4.21829502e-28  1.53529358e-29  6.63625763e-31  3.43030455e-32  2.42822655e-33  2.29864649e-34  2.72840245e-35  4.11453115e-36  7.54544598e-37  1.96101001e-37  5.95391332e-38  2.11903656e-38  8.96481312e-39  4.48078490e-39  2.34342940e-39  1.43302610e-39  8.92002445e-40  5.82796737e-40  4.16318251e-40  3.00799012e-40  2.19889803e-40  1.62648360e-40  1.21712637e-40  9.20971794e-41  7.04458882e-41  5.44284293e-41  4.24502903e-41  3.34115553e-41  2.65202459e-41  2.12108831e-41  1.69882409e-41  1.36222088e-41  1.09334619e-41  8.78191034e-42  7.05785582e-42  5.67506039e-42  4.56531138e-42  3.67370031e-42  2.95697974e-42  2.38053896e-42  1.91666781e-42  1.54336355e-42  1.24284464e-42  1.00093691e-42  8.06118492e-43  6.49192693e-43  5.22812175e-43  4.21008281e-43  3.38967959e-43  2.72878384e-43  2.19642518e-43  1.76739395e-43  1.42181559e-43  1.14331010e-43  9.18884838e-44  7.38031931e-44  5.92289164e-44  4.74851381e-44  3.80241629e-44  3.04007135e-44  2.42569739e-44  1.93062061e-44  1.53166830e-44  1.21016552e-44  9.51105334e-45  7.42325652e-45  5.74094452e-45  4.38518329e-45  3.29267237e-45  2.41229316e-45  1.70281926e-45  1.13114578e-45  6.70424202e-46  2.99179799e-46  0.00000000e+00  
22      0.55722648        0.510692681          0.102397998        2.36583417e+01  5.54673819e+00  1.22417915e+00  2.54377824e-01  4.96718153e-02  9.05894984e-03  1.53884165e-03  2.43381382e-04  3.57847287e-05  4.84220839e-06  6.01387366e-07  6.80057676e-08  6.96003695e-09  6.39133152e-10  5.24287795e-11  3.81161385e-12  2.42658894e-13  1.38485789e-14  6.88029350e-16  2.96086073e-17  1.14712427e-18  5.33855891e-20  2.77822004e-21  1.69445442e-22  1.19921395e-23  9.94787399e-25  1.06486626e-25  1.44950325e-26  2.39641393e-27  4.86829043e-28  1.18111229e-28  3.75116625e-29  1.36759084e-29  5.71826369e-30  2.74732382e-30  1.50253521e-30  8.61941822e-31  5.53139961e-31  3.62767649e-31  2.47844940e-31  1.80350021e-31  1.32726841e-31  9.87727175e-32  7.43008319e-32  5.64655521e-32  4.33174628e-32  3.35263083e-32  2.61552740e-32  2.05529120e-32  1.62611154e-32  1.29451129e-32  1.03618971e-32  8.30455938e-33  6.66269853e-33  5.34994751e-33  4.29868430e-33  3.45577875e-33  2.77937037e-33  2.23628427e-33  1.79980357e-33  1.44884702e-33  1.16651755e-33  9.39288182e-34  7.56395718e-34  6.09146131e-34  4.90601592e-34  3.95125441e-34  3.18216685e-34  2.56273332e-34  2.06373906e-34  1.66161642e-34  1.33766438e-34  1.07670754e-34  8.66400752e-35  6.96995246e-35  5.60469439e-35  4.50454230e-35  3.61798566e-35  2.90354198e-35  2.32785179e-35  1.86404882e-35  1.49032641e-35  1.18914343e-35  9.46443208e-36  7.50865833e-36  5.93256349e-36  4.66257936e-36  3.63908406e-36  2.81436855e-36  2.14973719e-36  1.61415836e-36  1.18257231e-36  8.34768731e-37  5.54518703e-37  3.28660342e-37  1.46666148e-37  0.00000000e+00  
23      0.668954879       0.613090679          0.122929621        3.11256706e+03  9.22943217e+02  2.60265766e+02  6.97834729e+01  1.77607988e+01  4.27106757e+00  9.68233680e-01  2.06776925e-01  4.15359944e-02  7.78676705e-03  1.35849357e-03  2.18995439e-04  3.24338439e-05  4.37985863e-06  5.36739094e-07  5.93112985e-08  5.85721695e-09  5.24931221e-10  4.18336255e-11  2.95557240e-12  1.90983543e-13  1.44132798e-14  1.19185484e-15  1.12106952e-16  1.19848668e-17  1.47399619e-18  2.23163209e-19  4.12248117e-20  9.00504401e-21  2.34698089e-21  7.16024228e-22  2.69407321e-22  1.14338841e-22  5.44896523e-23  2.90228545e-23  1.70941393e-23  1.05312876e-23  7.04024214e-24  4.81189011e-24  3.40118954e-24  2.51570726e-24  1.88073464e-24  1.42040026e-24  1.08300089e-24  8.33002540e-25  6.45758760e-25  5.04210523e-25  3.96170508e-25  3.13027720e-25  2.48614820e-25  1.98363015e-25  1.58905431e-25  1.27437454e-25  1.02296181e-25  8.21756629e-26  6.60510861e-26  5.31145585e-26  4.27281489e-26  3.43853237e-26  2.76779678e-26  2.22834762e-26  1.79428862e-26  1.44489033e-26  1.16362510e-26  9.37149010e-27  7.54802289e-27  6.07928789e-27  4.89613627e-27  3.94313932e-27  3.17540939e-27  2.55672176e-27  2.05828536e-27  1.65675919e-27  1.33316670e-27  1.07249804e-27  8.62422225e-28  6.93138960e-28  5.56722184e-28  4.46788876e-28  3.58205928e-28  2.86836705e-28  2.29328928e-28  1.82983396e-28  1.45637093e-28  1.15541975e-28  9.12892919e-29  7.17469891e-29  5.59976152e-29  4.33070312e-29  3.30797953e-29  2.48383981e-29  1.81972243e-29  1.28452812e-29  8.53284079e-30  5.05737022e-30  2.25687408e-30  0.00000000e+00  
24      0.803085722       0.7360203            0.147578001        1.60545394e+05  5.79266273e+04  2.00438379e+04  6.64849745e+03  2.11100986e+03  6.39370351e+02  1.84366892e+02  5.05749099e+01  1.31782090e+01  3.24190160e+00  7.50795265e-01  1.62664166e-01  3.27907723e-02  6.10919811e-03  1.04688974e-03  1.64122954e-04  2.33781008e-05  3.05568400e-06  3.61339871e-07  3.86008879e-08  3.82763045e-09  4.32327334e-10  5.26404820e-11  7.12146627e-12  1.07526702e-12  1.83578363e-13  3.71625028e-14  8.87518327e-15  2.44930808e-15  7.85918921e-16  2.89202368e-16  1.25441968e-16  6.03301591e-17  3.19499929e-17  1.84888012e-17  1.15684214e-17  7.53295733e-18  5.21044981e-18  3.67953339e-18  2.67011708e-18  2.00312444e-18  1.51747139e-18  1.15998001e-18  8.94032473e-19  6.94161013e-19  5.42470778e-19  4.26395642e-19  3.36829798e-19  2.67240432e-19  2.12868404e-19  1.70144595e-19  1.36403047e-19  1.09458484e-19  8.79080951e-20  7.06459935e-20  5.68024514e-20  4.56896022e-20  3.67631338e-20  2.95900556e-20  2.38213530e-20  1.91806662e-20  1.54458369e-20  1.24390469e-20  1.00182475e-20  8.06880440e-21  6.49905027e-21  5.23458331e-21  4.21594586e-21  3.39540320e-21  2.73435468e-21  2.20163799e-21  1.77244775e-21  1.42669218e-21  1.14804556e-21  9.23575003e-22  7.42671649e-22  5.96896129e-22  4.79423050e-22  3.84755777e-22  3.08474018e-22  2.47013419e-22  1.97489796e-22  1.57578697e-22  1.25417409e-22  9.95005789e-23  7.86150435e-23  6.17859177e-23  4.82231252e-23  3.72944524e-23  2.84871259e-23  2.13899320e-23  1.56707928e-23  1.10618926e-23  7.34817454e-24  4.35522471e-24  1.94353851e-24  0.00000000e+00  
25      0.96411088        0.883598301          0.177168579        3.78349404e+06  1.60891845e+06  6.60671607e+05  2.61831394e+05  1.00027085e+05  3.67369438e+04  1.29506331e+04  4.37845149e+03  1.41770660e+03  4.37526773e+02  1.28344450e+02  3.55878413e+01  9.28042375e+00  2.26236463e+00  5.13130358e-01  1.07775779e-01  2.08486387e-02  3.73723811e-03  6.14687368e-04  9.27511584e-05  1.31634982e-05  2.08197821e-06  3.50339637e-07  6.42900353e-08  1.29616022e-08  2.90842097e-09  7.50961216e-10  2.22562800e-10  7.47018033e-11  2.84956493e-11  1.22202509e-11  5.96582865e-12  3.17730370e-12  1.83122601e-12  1.13239562e-12  7.44129938e-13  5.05996171e-13  3.59987211e-13  2.60895399e-13  1.93268309e-13  1.46756263e-13  1.12409313e-13  8.67785454e-14  6.74624504e-14  5.27698353e-14  4.14965819e-14  3.27849252e-14  2.60047351e-14  2.06974125e-14  1.65236684e-14  1.32262780e-14  1.06108068e-14  8.51964868e-15  6.84545777e-15  5.50330042e-15  4.42624043e-15  3.56117482e-15  2.86599877e-15  2.30716092e-15  1.85760596e-15  1.49587638e-15  1.20470008e-15  9.70253383e-16  7.81473491e-16  6.29436437e-16  5.06999471e-16  4.08367783e-16  3.28908863e-16  2.64898208e-16  2.13328045e-16  1.71769391e-16  1.38286028e-16  1.11310965e-16  8.95715889e-17  7.20583384e-17  5.79442124e-17  4.65707691e-17  3.74054894e-17  3.00195245e-17  2.40680021e-17  1.92726750e-17  1.54087040e-17  1.22947289e-17  9.78541558e-18  7.76331233e-18  6.13376468e-18  4.82070941e-18  3.76250256e-18  2.90981706e-18  2.22264491e-18  1.66890208e-18  1.22267891e-18  8.63079674e-19  5.73325046e-19  3.39806764e-19  1.51640288e-19  0.00000000e+00  
26      1.15742288        1.06076688           0.212692307        4.62367442e+07  2.25686778e+07  1.06979989e+07  4.92191104e+06  2.19559851e+06  9.47668553e+05  3.95250956e+05  1.59165600e+05  6.18068236e+04  2.30557885e+04  8.24054003e+03  2.80837689e+03  9.08299814e+02  2.77282160e+02  7.95317030e+01  2.13421478e+01  5.33401686e+00  1.24600878e+00  2.70173248e-01  5.44287874e-02  1.04311325e-02  2.18621987e-03  4.82273088e-04  1.14297808e-04  2.93594407e-05  8.27402194e-06  2.61919188e-06  9.30471488e-07  3.67717124e-07  1.61859153e-07  7.86244217e-08  4.23105514e-08  2.44738776e-08  1.50923036e-08  9.84061952e-09  6.72775310e-09  4.73337627e-09  3.44636267e-09  2.54987042e-09  1.92004709e-09  1.47300296e-09  1.13864128e-09  8.86102869e-10  6.93647634e-10  5.45769211e-10  4.31280653e-10  3.42101152e-10  2.72217141e-10  2.17194031e-10  1.73705332e-10  1.39205187e-10  1.11749156e-10  8.97725196e-11  7.21618251e-11  5.80330800e-11  4.66882490e-11  3.75719715e-11  3.02430920e-11  2.43495184e-11  1.96072213e-11  1.57906077e-11  1.27178666e-11  1.02434962e-11  8.25086451e-12  6.64592442e-12  5.35333658e-12  4.31200410e-12  3.47306906e-12  2.79719867e-12  2.25266793e-12  1.81384899e-12  1.46028689e-12  1.17543974e-12  9.45879607e-13  7.60940433e-13  6.11895868e-13  4.91792794e-13  3.95007833e-13  3.17012361e-13  2.54164540e-13  2.03524603e-13  1.62720036e-13  1.29835625e-13  1.03336606e-13  8.19826546e-14  6.47741957e-14  5.09079807e-14  3.97330334e-14  3.07284464e-14  2.34717248e-14  1.76240523e-14  1.29118163e-14  9.11435220e-15  6.05446584e-15  3.58845031e-15  1.60136200e-15  0.00000000e+00  
27      1.38949549        1.27345919           0.255338828        3.25497933e+08  1.78396469e+08  9.54006210e+07  4.97507889e+07  2.52784866e+07  1.24939549e+07  6.00024528e+06  2.79785096e+06  1.26524669e+06  5.53216891e+05  2.33318750e+05  9.45129615e+04  3.66131148e+04  1.34975579e+04  4.71452211e+03  1.55407656e+03  4.81565668e+02  1.40521760e+02  3.84267094e+01  9.86595635e+00  2.43247565e+00  6.45381170e-01  1.78632043e-01  5.24777099e-02  1.65144413e-02  5.62891015e-03  2.11314635e-03  8.73684770e-04  3.95450968e-04  1.95840438e-04  1.05249739e-04  6.13311101e-05  3.79165126e-05  2.46787534e-05  1.67867065e-05  1.18493580e-05  8.56494546e-06  6.35554807e-06  4.78082397e-06  3.64732037e-06  2.82239563e-06  2.19833060e-06  1.72199938e-06  1.35552258e-06  1.07153438e-06  8.50035779e-07  6.76387986e-07  5.39565695e-07  4.31341067e-07  3.45466623e-07  2.77121825e-07  2.22591867e-07  1.78900305e-07  1.43859798e-07  1.15728296e-07  9.31277483e-08  7.49589109e-08  6.03471237e-08  4.85933070e-08  3.91333289e-08  3.15185294e-08  2.53869262e-08  2.04488472e-08  1.64717549e-08  1.32682050e-08  1.06879251e-08  8.60909559e-09  6.93427159e-09  5.58491414e-09  4.49774437e-09  3.62163095e-09  2.91571650e-09  2.34698194e-09  1.88863513e-09  1.51937021e-09  1.22177545e-09  9.81967671e-10  7.88718778e-10  6.32986537e-10  5.07499356e-10  4.06384796e-10  3.24908869e-10  2.59247400e-10  2.06335868e-10  1.63697676e-10  1.29336935e-10  1.01649772e-10  7.93363576e-11  6.13565794e-11  4.68668257e-11  3.51905706e-11  2.57814818e-11  1.81989505e-11  1.20891668e-11  7.16518607e-12  3.19749633e-12  0.00000000e+00  
28      1.66810054        1.52879802           0.306536321        1.44119689e+09  8.70716334e+08  5.15311959e+08  2.98586597e+08  1.69258459e+08  9.37465635e+07  5.06855390e+07  2.67317734e+07  1.37388339e+07  6.86403054e+06  3.32640039e+06  1.55783431e+06  7.02266177e+05  3.03379584e+05  1.25071978e+05  4.90237508e+04  1.82045142e+04  6.40754466e+03  2.13038070e+03  6.70836539e+02  2.04391058e+02  6.61030976e+01  2.21373053e+01  7.79028947e+00  2.90689842e+00  1.16138432e+00  5.02800943e-01  2.35941298e-01  1.19472209e-01  6.51627004e-02  3.80030668e-02  2.36248371e-02  1.54076657e-02  1.04702890e-02  7.36724543e-03  5.33645140e-03  3.94128335e-03  2.97041658e-03  2.26443538e-03  1.74584374e-03  1.36080872e-03  1.06658129e-03  8.39954349e-04  6.64179057e-04  5.27001865e-04  4.19356368e-04  3.34523379e-04  2.67386561e-04  2.14086930e-04  1.71663022e-04  1.37813761e-04  1.10752263e-04  8.90499991e-05  7.16321034e-05  5.76400825e-05  4.63937268e-05  3.73491739e-05  3.00730258e-05  2.42184422e-05  1.95054503e-05  1.57111233e-05  1.26554269e-05  1.01942990e-05  8.21194216e-06  6.61504220e-06  5.32873976e-06  4.29236882e-06  3.45738981e-06  2.78464017e-06  2.24259700e-06  1.80578270e-06  1.45381840e-06  1.17024452e-06  9.41710521e-07  7.57588934e-07  6.09203272e-07  4.89631155e-07  3.93274065e-07  3.15623399e-07  2.53053418e-07  2.02634862e-07  1.62008678e-07  1.29268028e-07  1.02884853e-07  8.16242540e-08  6.44910246e-08  5.06854281e-08  3.95593339e-08  3.05941120e-08  2.33691143e-08  1.75470059e-08  1.28553702e-08  9.07450731e-09  6.02799774e-09  3.57276281e-09  1.59436139e-09  0.00000000e+00  
29      2.00256814        1.83533434           0.367999323        4.32070118e+09  2.83325975e+09  1.82599063e+09  1.15603852e+09  7.18501305e+08  4.37948042e+08  2.61588662e+08  1.53015436e+08  8.75761813e+07  4.89439105e+07  2.66579643e+07  1.41046423e+07  7.22353336e+06  3.56650780e+06  1.69094051e+06  7.67117149e+05  3.31885763e+05  1.36879556e+05  5.36843342e+04  2.00861990e+04  7.31478477e+03  2.79509513e+03  1.09899041e+03  4.50267340e+02  1.93867631e+02  8.84547504e+01  4.31361744e+01  2.24891610e+01  1.24899006e+01  7.37047408e+00  4.59179361e+00  3.00811689e+00  2.04799623e+00  1.44063635e+00  1.04162501e+00  7.70459429e-01  5.78958824e-01  4.41944526e-01  3.40566441e-01  2.64824314e-01  2.07675581e-01  1.63619175e-01  1.29418867e-01  1.02710764e-01  8.17442083e-02  6.52086584e-02  5.21216923e-02  4.17278163e-02  3.34518207e-02  2.68481966e-02  2.15687141e-02  1.73411855e-02  1.39481826e-02  1.12232575e-02  9.03312791e-03  7.27203823e-03  5.85525512e-03  4.71516551e-03  3.79759874e-03  3.05881608e-03  2.46395463e-03  1.98483531e-03  1.59891054e-03  1.28803588e-03  1.03759369e-03  8.35850370e-04  6.73299665e-04  5.42333846e-04  4.36809313e-04  3.51785099e-04  2.83266956e-04  2.28057157e-04  1.83574313e-04  1.47725306e-04  1.18842471e-04  9.55654681e-05  7.68083967e-05  6.16930266e-05  4.95121008e-05  3.96968560e-05  3.17876241e-05  2.54145359e-05  2.02784626e-05  1.61396958e-05  1.28045149e-05  1.01168004e-05  7.95109649e-06  6.20572997e-06  4.79934263e-06  3.66594679e-06  2.75262421e-06  2.01664053e-06  1.42353110e-06  9.45620733e-07  5.60464475e-07  2.50109779e-07  0.00000000e+00  
30      2.40409918        2.20333366           0.441786153        9.33431391e+09  6.55688273e+09  4.53950664e+09  3.09610411e+09  2.07910912e+09  1.37353193e+09  8.92099486e+08  5.69308380e+08  3.56699787e+08  2.19060232e+08  1.31636404e+08  7.71816675e+07  4.40131275e+07  2.43222397e+07  1.29768776e+07  6.66194500e+06  3.28016236e+06  1.54741974e+06  6.98169986e+05  3.02336107e+05  1.28009064e+05  5.63185254e+04  2.53577145e+04  1.18121708e+04  5.73649880e+03  2.92480074e+03  1.57515820e+03  8.96114766e+02  5.36897618e+02  3.37816486e+02  2.21986669e+02  1.51733798e+02  1.06945028e+02  7.73499624e+01  5.71677640e+01  4.30117335e+01  3.27762901e+01  2.52836059e+01  1.96559918e+01  1.53914771e+01  1.21315099e+01  9.59909572e+00  7.62003810e+00  6.06559182e+00  4.83929518e+00  3.86814639e+00  3.09684783e+00  2.48249824e+00  1.99216362e+00  1.60013297e+00  1.28620750e+00  1.03451119e+00  8.32360197e-01  6.69921107e-01  5.39301937e-01  4.34232651e-01  3.49680353e-01  2.81624331e-01  2.26840052e-01  1.82723341e-01  1.47196601e-01  1.18579291e-01  9.55267837e-02  7.69559545e-02  6.19944143e-02  4.99415339e-02  4.02298222e-02  3.24050354e-02  2.61000621e-02  2.10198708e-02  1.69259162e-02  1.36270763e-02  1.09691358e-02  8.82708466e-03  7.10124611e-03  5.71037338e-03  4.58958047e-03  3.68639046e-03  2.95854254e-03  2.37205138e-03  1.89944205e-03  1.51862366e-03  1.21172204e-03  9.64413597e-04  7.65122738e-04  6.04520678e-04  4.75110910e-04  3.70818040e-04  2.86780578e-04  2.19055487e-04  1.64480685e-04  1.20502615e-04  8.50618725e-05  5.65047509e-05  3.34900711e-05  1.49450940e-05  0.00000000e+00  
31      2.88614044        2.64511981           0.530367836        1.53194165e+10  1.13998193e+10  8.38077133e+09  6.08440222e+09  4.36005239e+09  3.08188655e+09  2.14757666e+09  1.47455662e+09  9.96915515e+08  6.62748820e+08  4.32581079e+08  2.76535132e+08  1.72644724e+08  1.04920278e+08  6.18545732e+07  3.52589940e+07  1.93726125e+07  1.02443965e+07  5.20683109e+06  2.55301237e+06  1.22811438e+06  6.08875038e+05  3.07480319e+05  1.59642860e+05  8.57954455e+04  4.80006214e+04  2.80774140e+04  1.71690978e+04  1.09465639e+04  7.25677372e+03  4.97893624e+03  3.52260844e+03  2.55338208e+03  1.88879557e+03  1.42107187e+03  1.08417616e+03  8.35638106e+02  6.50222922e+02  5.09154724e+02  4.00980477e+02  3.17400433e+02  2.52042944e+02  2.00674431e+02  1.60130342e+02  1.28013558e+02  1.02491665e+02  8.21635288e+01  6.59335841e+01  5.29547343e+01  4.25611453e+01  3.42274818e+01  2.75388808e+01  2.21636577e+01  1.78422672e+01  1.43659891e+01  1.15688134e+01  9.31727099e+00  7.50462610e+00  6.04520482e+00  4.86980159e+00  3.92316109e+00  3.16055903e+00  2.54621214e+00  2.05127149e+00  1.65250569e+00  1.33124897e+00  1.07238575e+00  8.63814873e-01  6.95749748e-01  5.60330306e-01  4.51200349e-01  3.63263927e-01  2.92410737e-01  2.35309699e-01  1.89303016e-01  1.52225711e-01  1.22348082e-01  9.82712194e-02  7.88685536e-02  6.32341169e-02  5.06353031e-02  4.04834512e-02  3.23020713e-02  2.57093260e-02  2.03966327e-02  1.61153049e-02  1.26655009e-02  9.88526281e-03  7.64499317e-03  5.83957852e-03  4.38472410e-03  3.21235724e-03  2.26757837e-03  1.50630297e-03  8.92777909e-04  3.98406135e-04  0.00000000e+00  
32      3.46483486        3.17548765           0.636710861        1.99807611e+10  1.56013535e+10  1.20594960e+10  9.22460401e+09  6.97970593e+09  5.22106889e+09  3.85927190e+09  2.81756131e+09  2.03050418e+09  1.44280168e+09  1.00947874e+09  6.93993358e+08  4.67605840e+08  3.07895946e+08  1.97490005e+08  1.23011829e+08  7.41776953e+07  4.32262435e+07  2.43160844e+07  1.32527095e+07  7.10437083e+06  3.89817697e+06  2.16965078e+06  1.23467378e+06  7.22557137e+05  4.36863897e+05  2.73695704e+05  1.77638432e+05  1.19175541e+05  8.24389199e+04  5.85792983e+04  4.26248277e+04  3.16088804e+04  2.38136722e+04  1.81792382e+04  1.40290302e+04  1.09143199e+04  8.55382936e+03  6.73794626e+03  5.33157290e+03  4.23537717e+03  3.37327936e+03  2.69239965e+03  2.15278365e+03  1.72385662e+03  1.38203183e+03  1.10912160e+03  8.90806529e+02  7.15945504e+02  5.75730121e+02  4.63185312e+02  3.72780640e+02  3.00089873e+02  2.41625663e+02  1.94578644e+02  1.56712140e+02  1.26225379e+02  1.01676999e+02  8.19091881e+01  6.59865242e+01  5.31616361e+01  4.28292528e+01  3.45051220e+01  2.77985426e+01  2.23949464e+01  1.80414894e+01  1.45334557e+01  1.17069311e+01  9.42927543e+00  7.59401720e+00  6.11504454e+00  4.92327951e+00  3.96302368e+00  3.18914739e+00  2.56562197e+00  2.06311582e+00  1.65818636e+00  1.33187431e+00  1.06891131e+00  8.57018866e-01  6.86265772e-01  5.48676619e-01  4.37793488e-01  3.48441292e-01  2.76437782e-01  2.18412481e-01  1.71656911e-01  1.33976042e-01  1.03613424e-01  7.91444430e-02  5.94266428e-02  4.35374272e-02  3.07327363e-02  2.04150880e-02  1.20999161e-02  5.39964170e-03  0.00000000e+00  
33      4.15956216        3.81219851           0.764376519        2.15294035e+10  1.74944583e+10  1.40977695e+10  1.12624683e+10  8.91645308e+09  6.99241973e+09  5.42948957e+09  4.17260492e+09  3.17208569e+09  2.38320801e+09  1.76745147e+09  1.29153808e+09  9.27838264e+08  6.53605636e+08  4.50164600e+08  3.02240111e+08  1.97221486e+08  1.24826781e+08  7.65593971e+07  4.56604828e+07  2.68348262e+07  1.60492578e+07  9.70033947e+06  5.96472555e+06  3.74959332e+06  2.41852431e+06  1.60394574e+06  1.09342210e+06  7.64816634e+05  5.47751491e+05  4.00486192e+05  2.98169122e+05  2.25261328e+05  1.72266709e+05  1.33086133e+05  1.03676942e+05  8.12803205e+04  6.40829183e+04  5.07274431e+04  4.02971207e+04  3.21081387e+04  2.56363150e+04  2.05037001e+04  1.64218298e+04  1.31678826e+04  1.05685388e+04  8.48914948e+03  6.82306318e+03  5.48685148e+03  4.41422408e+03  3.55252572e+03  2.85986429e+03  2.30267147e+03  1.85436510e+03  1.49349815e+03  1.20298102e+03  9.69037937e+02  7.80634107e+02  6.28899785e+02  5.06667823e+02  4.08208521e+02  3.28879347e+02  2.64966105e+02  2.13470217e+02  1.71977774e+02  1.38547876e+02  1.11609320e+02  8.99038993e+01  7.24129533e+01  5.83191796e+01  4.69614831e+01  3.78092801e+01  3.04348774e+01  2.44917993e+01  1.97033054e+01  1.58442041e+01  1.27344636e+01  1.02284818e+01  8.20900239e+00  6.58172999e+00  5.27038108e+00  4.21372446e+00  3.36216464e+00  2.67595802e+00  2.12298575e+00  1.67736328e+00  1.31829005e+00  1.02890866e+00  7.95729953e-01  6.07813171e-01  4.56384489e-01  3.34358556e-01  2.36021143e-01  1.56783709e-01  9.29248866e-02  4.14681463e-02  0.00000000e+00  
34      4.99358789        4.57657503           0.91764017         1.98179528e+10  1.66399725e+10  1.38767480e+10  1.14903389e+10  9.44388444e+09  7.70148204e+09  6.22941839e+09  4.99587095e+09  3.97069296e+09  3.12512755e+09  2.43315873e+09  1.87106900e+09  1.41833157e+09  1.05739505e+09  7.73244951e+08  5.53103009e+08  3.85867992e+08  2.61990299e+08  1.72962312e+08  1.11382211e+08  7.07739747e+07  4.55407927e+07  2.95149667e+07  1.93731896e+07  1.29307754e+07  8.80160089e+06  6.11861522e+06  4.34320250e+06  3.14358655e+06  2.31621191e+06  1.73340574e+06  1.31501235e+06  1.00872079e+06  7.80940196e+05  6.09277628e+05  4.78359074e+05  3.77408612e+05  2.99039199e+05  2.37683589e+05  1.89428973e+05  1.51315688e+05  1.21067637e+05  9.69942175e+04  7.77929689e+04  6.24492042e+04  5.01678057e+04  4.03269759e+04  3.24316170e+04  2.60926328e+04  2.09995372e+04  1.69050611e+04  1.36119103e+04  1.09617945e+04  8.82889431e+03  7.11156107e+03  5.72873866e+03  4.61501981e+03  3.71797649e+03  2.99544369e+03  2.41334570e+03  1.94442724e+03  1.56659537e+03  1.26217533e+03  1.01688995e+03  8.19247280e+02  6.60004669e+02  5.31680949e+02  4.28284641e+02  3.44962869e+02  2.77823589e+02  2.23718310e+02  1.80119039e+02  1.44988516e+02  1.16676604e+02  9.38647328e+01  7.54803889e+01  6.06659191e+01  4.87276911e+01  3.91071082e+01  3.13549573e+01  2.51077717e+01  2.00739244e+01  1.60171458e+01  1.27480996e+01  1.01137737e+01  7.99085561e+00  6.28025280e+00  4.90165766e+00  3.79080861e+00  2.89558460e+00  2.17418767e+00  1.59286362e+00  1.12439022e+00  7.46907959e-01  4.42688451e-01  1.97551701e-01  0.00000000e+00  
35      5.9948425         5.4942152            1.10163442         1.60415732e+10  1.38326917e+10  1.18623807e+10  1.01141305e+10  8.57154039e+09  7.21810012e+09  6.03790699e+09  5.01545087e+09  4.13542529e+09  3.38240562e+09  2.74182892e+09  2.19976048e+09  1.74378196e+09  1.36305493e+09  1.04809511e+09  7.90722806e+08  5.83667806e+08  4.20590774e+08  2.95597822e+08  2.03183265e+08  1.37934215e+08  9.44320643e+07  6.49165955e+07  4.50135783e+07  3.15868677e+07  2.24821590e+07  1.62487487e+07  1.19238806e+07  8.87565805e+06  6.69333112e+06  5.10556466e+06  3.93338441e+06  3.05522271e+06  2.38933868e+06  1.87929973e+06  1.48506024e+06  1.17783127e+06  9.37129773e+05  7.47381685e+05  5.97267786e+05  4.78110231e+05  3.83202592e+05  3.07442927e+05  2.46866779e+05  1.98361821e+05  1.59473161e+05  1.28269915e+05  1.03207642e+05  8.30677192e+04  6.68741922e+04  5.38480999e+04  4.33663911e+04  3.49285772e+04  2.81357220e+04  2.26651575e+04  1.82594203e+04  1.47105656e+04  1.18518170e+04  9.54898165e+03  7.69359875e+03  6.19887901e+03  4.99444647e+03  4.02400037e+03  3.24204104e+03  2.61194910e+03  2.10426538e+03  1.69514788e+03  1.36550043e+03  1.09985012e+03  8.85791799e+02  7.13289427e+02  5.74281929e+02  4.62274403e+02  3.72006825e+02  2.99274567e+02  2.40658820e+02  1.93425086e+02  1.55361821e+02  1.24688023e+02  9.99714430e+01  8.00530563e+01  6.40032507e+01  5.10687086e+01  4.06457549e+01  3.22465293e+01  2.54778649e+01  2.00238172e+01  1.56283354e+01  1.20865292e+01  9.23221704e+00  6.93213122e+00  5.07865065e+00  3.58498059e+00  2.38142459e+00  1.41145793e+00  6.29869415e-01  0.00000000e+00  
36      7.19685673        6.59584962           1.322521           1.17032047e+10  1.03104209e+10  9.04331544e+09  7.89518356e+09  6.85931691e+09  5.92880944e+09  5.09692915e+09  4.35696533e+09  3.70207189e+09  3.12496479e+09  2.61849629e+09  2.17550752e+09  1.78949807e+09  1.45477803e+09  1.16634973e+09  9.19991676e+08  7.12032849e+08  5.39505866e+08  3.99791430e+08  2.90400840e+08  2.08467411e+08  1.50387275e+08  1.08636346e+08  7.88693223e+07  5.76981566e+07  4.26129724e+07  3.18012051e+07  2.39830593e+07  1.82666972e+07  1.40399610e+07  1.08780797e+07  8.48741819e+06  6.66076278e+06  5.25261900e+06  4.15914643e+06  3.30432363e+06  2.63216442e+06  2.10150651e+06  1.68072860e+06  1.34619188e+06  1.07954156e+06  8.66507785e+05  6.96024294e+05  5.59425036e+05  4.49859918e+05  3.61894586e+05  2.91233164e+05  2.34426074e+05  1.88742175e+05  1.51987450e+05  1.22407468e+05  9.85960452e+04  7.94223138e+04  6.39829767e+04  5.15467086e+04  4.15296524e+04  3.34598797e+04  2.69587098e+04  2.17213197e+04  1.75013151e+04  1.41014598e+04  1.13617699e+04  9.15426077e+03  7.37545945e+03  5.94209599e+03  4.78716831e+03  3.85645551e+03  3.10652606e+03  2.50217802e+03  2.01519712e+03  1.62275565e+03  1.30651252e+03  1.05169275e+03  8.46331868e+02  6.80863097e+02  5.47509950e+02  4.40051333e+02  3.53455897e+02  2.83671791e+02  2.27440591e+02  1.82125154e+02  1.45610954e+02  1.16184151e+02  9.24713524e+01  7.33626471e+01  5.79635592e+01  4.55552976e+01  3.55553320e+01  2.74975259e+01  2.10038071e+01  1.57709840e+01  1.15542126e+01  8.15603017e+00  5.41787336e+00  3.21114527e+00  1.43298794e+00  0.00000000e+00  
37      8.63988449        7.91837061           1.58769711         7.85609207e+09  7.04069974e+09  6.28775584e+09  5.59456579e+09  4.95845496e+09  4.37663909e+09  3.84640795e+09  3.36503060e+09  2.92964840e+09  2.53704688e+09  2.18395115e+09  1.86692859e+09  1.58282124e+09  1.32889028e+09  1.10274971e+09  9.02489482e+08  7.26587683e+08  5.74161701e+08  4.44830019e+08  3.38473720e+08  2.54638468e+08  1.91940356e+08  1.44521360e+08  1.09010378e+08  8.25475745e+07  6.28511812e+07  4.81563497e+07  3.71399590e+07  2.88245180e+07  2.25027129e+07  1.76596333e+07  1.39227718e+07  1.10192942e+07  8.74958801e+06  6.96659593e+06  5.55943769e+06  4.44456165e+06  3.55874269e+06  2.85286267e+06  2.28932925e+06  1.83860506e+06  1.47757643e+06  1.18804186e+06  9.55648307e+05  7.68981656e+05  6.18941141e+05  4.98301349e+05  4.01240823e+05  3.23137155e+05  2.60267349e+05  2.09649656e+05  1.68890033e+05  1.36061133e+05  1.09621045e+05  8.83203566e+04  7.11611331e+04  5.73362154e+04  4.61976616e+04  3.72237225e+04  2.99926233e+04  2.41666312e+04  1.94717314e+04  1.56887191e+04  1.26403117e+04  1.01838520e+04  8.20453277e+03  6.60945485e+03  5.32420014e+03  4.28843550e+03  3.45381610e+03  2.78122449e+03  2.23922332e+03  1.80249150e+03  1.45052655e+03  1.16693040e+03  9.38377061e+02  7.54204239e+02  6.05788727e+02  4.86186075e+02  3.89811684e+02  3.12145306e+02  2.49563417e+02  1.99128658e+02  1.58487161e+02  1.25736645e+02  9.93440638e+01  7.80774757e+01  6.09384796e+01  4.71281613e+01  3.59985408e+01  2.70299764e+01  1.98028287e+01  1.39786651e+01  9.28572303e+00  5.50359959e+00  2.45600594e+00  0.00000000e+00  
38      10.372251         9.50606772           1.90604318         4.93544566e+09  4.48378886e+09  4.06210134e+09  3.66926070e+09  3.30417316e+09  2.96569868e+09  2.65273989e+09  2.36418922e+09  2.09886523e+09  1.85536455e+09  1.63220155e+09  1.42774644e+09  1.24047720e+09  1.06908356e+09  9.12424440e+08  7.69631683e+08  6.40096321e+08  5.23742184e+08  4.21074623e+08  3.33039816e+08  2.60517095e+08  2.03678414e+08  1.58724114e+08  1.23565396e+08  9.62633725e+07  7.51477396e+07  5.88318653e+07  4.62111105e+07  3.64194383e+07  2.87961210e+07  2.28364456e+07  1.81584864e+07  1.44720257e+07  1.15562293e+07  9.24339826e+06  7.40353350e+06  5.93653480e+06  4.76472700e+06  3.82706157e+06  3.07589589e+06  2.47338733e+06  1.98972617e+06  1.60115036e+06  1.28880676e+06  1.03762340e+06  8.35530756e+05  6.72910837e+05  5.41992413e+05  4.36589784e+05  3.51709944e+05  2.83348740e+05  2.28286542e+05  1.83928922e+05  1.48197839e+05  1.19408257e+05  9.62137639e+04  7.75247377e+04  6.24661822e+04  5.03333084e+04  4.05563348e+04  3.26788929e+04  2.63306330e+04  2.12152892e+04  1.70931869e+04  1.37714752e+04  1.10949296e+04  8.93795480e+03  7.19993571e+03  5.79928202e+03  4.67062927e+03  3.76108612e+03  3.02813626e+03  2.43753951e+03  1.96157383e+03  1.57806204e+03  1.26898556e+03  1.01992559e+03  8.19220819e+02  6.57480161e+02  5.27151469e+02  4.22121407e+02  3.37490453e+02  2.69286347e+02  2.14325899e+02  1.70036610e+02  1.34345304e+02  1.05585999e+02  8.24085331e+01  6.37325162e+01  4.86816697e+01  3.65532700e+01  2.67798290e+01  1.89036761e+01  1.25573007e+01  7.44264661e+00  3.32131434e+00  0.00000000e+00  
39      12.4519708        11.4121109           2.28822019         2.94181819e+09  2.70158470e+09  2.47548481e+09  2.26302442e+09  2.06373193e+09  1.87711800e+09  1.70271823e+09  1.54006537e+09  1.38865438e+09  1.24785516e+09  1.11697497e+09  9.95220953e+08  8.81836662e+08  7.76165720e+08  6.77621285e+08  5.85751549e+08  5.00247203e+08  4.21170027e+08  3.49089796e+08  2.85055035e+08  2.30260135e+08  1.85520730e+08  1.48714633e+08  1.18805825e+08  9.47241558e+07  7.54643368e+07  6.01231856e+07  4.79323806e+07  3.82498602e+07  3.05579649e+07  2.44411183e+07  1.95703046e+07  1.56861615e+07  1.25837958e+07  1.01030696e+07  8.11659722e+06  6.52429520e+06  5.24679959e+06  4.22101346e+06  3.39690158e+06  2.73433146e+06  2.20148604e+06  1.77275830e+06  1.42772262e+06  1.14997577e+06  9.26333409e+05  7.46256173e+05  6.01207951e+05  4.84380278e+05  3.90267443e+05  3.14449304e+05  2.53367429e+05  2.04152011e+05  1.64502409e+05  1.32551962e+05  1.06808644e+05  8.60644220e+04  6.93489288e+04  5.58803630e+04  4.50266469e+04  3.62814026e+04  2.92336228e+04  2.35545200e+04  1.89780466e+04  1.52901430e+04  1.23184925e+04  9.92367848e+03  7.99400834e+03  6.43889180e+03  5.18576698e+03  4.17591599e+03  3.36213025e+03  2.70639478e+03  2.17793338e+03  1.75212112e+03  1.40895421e+03  1.13242349e+03  9.09581450e+02  7.30001168e+02  5.85297520e+02  4.68682394e+02  3.74716447e+02  2.98989267e+02  2.37966551e+02  1.88792049e+02  1.49163908e+02  1.17232384e+02  9.14983887e+01  7.07623631e+01  5.40513727e+01  4.05851820e+01  2.97337073e+01  2.09887962e+01  1.39424006e+01  8.26358810e+00  3.68766315e+00  0.00000000e+00  
40      14.9486913        13.7003311           2.74702678         1.68194663e+09  1.55785774e+09  1.44039394e+09  1.32932688e+09  1.22444221e+09  1.12551879e+09  1.03234909e+09  9.44724993e+08  8.62419473e+08  7.85138306e+08  7.12546979e+08  6.44248972e+08  5.79856155e+08  5.19023792e+08  4.61428441e+08  4.06801151e+08  3.54932460e+08  3.05830053e+08  2.59860368e+08  2.17784633e+08  1.80583975e+08  1.49105162e+08  1.22297642e+08  9.97705605e+07  8.10505185e+07  6.56383018e+07  5.30379435e+07  4.27932205e+07  3.44938212e+07  2.77884000e+07  2.23796402e+07  1.80210898e+07  1.45112179e+07  1.16850578e+07  9.41014798e+06  7.57859199e+06  6.10404392e+06  4.91675800e+06  3.96067426e+06  3.19075648e+06  2.57057053e+06  2.07105875e+06  1.66865828e+06  1.34448804e+06  1.08332684e+06  8.72902249e+05  7.03378078e+05  5.66771871e+05  4.56705935e+05  3.68015147e+05  2.96549069e+05  2.38963052e+05  1.92557787e+05  1.55167880e+05  1.25035532e+05  1.00755342e+05  8.11889728e+04  6.54218189e+04  5.27168533e+04  4.24781697e+04  3.42282802e+04  2.75795679e+04  2.22219597e+04  1.79045011e+04  1.44252858e+04  1.16217636e+04  9.36242642e+03  7.54191315e+03  6.07475570e+03  4.89250491e+03  3.93976890e+03  3.17200645e+03  2.55335368e+03  2.05477746e+03  1.65304403e+03  1.32928254e+03  1.06838909e+03  8.58148325e+02  6.88722954e+02  5.52202012e+02  4.42180861e+02  3.53528195e+02  2.82082990e+02  2.24510790e+02  1.78116848e+02  1.40729471e+02  1.10603507e+02  8.63246343e+01  6.67611223e+01  5.09950508e+01  3.82903026e+01  2.80524220e+01  1.98019898e+01  1.31540309e+01  7.79632549e+00  3.47914512e+00  0.00000000e+00  
41      17.9460244        16.4473579           3.29782778         9.30362131e+08  8.67593729e+08  8.07932186e+08  7.51268675e+08  6.97502099e+08  6.46528662e+08  5.98251524e+08  5.52573721e+08  5.09388790e+08  4.68555133e+08  4.29907417e+08  3.93244482e+08  3.58364458e+08  3.25082727e+08  2.93216820e+08  2.62600030e+08  2.33080187e+08  2.04614018e+08  1.77375430e+08  1.51810271e+08  1.28563170e+08  1.08269847e+08  9.04583330e+07  7.50475810e+07  6.18873496e+07  5.07806514e+07  4.14979976e+07  3.38044454e+07  2.74683347e+07  2.22771622e+07  1.80405467e+07  1.45931031e+07  1.17945863e+07  9.52631056e+06  7.69057291e+06  6.20607389e+06  5.00667192e+06  4.03810759e+06  3.25632857e+06  2.62557393e+06  2.11669857e+06  1.70633362e+06  1.37541804e+06  1.10861939e+06  8.93537494e+05  7.20148594e+05  5.80401376e+05  4.67751171e+05  3.76961756e+05  3.03787242e+05  2.44813342e+05  1.97286394e+05  1.58982722e+05  1.28117597e+05  1.03241642e+05  8.31957830e+04  6.70409040e+04  5.40223128e+04  4.35317467e+04  3.50773890e+04  2.82650973e+04  2.27748739e+04  1.83507391e+04  1.47854848e+04  1.19124075e+04  9.59728648e+03  7.73153750e+03  6.22816279e+03  5.01658146e+03  4.04027379e+03  3.25350040e+03  2.61947716e+03  2.10858821e+03  1.69685955e+03  1.36510359e+03  1.09773771e+03  8.82288979e+02  7.08669798e+02  5.68756428e+02  4.56015903e+02  3.65158946e+02  2.91948373e+02  2.32947955e+02  1.85404052e+02  1.47091307e+02  1.16216304e+02  9.13378743e+01  7.12880526e+01  5.51322393e+01  4.21124039e+01  3.16206507e+01  2.31660702e+01  1.63527514e+01  1.08627769e+01  6.43831122e+00  2.87312518e+00  0.00000000e+00  
42      21.5443469        19.7451857           3.95906882         5.01266405e+08  4.69983424e+08  4.40162529e+08  4.11751063e+08  3.84700397e+08  3.58960747e+08  3.34485762e+08  3.11229014e+08  2.89139286e+08  2.68147355e+08  2.48170794e+08  2.29107474e+08  2.10852742e+08  1.93308244e+08  1.76372333e+08  1.59944223e+08  1.43919461e+08  1.28240720e+08  1.12968070e+08  9.83273348e+07  8.46884958e+07  7.24562058e+07  6.14347285e+07  5.16557590e+07  4.31082543e+07  3.57419680e+07  2.94710780e+07  2.41904351e+07  1.97822581e+07  1.61292167e+07  1.31193931e+07  1.06508065e+07  8.63384977e+06  6.99032601e+06  5.65439668e+06  4.57023607e+06  3.69176738e+06  2.98070393e+06  2.40568292e+06  1.94103240e+06  1.56569864e+06  1.26272200e+06  1.01820642e+06  8.20938516e+05  6.61825484e+05  5.33501527e+05  4.30039827e+05  3.46616247e+05  2.79366771e+05  2.25155081e+05  1.81457648e+05  1.46237881e+05  1.17850345e+05  9.49739234e+04  7.65353774e+04  6.16762796e+04  4.97009247e+04  4.00501408e+04  3.22731880e+04  2.60056047e+04  2.09552754e+04  1.68850126e+04  1.36050812e+04  1.09618759e+04  8.83182152e+03  7.11541537e+03  5.73216255e+03  4.61756884e+03  3.71930501e+03  2.99547092e+03  2.41215746e+03  1.94209182e+03  1.56331723e+03  1.25806038e+03  1.01209495e+03  8.13868647e+02  6.54133948e+02  5.25411876e+02  4.21679449e+02  3.38093097e+02  2.70731170e+02  2.16452385e+02  1.72709099e+02  1.37459746e+02  1.09054432e+02  8.61635081e+01  6.77184822e+01  5.28534165e+01  4.08753936e+01  3.12224047e+01  2.34437519e+01  1.71754721e+01  1.21240341e+01  8.05373206e+00  4.77340497e+00  2.13015332e+00  0.00000000e+00  
43      25.8641621        23.7042545           4.75289403         2.64461355e+08  2.49032302e+08  2.34294364e+08  2.20221930e+08  2.06791415e+08  1.93978712e+08  1.81761377e+08  1.70116893e+08  1.59020343e+08  1.48437717e+08  1.38327963e+08  1.28639582e+08  1.19318943e+08  1.10314517e+08  1.01571169e+08  9.30306002e+07  8.46264285e+07  7.63094088e+07  6.80885690e+07  6.00657704e+07  5.24349010e+07  4.54287072e+07  3.89715950e+07  3.31178304e+07  2.78996146e+07  2.33232381e+07  1.93676814e+07  1.59930956e+07  1.31448718e+07  1.07626789e+07  8.78482622e+06  7.15231960e+06  5.81152078e+06  4.71429969e+06  3.81931521e+06  3.09093732e+06  2.49939192e+06  2.01967799e+06  1.63115724e+06  1.31682503e+06  1.06266319e+06  8.57334941e+05  6.91518900e+05  5.57673646e+05  4.49670795e+05  3.62537439e+05  2.92266481e+05  2.35592854e+05  1.89898956e+05  1.53058459e+05  1.23359682e+05  9.94204991e+04  8.01237925e+04  6.45723775e+04  5.20372138e+04  4.19350936e+04  3.37932635e+04  2.72316990e+04  2.19440350e+04  1.76825430e+04  1.42486493e+04  1.14811062e+04  9.25092633e+03  7.45367334e+03  6.00533040e+03  4.83824356e+03  3.89768407e+03  3.13980119e+03  2.52901247e+03  2.03682910e+03  1.64019514e+03  1.32056539e+03  1.06301018e+03  8.55444802e+02  6.88195485e+02  5.53407375e+02  4.44792437e+02  3.57265180e+02  2.86730154e+02  2.29893872e+02  1.84089641e+02  1.47181582e+02  1.17437368e+02  9.34687915e+01  7.41539708e+01  5.85887812e+01  4.60466782e+01  3.59388484e+01  2.77941271e+01  2.12303639e+01  1.59410971e+01  1.16788417e+01  8.24400491e+00  5.47631307e+00  3.24578218e+00  1.44844482e+00  0.00000000e+00  
44      31.050135         28.4571485           5.70588758         1.37195396e+08  1.29641168e+08  1.22415016e+08  1.15504478e+08  1.08898092e+08  1.02584152e+08  9.65517489e+07  9.07899213e+07  8.52865079e+07  8.00248176e+07  7.49845078e+07  7.01398503e+07  6.54637295e+07  6.09296513e+07  5.65085164e+07  5.21679927e+07  4.78685662e+07  4.35752999e+07  3.92803266e+07  3.50248009e+07  3.09040157e+07  2.70432288e+07  2.34153223e+07  2.00658466e+07  1.70304279e+07  1.43295574e+07  1.19657967e+07  9.92774920e+06  8.19222386e+06  6.72986174e+06  5.50823211e+06  4.49478895e+06  3.65897157e+06  2.97266790e+06  2.41130702e+06  1.95341615e+06  1.58086306e+06  1.27829227e+06  1.03294476e+06  8.34253460e+05  6.73469996e+05  5.43496114e+05  4.38479721e+05  3.53676251e+05  2.85223463e+05  2.29983012e+05  1.85423185e+05  1.49479328e+05  1.20495015e+05  9.71238487e+04  7.82815814e+04  6.30923509e+04  5.08480020e+04  4.09796784e+04  3.30250363e+04  2.66141730e+04  2.14471925e+04  1.72829971e+04  1.39272040e+04  1.12226309e+04  9.04327406e+03  7.28680825e+03  5.87138035e+03  4.73071141e+03  3.81148242e+03  3.07075676e+03  2.47380154e+03  1.99278698e+03  1.60512929e+03  1.29274804e+03  1.04101053e+03  8.38146115e+02  6.74679287e+02  5.42940330e+02  4.36789280e+02  3.51240953e+02  2.82304410e+02  2.26751955e+02  1.81984256e+02  1.45910979e+02  1.16839564e+02  9.34144457e+01  7.45361376e+01  5.93235598e+01  4.70646667e+01  3.71856211e+01  2.92252935e+01  2.28099710e+01  1.76406106e+01  1.34746662e+01  1.01176298e+01  7.41242563e+00  5.23237446e+00  3.47575250e+00  2.06006037e+00  9.19311155e-01  0.00000000e+00  
45      37.2759372        34.1630361           6.84996401         7.02140883e+07  6.65343402e+07  6.30108943e+07  5.96376947e+07  5.64091750e+07  5.33196526e+07  5.03638250e+07  4.75363571e+07  4.48313190e+07  4.22405445e+07  3.97540158e+07  3.73589924e+07  3.50419311e+07  3.27894345e+07  3.05864971e+07  2.84157900e+07  2.62549407e+07  2.40817456e+07  2.18859142e+07  1.96820091e+07  1.75147398e+07  1.54485716e+07  1.34746657e+07  1.16240258e+07  9.92375521e+06  8.39275194e+06  7.03915477e+06  5.86203398e+06  4.85244161e+06  3.99668498e+06  3.27828725e+06  2.67990898e+06  2.18477519e+06  1.77711446e+06  1.44293426e+06  1.16986258e+06  9.47360632e+05  7.66442053e+05  6.19599170e+05  5.00588773e+05  4.04224220e+05  3.26285809e+05  2.63287392e+05  2.12397803e+05  1.71309181e+05  1.38144167e+05  1.11386914e+05  8.98003803e+04  7.23915496e+04  5.83528597e+04  4.70337895e+04  3.79086703e+04  3.05523745e+04  2.46233461e+04  1.98439345e+04  1.59919821e+04  1.28873524e+04  1.03852151e+04  8.36879370e+03  6.74365892e+03  5.43410755e+03  4.37865933e+03  3.52813450e+03  2.84270801e+03  2.29034256e+03  1.84523837e+03  1.48652541e+03  1.19748136e+03  9.64535372e+02  7.76823261e+02  6.25552407e+02  5.03649600e+02  4.05420995e+02  3.26257936e+02  2.62470795e+02  2.11064019e+02  1.69639417e+02  1.36257436e+02  1.09356114e+02  8.76793501e+01  7.02100494e+01  5.61336644e+01  4.47895023e+01  3.56481138e+01  2.82816237e+01  2.23452075e+01  1.75617679e+01  1.37067372e+01  1.06004174e+01  8.09706017e+00  6.07978380e+00  4.45419987e+00  3.14418556e+00  2.08861405e+00  1.23791065e+00  5.52423165e-01  0.00000000e+00  
46      44.750063         41.0130001           8.22343699         3.55421138e+07  3.37560549e+07  3.20446738e+07  3.04050335e+07  2.88344348e+07  2.73301230e+07  2.58895245e+07  2.45100470e+07  2.31888057e+07  2.19218193e+07  2.07041822e+07  1.95296317e+07  1.83914702e+07  1.72830125e+07  1.61966595e+07  1.51233630e+07  1.40509195e+07  1.29661841e+07  1.18610128e+07  1.07395158e+07  9.62196456e+06  8.54055252e+06  7.49284478e+06  6.49783236e+06  5.57322686e+06  4.73249888e+06  3.98302517e+06  3.32673997e+06  2.76061142e+06  2.27845919e+06  1.87211063e+06  1.53256064e+06  1.25085746e+06  1.01842396e+06  8.27553204e+05  6.71364005e+05  5.43952409e+05  4.40256219e+05  3.56027147e+05  2.87721065e+05  2.32385364e+05  1.87612596e+05  1.51410599e+05  1.22159308e+05  9.85366442e+04  7.94662017e+04  6.40782232e+04  5.16625414e+04  4.16488192e+04  3.35730505e+04  2.70613731e+04  2.18115992e+04  1.75792872e+04  1.41680237e+04  1.14181231e+04  9.20180601e+03  7.41545166e+03  5.97574316e+03  4.81549865e+03  3.88039183e+03  3.12686766e+03  2.51955269e+03  2.03015078e+03  1.63574692e+03  1.31790735e+03  1.06178684e+03  8.55376932e+02  6.89055619e+02  5.55013923e+02  4.47000590e+02  3.59956290e+02  2.89810891e+02  2.33288067e+02  1.87735963e+02  1.51031453e+02  1.21450876e+02  9.76142582e+01  7.84055402e+01  6.29259343e+01  5.04526526e+01  4.04004275e+01  3.23005618e+01  2.57728780e+01  2.05127193e+01  1.62738767e+01  1.28579305e+01  1.01054327e+01  7.88716210e+00  6.09971647e+00  4.65922892e+00  3.49844313e+00  2.56304590e+00  1.80923446e+00  1.20183508e+00  7.12321384e-01  3.17876604e-01  0.00000000e+00  
47      53.7228112        49.2364371           9.87230237         1.78317039e+07  1.69669472e+07  1.61379469e+07  1.53432811e+07  1.45816434e+07  1.38517000e+07  1.31522044e+07  1.24818993e+07  1.18393848e+07  1.12227259e+07  1.06295312e+07  1.00567402e+07  9.50106552e+06  8.95920471e+06  8.42736121e+06  7.90090183e+06  7.37335216e+06  6.83730045e+06  6.28734185e+06  5.72400172e+06  5.15623975e+06  4.59981301e+06  4.05431131e+06  3.53064763e+06  3.03945353e+06  2.58923616e+06  2.18518485e+06  1.82939089e+06  1.52105185e+06  1.25744798e+06  1.03459177e+06  8.47892975e+05  6.92676097e+05  5.64387911e+05  4.58893151e+05  3.72469660e+05  3.01904880e+05  2.44431993e+05  1.97720451e+05  1.59821053e+05  1.29106242e+05  1.04246594e+05  8.41406152e+04  6.78915781e+04  5.47670442e+04  4.41702633e+04  3.56187707e+04  2.87184589e+04  2.31527045e+04  1.86638325e+04  1.50441879e+04  1.21258912e+04  9.77312042e+03  7.87673012e+03  6.34797450e+03  5.11583562e+03  4.12271774e+03  3.32230825e+03  2.67726178e+03  2.15737882e+03  1.73844659e+03  1.40079991e+03  1.12870812e+03  9.09431563e+02  7.32722031e+02  5.90326184e+02  4.75567873e+02  3.83097666e+02  3.08573955e+02  2.48521295e+02  2.00126883e+02  1.61127802e+02  1.29702506e+02  1.04376660e+02  8.39698435e+01  6.75237602e+01  5.42711793e+01  4.35915982e+01  3.49853130e+01  2.80504711e+01  2.24616738e+01  1.79583417e+01  1.43291053e+01  1.14045825e+01  9.04788717e+00  7.14870257e+00  5.61837950e+00  4.38507395e+00  3.39129682e+00  2.59042011e+00  1.94505091e+00  1.42499237e+00  1.00589119e+00  6.68191632e-01  3.96033694e-01  1.76731807e-01  0.00000000e+00  
48      64.4946677        59.1087394           11.8517785         8.88156718e+06  8.46360098e+06  8.06278241e+06  7.67842420e+06  7.30989474e+06  6.95654943e+06  6.61778518e+06  6.29299352e+06  5.98149632e+06  5.68235565e+06  5.39440990e+06  5.11616966e+06  4.84603048e+06  4.58237296e+06  4.32331912e+06  4.06653061e+06  3.80864325e+06  3.54562166e+06  3.27419771e+06  2.99393847e+06  2.70872887e+06  2.42618032e+06  2.14640866e+06  1.87542346e+06  1.61926775e+06  1.38294206e+06  1.16969057e+06  9.81058685e+05  8.16976418e+05  6.76270281e+05  5.57015908e+05  4.56905239e+05  3.73536253e+05  3.04537116e+05  2.47734358e+05  2.01158535e+05  1.63101551e+05  1.32087016e+05  1.06867578e+05  8.63978807e+04  6.98034675e+04  5.63690272e+04  4.55012979e+04  3.67168823e+04  2.96206664e+04  2.38905531e+04  1.92660111e+04  1.55341489e+04  1.25238814e+04  1.00959408e+04  8.13807728e+03  6.55952658e+03  5.28684687e+03  4.26101631e+03  3.43404044e+03  2.76751032e+03  2.23027415e+03  1.79728180e+03  1.44833272e+03  1.16709153e+03  9.40460746e+02  7.57802562e+02  6.10607548e+02  4.91984007e+02  3.96388072e+02  3.19354944e+02  2.57273064e+02  2.07248559e+02  1.66932697e+02  1.34445369e+02  1.08264929e+02  8.71671675e+01  7.01666706e+01  5.64658618e+01  4.54261495e+01  3.65291210e+01  2.93597185e+01  2.35822616e+01  1.89264196e+01  1.51747977e+01  1.21513594e+01  9.71513818e+00  7.75178690e+00  6.16967296e+00  4.89474338e+00  3.86731885e+00  3.03944173e+00  2.37224573e+00  1.83463027e+00  1.40137045e+00  1.05223738e+00  7.70895108e-01  5.44168951e-01  3.61479593e-01  2.14247069e-01  9.56087126e-02  0.00000000e+00  
49      77.4263683        70.960518            14.2281556         4.39753434e+06  4.19575974e+06  4.00221805e+06  3.81657742e+06  3.63853287e+06  3.46777315e+06  3.30400691e+06  3.14694006e+06  2.99624469e+06  2.85146703e+06  2.71204425e+06  2.57725385e+06  2.44631588e+06  2.31844049e+06  2.19270541e+06  2.06794312e+06  1.94243295e+06  1.81403399e+06  1.68088148e+06  1.54245613e+06  1.40041818e+06  1.25841393e+06  1.11662656e+06  9.78267389e+05  8.46644012e+05  7.24559190e+05  6.13904870e+05  5.15666794e+05  4.29956768e+05  3.56276258e+05  2.93702995e+05  2.41088110e+05  1.97213254e+05  1.60861211e+05  1.30908213e+05  1.06330370e+05  8.62361139e+04  6.98525817e+04  5.65251967e+04  4.57044985e+04  3.69301751e+04  2.98252449e+04  2.40768014e+04  1.94297054e+04  1.56752953e+04  1.26433934e+04  1.01962992e+04  8.22146060e+03  6.62840698e+03  5.34347785e+03  4.30729580e+03  3.47184241e+03  2.79825934e+03  2.25531615e+03  1.81761559e+03  1.46483205e+03  1.18047942e+03  9.51300286e+02  7.66603495e+02  6.17743484e+02  4.97788182e+02  4.01107233e+02  3.23196789e+02  2.60409131e+02  2.09809956e+02  1.69036066e+02  1.36175889e+02  1.09697715e+02  8.83583456e+01  7.11626469e+01  5.73052138e+01  4.61380621e+01  3.71396088e+01  2.98876981e+01  2.40443170e+01  1.93350704e+01  1.55402659e+01  1.24822258e+01  1.00178628e+01  8.03210849e+00  6.43178505e+00  5.14227901e+00  4.10306579e+00  3.26564370e+00  2.59081607e+00  2.04699431e+00  1.60879415e+00  1.25564343e+00  9.71080448e-01  7.41753510e-01  5.56955349e-01  4.08039254e-01  2.88031783e-01  1.91333246e-01  1.13402217e-01  5.06062464e-02  0.00000000e+00  
50      92.950979         85.1886736           17.0810155         2.16678801e+06  2.06946193e+06  1.97609185e+06  1.88651769e+06  1.80059231e+06  1.71816555e+06  1.63909678e+06  1.56324402e+06  1.49044891e+06  1.42049223e+06  1.35310179e+06  1.28792789e+06  1.22459248e+06  1.16271178e+06  1.10183522e+06  1.04138455e+06  9.80490318e+05  9.18038769e+05  8.53007057e+05  7.85008197e+05  7.14743971e+05  6.43952555e+05  5.72773634e+05  5.02885768e+05  4.36050362e+05  3.73786387e+05  3.17147721e+05  2.66714758e+05  2.22606157e+05  1.84612715e+05  1.52294251e+05  1.25083175e+05  1.02367679e+05  8.35304625e+04  6.79980680e+04  5.52456357e+04  4.48146419e+04  3.63066760e+04  2.93836236e+04  2.37612997e+04  1.92013416e+04  1.55083515e+04  1.25200401e+04  1.01040050e+04  8.15191253e+03  6.57537778e+03  5.30286196e+03  4.27587858e+03  3.44740683e+03  2.77915651e+03  2.24025908e+03  1.80574851e+03  1.45541959e+03  1.17303263e+03  9.45380486e+02  7.61893019e+02  6.13996446e+02  4.94795902e+02  3.98731060e+02  3.21305449e+02  2.58913696e+02  2.08627402e+02  1.68104078e+02  1.35446474e+02  1.09128410e+02  8.79207294e+01  7.08291881e+01  5.70571081e+01  4.59578636e+01  3.70138630e+01  2.98061948e+01  2.39978207e+01  1.93174508e+01  1.55455108e+01  1.25061889e+01  1.00567652e+01  8.08297088e+00  6.49239039e+00  5.21059953e+00  4.17774775e+00  3.34537010e+00  2.67465817e+00  2.13413127e+00  1.69856217e+00  1.34756348e+00  1.06470498e+00  8.36783535e-01  6.53098937e-01  5.05088940e-01  3.85808915e-01  2.89689683e-01  2.12233821e-01  1.49814228e-01  9.95183319e-02  5.89839961e-02  2.63218721e-02  0.00000000e+00  
51      111.588399        102.269689           20.5058967         1.06337837e+06  1.01646029e+06  9.71444224e+05  9.28252977e+05  8.86815609e+05  8.47059716e+05  8.08917481e+05  7.72320412e+05  7.37192097e+05  7.03426732e+05  6.70892865e+05  6.39421513e+05  6.08829797e+05  5.78931739e+05  5.49508061e+05  5.20274100e+05  4.90794632e+05  4.60498974e+05  4.28841747e+05  3.95577515e+05  3.61000474e+05  3.25937041e+05  2.90475198e+05  2.55477846e+05  2.21863895e+05  1.90436418e+05  1.61763774e+05  1.36170866e+05  1.13743040e+05  9.43933756e+04  7.79122385e+04  6.40207918e+04  5.24142329e+04  4.27824610e+04  3.48359151e+04  2.83085823e+04  2.29674478e+04  1.86096581e+04  1.50627766e+04  1.21817187e+04  9.84467488e+03  7.95171433e+03  6.41979665e+03  5.18114271e+03  4.18027426e+03  3.37191549e+03  2.71941140e+03  2.19278938e+03  1.76794898e+03  1.42526207e+03  1.14890374e+03  9.26073930e+02  7.46412706e+02  6.01593104e+02  4.84842795e+02  3.90741529e+02  3.14892606e+02  2.53760214e+02  2.04492863e+02  1.64784629e+02  1.32786540e+02  1.06996782e+02  8.62140212e+01  6.94652476e+01  5.59677565e+01  4.50911690e+01  3.63255824e+01  2.92624163e+01  2.35700404e+01  1.89830048e+01  1.52864677e+01  1.23075741e+01  9.90719010e+00  7.97270530e+00  6.41395205e+00  5.15773525e+00  4.14545077e+00  3.32970218e+00  2.67232012e+00  2.14260950e+00  1.71571434e+00  1.37173145e+00  1.09451556e+00  8.71128574e-01  6.91114561e-01  5.46047088e-01  4.29154763e-01  3.34949851e-01  2.59041097e-01  1.97866864e-01  1.48570929e-01  1.08846735e-01  7.68340760e-02  5.10392048e-02  3.02506704e-02  1.34994970e-02  0.00000000e+00  
52      133.962772        122.775586           24.6174943         5.20151596e+05  4.97542853e+05  4.75848950e+05  4.55032688e+05  4.35059876e+05  4.15895618e+05  3.97507225e+05  3.79861676e+05  3.62922126e+05  3.46637549e+05  3.30944519e+05  3.15761469e+05  3.01000064e+05  2.86570350e+05  2.72365902e+05  2.58247235e+05  2.43998097e+05  2.29329515e+05  2.13956757e+05  1.97736529e+05  1.80791404e+05  1.63513886e+05  1.45954662e+05  1.28551676e+05  1.11776812e+05  9.60467556e+04  8.16608218e+04  6.87946996e+04  5.75015526e+04  4.77455583e+04  3.94269654e+04  3.24093754e+04  2.65418904e+04  2.16699196e+04  1.76484941e+04  1.43440248e+04  1.16392364e+04  9.43187437e+03  7.63489972e+03  6.17501759e+03  4.99064261e+03  4.03121885e+03  3.25471834e+03  2.62682425e+03  2.11943927e+03  1.70962772e+03  1.37881743e+03  1.11181980e+03  8.96420491e+02  7.22670699e+02  5.82548838e+02  4.69566152e+02  3.78470562e+02  3.05040503e+02  2.45842445e+02  1.98128301e+02  1.59668866e+02  1.28671387e+02  1.03690062e+02  8.35557032e+01  6.73308036e+01  5.42538708e+01  4.37157717e+01  3.52231361e+01  2.83790913e+01  2.28639992e+01  1.84193108e+01  1.48378528e+01  1.19514681e+01  9.62555830e+00  7.75118613e+00  6.24070309e+00  5.02355981e+00  4.04265629e+00  3.25227173e+00  2.61529190e+00  2.10200089e+00  1.68836577e+00  1.35503230e+00  1.08643616e+00  8.69973789e-01  6.95553088e-01  5.54987404e-01  4.41716320e-01  3.50438029e-01  2.76879805e-01  2.17608133e-01  1.69840388e-01  1.31349933e-01  1.00330796e-01  7.53346935e-02  5.51920583e-02  3.89596511e-02  2.58800485e-02  1.53389697e-02  6.84508383e-03  0.00000000e+00  
53      160.823388        147.39308            29.5535002         2.53742378e+05  2.42850789e+05  2.32399350e+05  2.22370140e+05  2.12746684e+05  2.03512172e+05  1.94650852e+05  1.86146809e+05  1.77982287e+05  1.70132690e+05  1.62567434e+05  1.55247181e+05  1.48129302e+05  1.41170350e+05  1.34318774e+05  1.27506469e+05  1.20626616e+05  1.13534254e+05  1.06083101e+05  9.81936111e+04  8.99166269e+04  8.14385561e+04  7.27871459e+04  6.41824450e+04  5.58638139e+04  4.80443416e+04  4.08788447e+04  3.44599824e+04  2.88184477e+04  2.39395772e+04  1.97759056e+04  1.62609292e+04  1.33203204e+04  1.08774893e+04  8.86035831e+03  7.20233933e+03  5.84487020e+03  4.73682458e+03  3.83463545e+03  3.10159020e+03  2.50682135e+03  2.02497641e+03  1.63497246e+03  1.31958958e+03  1.06472528e+03  8.58865553e+02  6.92685461e+02  5.58558022e+02  4.50349177e+02  3.63062194e+02  2.92668070e+02  2.35907507e+02  1.90142269e+02  1.53251720e+02  1.23511030e+02  9.95396768e+01  8.02177782e+01  6.46446992e+01  5.20940949e+01  4.19785860e+01  3.38271792e+01  2.72573063e+01  2.19629435e+01  1.76962224e+01  1.42577553e+01  1.14869561e+01  9.25393007e+00  7.45459348e+00  6.00446345e+00  4.83591783e+00  3.89422636e+00  3.13535396e+00  2.52385646e+00  2.03104672e+00  1.63395437e+00  1.31393317e+00  1.05605373e+00  8.48241793e-01  6.80773729e-01  5.45829961e-01  4.37078382e-01  3.49448710e-01  2.78827937e-01  2.21920082e-01  1.76061496e-01  1.39105544e-01  1.09327214e-01  8.53285044e-02  6.59907425e-02  5.04066013e-02  3.78484575e-02  2.77287154e-02  1.95734877e-02  1.30022420e-02  7.70636098e-03  3.43899806e-03  0.00000000e+00  
54      193.069773        176.94658            35.4792151         1.23504269e+05  1.18258346e+05  1.13224232e+05  1.08393294e+05  1.03757597e+05  9.93090422e+04  9.50400425e+04  9.09429309e+04  8.70091516e+04  8.32268536e+04  7.95812975e+04  7.60535194e+04  7.26229640e+04  6.92686649e+04  6.59656888e+04  6.26808755e+04  5.93617062e+04  5.59360084e+04  5.23295593e+04  4.84996681e+04  4.44673590e+04  4.03212129e+04  3.60759293e+04  3.18412001e+04  2.77372640e+04  2.38718589e+04  2.03239555e+04  1.71415195e+04  1.43414584e+04  1.19178050e+04  9.84796145e+03  8.09958447e+03  6.63621207e+03  5.42008979e+03  4.41558300e+03  3.58970211e+03  2.91339065e+03  2.36125502e+03  1.91163658e+03  1.54627396e+03  1.24980511e+03  1.00960730e+03  8.15180758e+02  6.57947421e+02  5.30880771e+02  4.28243088e+02  3.45386913e+02  2.78510668e+02  2.24556660e+02  1.81033951e+02  1.45933944e+02  1.17631693e+02  9.48118365e+01  7.64170541e+01  6.15873493e+01  4.96343885e+01  3.99997827e+01  3.22344577e+01  2.59762405e+01  2.09322486e+01  1.68676309e+01  1.35916262e+01  1.09516407e+01  8.82407788e+00  7.10951580e+00  5.72787988e+00  4.61439974e+00  3.71717513e+00  2.99407930e+00  2.41139321e+00  1.94182616e+00  1.56342034e+00  1.25850181e+00  1.01276603e+00  8.14758953e-01  6.55182818e-01  5.26593195e-01  4.22969357e-01  3.39462682e-01  2.72173999e-01  2.17945843e-01  1.74249968e-01  1.39035451e-01  1.10658777e-01  8.77917390e-02  6.93639320e-02  5.45151920e-02  4.25484160e-02  3.29057867e-02  2.51348721e-02  1.88728483e-02  1.38267151e-02  9.76017224e-03  6.48347004e-03  3.84271886e-03  1.71483048e-03  0.00000000e+00  
55      231.781818        212.425795           42.5930837         6.00019092e+04  5.74755571e+04  5.50511447e+04  5.27245148e+04  5.04918460e+04  4.83492383e+04  4.62930369e+04  4.43195490e+04  4.24246534e+04  4.06026413e+04  3.88464111e+04  3.71468251e+04  3.54939761e+04  3.38777531e+04  3.22861099e+04  3.07029358e+04  2.91025071e+04  2.74491067e+04  2.57054432e+04  2.38491472e+04  2.18888962e+04  1.98668239e+04  1.77905448e+04  1.57143934e+04  1.36983024e+04  1.17962538e+04  1.00480929e+04  8.47829745e+03  7.09589093e+03  5.89845734e+03  4.87522908e+03  4.01050751e+03  3.28646514e+03  2.68456770e+03  2.18727893e+03  1.77833615e+03  1.44339798e+03  1.16992020e+03  9.47195596e+02  7.66192295e+02  6.19309086e+02  5.00298006e+02  4.03960757e+02  3.26049601e+02  2.63084525e+02  2.12223451e+02  1.71164097e+02  1.38023072e+02  1.11285420e+02  8.97169189e+01  7.23223046e+01  5.82963822e+01  4.69873418e+01  3.78712348e+01  3.05218864e+01  2.45981866e+01  1.98234162e+01  1.59750271e+01  1.28735349e+01  1.03737943e+01  8.35941768e+00  6.73586700e+00  5.42751953e+00  4.37312250e+00  3.52340379e+00  2.83867947e+00  2.28685020e+00  1.84219489e+00  1.48383591e+00  1.19506255e+00  9.62349835e-01  7.74815692e-01  6.23701096e-01  5.01916881e-01  4.03786525e-01  3.24702165e-01  2.60974415e-01  2.09619462e-01  1.68234377e-01  1.34886769e-01  1.08011826e-01  8.63565780e-02  6.89046082e-02  5.48414068e-02  4.35087264e-02  3.43760856e-02  2.70171955e-02  2.10865784e-02  1.63077858e-02  1.24565965e-02  9.35319884e-03  6.85238463e-03  4.83704581e-03  3.21314428e-03  1.90441385e-03  8.49853198e-04  0.00000000e+00  
56      278.25594         255.018879           51.1333401         2.91058696e+04  2.78893387e+04  2.67218716e+04  2.56014677e+04  2.45262876e+04  2.34944534e+04  2.25042056e+04  2.15537657e+04  2.06411489e+04  1.97636058e+04  1.89177156e+04  1.80990764e+04  1.73029148e+04  1.65243571e+04  1.57575881e+04  1.49947939e+04  1.42234136e+04  1.34258575e+04  1.25835356e+04  1.16849319e+04  1.07336250e+04  9.74967845e+03  8.73697376e+03  7.72228763e+03  6.73530744e+03  5.80288552e+03  4.94495283e+03  4.17386254e+03  3.49432303e+03  2.90536072e+03  2.40183989e+03  1.97615266e+03  1.61960613e+03  1.32313219e+03  1.07813370e+03  8.76626465e+02  7.11562430e+02  5.76772394e+02  4.66987351e+02  3.77761048e+02  3.05350182e+02  2.46676988e+02  1.99180308e+02  1.60766969e+02  1.29721880e+02  1.04644199e+02  8.43990516e+01  6.80579855e+01  5.48741367e+01  4.42390116e+01  3.56619140e+01  2.87458448e+01  2.31694232e+01  1.86743078e+01  1.50503633e+01  1.21293955e+01  9.77495886e+00  7.87731733e+00  6.34796888e+00  5.11534340e+00  4.12205079e+00  3.32147462e+00  2.67632551e+00  2.15639971e+00  1.73740116e+00  1.39976167e+00  1.12765305e+00  9.08392188e-01  7.31684273e-01  5.89289219e-01  4.74537852e-01  3.82064167e-01  3.07549069e-01  2.47496877e-01  1.99108475e-01  1.60111716e-01  1.28687353e-01  1.03364056e-01  8.29569339e-02  6.65131184e-02  5.32609938e-02  4.25827183e-02  3.39770934e-02  2.70424816e-02  2.14542989e-02  1.69509631e-02  1.33222697e-02  1.03978626e-02  8.04142385e-03  6.14238953e-03  4.61209372e-03  3.37893384e-03  2.38516351e-03  1.58441222e-03  9.39072856e-04  4.19065462e-04  0.00000000e+00  
57      334.048498        306.152219           61.3859869         1.41007063e+04  1.35149664e+04  1.29528323e+04  1.24133452e+04  1.18956222e+04  1.13987609e+04  1.09219149e+04  1.04642287e+04  1.00247467e+04  9.60214519e+03  9.19477677e+03  8.80052136e+03  8.41707962e+03  8.04210328e+03  7.67278663e+03  7.30534512e+03  6.93366046e+03  6.54910462e+03  6.14246855e+03  5.70790252e+03  5.24688243e+03  4.76897374e+03  4.27613162e+03  3.78149742e+03  3.29970243e+03  2.84402602e+03  2.42436888e+03  2.04691077e+03  1.71406776e+03  1.42544930e+03  1.17860332e+03  9.69847438e+02  7.94952257e+02  6.49493416e+02  5.29269277e+02  4.30373159e+02  3.49353541e+02  2.83187534e+02  2.29292022e+02  1.85486571e+02  1.49934924e+02  1.21126946e+02  9.78057935e+01  7.89441370e+01  6.37001154e+01  5.13860597e+01  4.14448219e+01  3.34205708e+01  2.69466104e+01  2.17241705e+01  1.75123136e+01  1.41161038e+01  1.13777321e+01  9.17034290e+00  7.39074991e+00  5.95636164e+00  4.80017581e+00  3.86830575e+00  3.11729164e+00  2.51198819e+00  2.02421325e+00  1.63107512e+00  1.31426228e+00  1.05894265e+00  8.53185256e-01  6.87380763e-01  5.53756462e-01  4.46084087e-01  3.59308160e-01  2.89382238e-01  2.33031298e-01  1.87620252e-01  1.51028126e-01  1.21538298e-01  9.77762044e-02  7.86260656e-02  6.31945029e-02  5.07589912e-02  4.07376655e-02  3.26626009e-02  2.61548793e-02  2.09110979e-02  1.66851332e-02  1.32797530e-02  1.05355638e-02  8.32411043e-03  6.54216774e-03  5.10607896e-03  3.94890247e-03  3.01634358e-03  2.26486113e-03  1.65929324e-03  1.17128238e-03  7.78057400e-04  4.61150561e-04  2.05790501e-04  0.00000000e+00  
58      401.027914        367.538206           73.6943719         6.82384376e+03  6.54190483e+03  6.27129983e+03  6.01157645e+03  5.76231627e+03  5.52308946e+03  5.29349168e+03  5.07311302e+03  4.86149480e+03  4.65800040e+03  4.46183713e+03  4.27198429e+03  4.08733470e+03  3.90675720e+03  3.72889885e+03  3.55192868e+03  3.37287259e+03  3.18751219e+03  2.99130862e+03  2.78132109e+03  2.55815887e+03  2.32638774e+03  2.08698364e+03  1.84637433e+03  1.61174117e+03  1.38962014e+03  1.18490197e+03  1.00065653e+03  8.38107966e+02  6.97100311e+02  5.76461637e+02  4.74411341e+02  3.88895414e+02  3.17760120e+02  2.58957290e+02  2.10580669e+02  1.70944929e+02  1.38573327e+02  1.12203428e+02  9.07693248e+01  7.33731422e+01  5.92763249e+01  4.78641190e+01  3.86339744e+01  3.11740309e+01  2.51478391e+01  2.02827920e+01  1.63558464e+01  1.31875670e+01  1.06317522e+01  8.57049816e+00  6.90841022e+00  5.56826083e+00  4.48796970e+00  3.61703931e+00  2.91505055e+00  2.34921317e+00  1.89315547e+00  1.52560843e+00  1.22937214e+00  9.90654328e-01  7.98251827e-01  6.43203016e-01  5.18249065e-01  4.17550948e-01  3.36405850e-01  2.71009803e-01  2.18314685e-01  1.75846333e-01  1.41624412e-01  1.14046121e-01  9.18218399e-02  7.39135589e-02  5.94811612e-02  4.78519307e-02  3.84798028e-02  3.09275558e-02  2.48415839e-02  1.99371210e-02  1.59851633e-02  1.28002671e-02  1.02339466e-02  8.16574833e-03  6.49914625e-03  5.15613279e-03  4.07384167e-03  3.20175420e-03  2.49892855e-03  1.93260332e-03  1.47620653e-03  1.10842903e-03  8.12062499e-04  5.73228697e-04  3.80783350e-04  2.25688305e-04  1.00714415e-04  0.00000000e+00  
59      481.437242        441.232578           88.4706872         3.29894685e+03  3.16338332e+03  3.03322294e+03  2.90826193e+03  2.78830967e+03  2.67316735e+03  2.56264633e+03  2.45655360e+03  2.35467144e+03  2.25669555e+03  2.16224571e+03  2.07083144e+03  1.98192023e+03  1.89496767e+03  1.80932183e+03  1.72409781e+03  1.63785243e+03  1.54852876e+03  1.45389903e+03  1.35249683e+03  1.24457412e+03  1.13231266e+03  1.01619621e+03  8.99360090e+02  7.85317220e+02  6.77272157e+02  5.77629840e+02  4.87906709e+02  4.08716915e+02  3.39998470e+02  2.81190735e+02  2.31433389e+02  1.89730392e+02  1.55035302e+02  1.26351816e+02  1.02751908e+02  8.34146376e+01  6.76203802e+01  5.47537317e+01  4.42949792e+01  3.58062514e+01  2.89273144e+01  2.33582892e+01  1.88540070e+01  1.52135270e+01  1.22726904e+01  9.89848158e+00  7.98206512e+00  6.43588178e+00  5.18858741e+00  4.18264592e+00  3.37150461e+00  2.71747588e+00  2.19026386e+00  1.76522498e+00  1.42263399e+00  1.14648856e+00  9.23918678e-01  7.44544532e-01  5.99972121e-01  4.83470444e-01  3.89572038e-01  3.13903376e-01  2.52921931e-01  2.03778083e-01  1.64176717e-01  1.32261380e-01  1.06544496e-01  8.58185950e-02  6.91172123e-02  5.56581317e-02  4.48119773e-02  3.60721673e-02  2.90286987e-02  2.33532644e-02  1.87793679e-02  1.50936312e-02  1.21234834e-02  9.72994953e-03  7.80126849e-03  6.24693779e-03  4.99449170e-03  3.98514510e-03  3.17179024e-03  2.51635692e-03  1.98816440e-03  1.56255796e-03  1.21955667e-03  9.43171934e-04  7.20435773e-04  5.40948647e-04  3.96312348e-04  2.79753850e-04  1.85834395e-04  1.10143076e-04  4.91518405e-05  0.00000000e+00  
60      577.969288        529.703265           106.209773         1.59292670e+03  1.52794260e+03  1.46548957e+03  1.40548464e+03  1.34784848e+03  1.29249556e+03  1.23934307e+03  1.18830438e+03  1.13927957e+03  1.09212584e+03  1.04666289e+03  1.00265656e+03  9.59851882e+02  9.17987699e+02  8.76750524e+02  8.35713410e+02  7.94177290e+02  7.51141585e+02  7.05516648e+02  6.56576057e+02  6.04424335e+02  5.50105128e+02  4.93856912e+02  4.37205589e+02  3.81864857e+02  3.29400923e+02  2.80992011e+02  2.37383790e+02  1.98882006e+02  1.65462148e+02  1.36855778e+02  1.12647487e+02  9.23548660e+01  7.54702696e+01  6.15099096e+01  5.00228483e+01  4.06099913e+01  3.29213845e+01  2.66576688e+01  2.15659897e+01  1.74332753e+01  1.40842093e+01  1.13728363e+01  9.17981991e+00  7.40734573e+00  5.97550021e+00  4.81952795e+00  3.88644342e+00  3.13361819e+00  2.52631741e+00  2.03652849e+00  1.64158603e+00  1.32314059e+00  1.06644155e+00  8.59490228e-01  6.92682588e-01  5.58227192e-01  4.49857688e-01  3.62520180e-01  2.92127651e-01  2.35402785e-01  1.89683476e-01  1.52840256e-01  1.23148265e-01  9.92200206e-02  7.99380280e-02  6.43983784e-02  5.18767691e-02  4.17852794e-02  3.36533369e-02  2.71000788e-02  2.18190604e-02  1.75636259e-02  1.41341441e-02  1.13707614e-02  9.14372006e-03  7.34912590e-03  5.90295371e-03  4.73753626e-03  3.79845677e-03  3.04164934e-03  2.43183027e-03  1.94037693e-03  1.54435245e-03  1.22522036e-03  9.68042128e-04  7.60813307e-04  5.93805138e-04  4.59232729e-04  3.50781946e-04  2.63389224e-04  1.92965455e-04  1.36212836e-04  9.04832230e-05  5.36289342e-05  2.39321518e-05  0.00000000e+00  
61      693.856788        635.913038           127.505688         7.67712106e+02  7.36772300e+02  7.06979502e+02  6.78306055e+02  6.50724564e+02  6.24203181e+02  5.98709920e+02  5.74209679e+02  5.50659823e+02  5.27996110e+02  5.06135293e+02  4.84967460e+02  4.64372000e+02  4.44224797e+02  4.24376040e+02  4.04620545e+02  3.84620600e+02  3.63890753e+02  3.41899804e+02  3.18289973e+02  2.93104912e+02  2.66844401e+02  2.39625561e+02  2.12189669e+02  1.85370836e+02  1.59932558e+02  1.36450326e+02  1.15289447e+02  9.66011972e+01  8.03759436e+01  6.64850552e+01  5.47280556e+01  4.48715388e+01  3.66695552e+01  2.98875265e+01  2.43066804e+01  1.97333198e+01  1.59975510e+01  1.29540082e+01  1.04798902e+01  8.47170190e+00  6.84427801e+00  5.52671123e+00  4.46102251e+00  3.59968665e+00  2.90387437e+00  2.34212057e+00  1.88867857e+00  1.52283399e+00  1.22770782e+00  9.89687543e-01  7.97758933e-01  6.43005005e-01  5.18257608e-01  4.17685875e-01  3.36622616e-01  2.71281482e-01  2.18617249e-01  1.76173894e-01  1.41965268e-01  1.14398701e-01  9.21804966e-02  7.42758003e-02  5.98463836e-02  4.82179735e-02  3.88475014e-02  3.12956955e-02  2.52105669e-02  2.03064035e-02  1.63545214e-02  1.31698331e-02  1.06034152e-02  8.53540050e-03  6.86877428e-03  5.52585235e-03  4.44357643e-03  3.57145697e-03  2.86866025e-03  2.30230198e-03  1.84593724e-03  1.47815130e-03  1.18179733e-03  9.42965593e-04  7.50509450e-04  5.95420728e-04  4.70439740e-04  3.69732684e-04  2.88571671e-04  2.23173475e-04  1.70469614e-04  1.27999345e-04  9.37754832e-05  6.61953952e-05  4.39721606e-05  2.60620702e-05  1.16303154e-05  0.00000000e+00  
62      832.980665        763.418726           153.071606         3.68809151e+02  3.54256661e+02  3.40197876e+02  3.26627226e+02  3.13538702e+02  3.00923576e+02  2.88772330e+02  2.77073288e+02  2.65810543e+02  2.54957220e+02  2.44476657e+02  2.34318816e+02  2.24427971e+02  2.14746247e+02  2.05202989e+02  1.95700402e+02  1.86076135e+02  1.76095539e+02  1.65500679e+02  1.54116422e+02  1.41961368e+02  1.29275252e+02  1.16115571e+02  1.02841971e+02  8.98597356e+01  7.75402903e+01  6.61640457e+01  5.59094335e+01  4.68509406e+01  3.89848095e+01  3.22493621e+01  2.65478904e+01  2.17675604e+01  1.77893396e+01  1.44996232e+01  1.17924117e+01  9.57382410e+00  7.76149805e+00  6.28494790e+00  5.08462195e+00  4.11032534e+00  3.32074916e+00  2.68149836e+00  2.16444751e+00  1.74654128e+00  1.40894229e+00  1.13638532e+00  9.16379182e-01  7.38873967e-01  5.95680445e-01  4.80194131e-01  3.87071114e-01  3.11985002e-01  2.51457894e-01  2.02660707e-01  1.63328962e-01  1.31625544e-01  1.06072926e-01  8.54794564e-02  6.88814629e-02  5.55061876e-02  4.47259308e-02  3.60385838e-02  2.90374393e-02  2.33953410e-02  1.88487925e-02  1.51846596e-02  1.22321578e-02  9.85265972e-03  7.93520806e-03  6.38999850e-03  5.14477349e-03  4.14137349e-03  3.33272703e-03  2.68114175e-03  2.15602184e-03  1.73286977e-03  1.39187303e-03  1.11707619e-03  8.95648167e-04  7.17198542e-04  5.73407690e-04  4.57526608e-04  3.64146948e-04  2.88897949e-04  2.28257213e-04  1.79394182e-04  1.40014884e-04  1.08283700e-04  8.27118026e-05  6.21052416e-05  4.54998348e-05  3.21179848e-05  2.13352784e-05  1.26453082e-05  5.64302535e-06  0.00000000e+00  
63      1000              916.490332           167.019335         1.81494951e+02  1.74563191e+02  1.67836949e+02  1.61317292e+02  1.55004986e+02  1.48899344e+02  1.42999059e+02  1.37301534e+02  1.31801869e+02  1.26489539e+02  1.21348856e+02  1.16357243e+02  1.11488973e+02  1.06716957e+02  1.02007507e+02  9.73131990e+01  9.25542426e+01  8.76144816e+01  8.23656648e+01  7.67202380e+01  7.06867889e+01  6.43840540e+01  5.78412843e+01  5.12379811e+01  4.47765822e+01  3.86427627e+01  3.29768683e+01  2.78683766e+01  2.33548821e+01  1.94348875e+01  1.60779354e+01  1.32360298e+01  1.08530727e+01  8.86982894e+00  7.22973368e+00  5.87998879e+00  4.77381993e+00  3.87018397e+00  3.13395067e+00  2.53543639e+00  2.04961909e+00  1.65590482e+00  1.33714567e+00  1.07931886e+00  8.70929070e-01  7.02583788e-01  5.66671446e-01  4.56963564e-01  3.68448883e-01  2.97043902e-01  2.39455317e-01  1.93018385e-01  1.55575733e-01  1.25393086e-01  1.01059703e-01  8.14463791e-02  6.56370197e-02  5.28948390e-02  4.26256058e-02  3.43487726e-02  2.76789938e-02  2.23032585e-02  1.79711833e-02  1.44799577e-02  1.16664406e-02  9.39923573e-03  7.57206060e-03  6.09975098e-03  4.91317823e-03  3.95701192e-03  3.18646977e-03  2.56551944e-03  2.06515880e-03  1.66191497e-03  1.33699207e-03  1.07513305e-03  8.64121843e-04  6.94078640e-04  5.57047020e-04  4.46628576e-04  3.57641957e-04  2.85938462e-04  2.28152599e-04  1.81587412e-04  1.44063355e-04  1.13823930e-04  8.94576361e-05  6.98205505e-05  5.39973132e-05  4.12454979e-05  3.09697229e-05  2.26891844e-05  1.60161215e-05  1.06391610e-05  6.30577520e-06  2.81398039e-06  0.00000000e+00  