This file contains the upward spectral flux (per wavelength) at each interface. 
Spectral fluxes given in [erg s^-1 cm^-3].
bin     cent_lambda[um]   low_int_lambda[um]   delta_lambda[um]   F_up[0]   F_up[1]   F_up[2]   F_up[3]   F_up[4]   F_up[5]   F_up[6]   F_up[7]   F_up[8]   F_up[9]   F_up[10]   F_up[11]   F_up[12]   F_up[13]   F_up[14]   F_up[15]   F_up[16]   F_up[17]   F_up[18]   F_up[19]   F_up[20]   F_up[21]   F_up[22]   F_up[23]   F_up[24]   F_up[25]   F_up[26]   F_up[27]   F_up[28]   F_up[29]   F_up[30]   F_up[31]   F_up[32]   F_up[33]   F_up[34]   F_up[35]   F_up[36]   F_up[37]   F_up[38]   F_up[39]   F_up[40]   F_up[41]   F_up[42]   F_up[43]   F_up[44]   F_up[45]   F_up[46]   F_up[47]   F_up[48]   F_up[49]   F_up[50]   F_up[51]   F_up[52]   F_up[53]   F_up[54]   F_up[55]   F_up[56]   F_up[57]   F_up[58]   F_up[59]   F_up[60]   F_up[61]   F_up[62]   F_up[63]   F_up[64]   F_up[65]   F_up[66]   F_up[67]   F_up[68]   F_up[69]   F_up[70]   F_up[71]   F_up[72]   F_up[73]   F_up[74]   F_up[75]   F_up[76]   F_up[77]   F_up[78]   F_up[79]   F_up[80]   F_up[81]   F_up[82]   F_up[83]   F_up[84]   F_up[85]   F_up[86]   F_up[87]   F_up[88]   F_up[89]   F_up[90]   F_up[91]   F_up[92]   F_up[93]   F_up[94]   F_up[95]   F_up[96]   
0       0.01              0.00899745971        0.00200508058      0.00000000e+00  0.00000000e+00  0.00000000e+00  0.00000000e+00  0.00000000e+00  0.00000000e+00  0.00000000e+00  0.00000000e+00  0.00000000e+00  0.00000000e+00  0.00000000e+00  0.00000000e+00  0.00000000e+00  0.00000000e+00  0.00000000e+00  0.00000000e+00  0.00000000e+00  0.00000000e+00  0.00000000e+00  0.00000000e+00  0.00000000e+00  0.00000000e+00  0.00000000e+00  0.00000000e+00  0.00000000e+00  0.00000000e+00  0.00000000e+00  0.00000000e+00  0.00000000e+00  0.00000000e+00  0.00000000e+00  0.00000000e+00  0.00000000e+00  0.00000000e+00  0.00000000e+00  0.00000000e+00  0.00000000e+00  0.00000000e+00  0.00000000e+00  0.00000000e+00  0.00000000e+00  0.00000000e+00  0.00000000e+00  0.00000000e+00  0.00000000e+00  0.00000000e+00  0.00000000e+00  0.00000000e+00  0.00000000e+00  0.00000000e+00  0.00000000e+00  0.00000000e+00  0.00000000e+00  0.00000000e+00  0.00000000e+00  0.00000000e+00  0.00000000e+00  0.00000000e+00  0.00000000e+00  0.00000000e+00  0.00000000e+00  0.00000000e+00  0.00000000e+00  0.00000000e+00  0.00000000e+00  0.00000000e+00  0.00000000e+00  0.00000000e+00  0.00000000e+00  0.00000000e+00  0.00000000e+00  0.00000000e+00  0.00000000e+00  0.00000000e+00  0.00000000e+00  0.00000000e+00  0.00000000e+00  0.00000000e+00  0.00000000e+00  0.00000000e+00  0.00000000e+00  0.00000000e+00  0.00000000e+00  0.00000000e+00  0.00000000e+00  0.00000000e+00  0.00000000e+00  0.00000000e+00  0.00000000e+00  0.00000000e+00  0.00000000e+00  0.00000000e+00  0.00000000e+00  0.00000000e+00  0.00000000e+00  0.00000000e+00  0.00000000e+00  
1       0.0120050806      0.0110025403         0.00220609798      0.00000000e+00  0.00000000e+00  0.00000000e+00  0.00000000e+00  0.00000000e+00  0.00000000e+00  0.00000000e+00  0.00000000e+00  0.00000000e+00  0.00000000e+00  0.00000000e+00  0.00000000e+00  0.00000000e+00  0.00000000e+00  0.00000000e+00  0.00000000e+00  0.00000000e+00  0.00000000e+00  0.00000000e+00  0.00000000e+00  0.00000000e+00  0.00000000e+00  0.00000000e+00  0.00000000e+00  0.00000000e+00  0.00000000e+00  0.00000000e+00  0.00000000e+00  0.00000000e+00  0.00000000e+00  0.00000000e+00  0.00000000e+00  0.00000000e+00  0.00000000e+00  0.00000000e+00  0.00000000e+00  0.00000000e+00  0.00000000e+00  0.00000000e+00  0.00000000e+00  0.00000000e+00  0.00000000e+00  0.00000000e+00  0.00000000e+00  0.00000000e+00  0.00000000e+00  0.00000000e+00  0.00000000e+00  0.00000000e+00  0.00000000e+00  0.00000000e+00  0.00000000e+00  0.00000000e+00  0.00000000e+00  0.00000000e+00  0.00000000e+00  0.00000000e+00  0.00000000e+00  0.00000000e+00  0.00000000e+00  0.00000000e+00  0.00000000e+00  0.00000000e+00  0.00000000e+00  0.00000000e+00  0.00000000e+00  0.00000000e+00  0.00000000e+00  0.00000000e+00  0.00000000e+00  0.00000000e+00  0.00000000e+00  0.00000000e+00  0.00000000e+00  0.00000000e+00  0.00000000e+00  0.00000000e+00  0.00000000e+00  0.00000000e+00  0.00000000e+00  0.00000000e+00  0.00000000e+00  0.00000000e+00  0.00000000e+00  0.00000000e+00  0.00000000e+00  0.00000000e+00  0.00000000e+00  0.00000000e+00  0.00000000e+00  0.00000000e+00  0.00000000e+00  0.00000000e+00  0.00000000e+00  0.00000000e+00  0.00000000e+00  0.00000000e+00  
2       0.014412196       0.0132086383         0.00264843841      0.00000000e+00  0.00000000e+00  0.00000000e+00  0.00000000e+00  0.00000000e+00  0.00000000e+00  0.00000000e+00  0.00000000e+00  0.00000000e+00  0.00000000e+00  0.00000000e+00  0.00000000e+00  0.00000000e+00  0.00000000e+00  0.00000000e+00  0.00000000e+00  0.00000000e+00  0.00000000e+00  0.00000000e+00  0.00000000e+00  0.00000000e+00  0.00000000e+00  0.00000000e+00  0.00000000e+00  0.00000000e+00  0.00000000e+00  0.00000000e+00  0.00000000e+00  0.00000000e+00  0.00000000e+00  0.00000000e+00  0.00000000e+00  0.00000000e+00  0.00000000e+00  0.00000000e+00  0.00000000e+00  0.00000000e+00  0.00000000e+00  0.00000000e+00  0.00000000e+00  0.00000000e+00  0.00000000e+00  0.00000000e+00  0.00000000e+00  0.00000000e+00  0.00000000e+00  0.00000000e+00  0.00000000e+00  0.00000000e+00  0.00000000e+00  0.00000000e+00  0.00000000e+00  0.00000000e+00  0.00000000e+00  0.00000000e+00  0.00000000e+00  0.00000000e+00  0.00000000e+00  0.00000000e+00  0.00000000e+00  0.00000000e+00  0.00000000e+00  0.00000000e+00  0.00000000e+00  0.00000000e+00  0.00000000e+00  0.00000000e+00  0.00000000e+00  0.00000000e+00  0.00000000e+00  0.00000000e+00  0.00000000e+00  0.00000000e+00  0.00000000e+00  0.00000000e+00  0.00000000e+00  0.00000000e+00  0.00000000e+00  0.00000000e+00  0.00000000e+00  0.00000000e+00  0.00000000e+00  0.00000000e+00  0.00000000e+00  0.00000000e+00  0.00000000e+00  0.00000000e+00  0.00000000e+00  0.00000000e+00  0.00000000e+00  0.00000000e+00  0.00000000e+00  0.00000000e+00  0.00000000e+00  0.00000000e+00  0.00000000e+00  0.00000000e+00  
3       0.0173019574      0.0158570767         0.00317947165      0.00000000e+00  0.00000000e+00  0.00000000e+00  0.00000000e+00  0.00000000e+00  0.00000000e+00  0.00000000e+00  0.00000000e+00  0.00000000e+00  0.00000000e+00  0.00000000e+00  0.00000000e+00  0.00000000e+00  0.00000000e+00  0.00000000e+00  0.00000000e+00  0.00000000e+00  0.00000000e+00  0.00000000e+00  0.00000000e+00  0.00000000e+00  0.00000000e+00  0.00000000e+00  0.00000000e+00  0.00000000e+00  0.00000000e+00  0.00000000e+00  0.00000000e+00  0.00000000e+00  0.00000000e+00  0.00000000e+00  0.00000000e+00  0.00000000e+00  0.00000000e+00  0.00000000e+00  0.00000000e+00  0.00000000e+00  0.00000000e+00  0.00000000e+00  0.00000000e+00  0.00000000e+00  0.00000000e+00  0.00000000e+00  0.00000000e+00  0.00000000e+00  0.00000000e+00  0.00000000e+00  0.00000000e+00  0.00000000e+00  0.00000000e+00  0.00000000e+00  0.00000000e+00  0.00000000e+00  0.00000000e+00  0.00000000e+00  0.00000000e+00  0.00000000e+00  0.00000000e+00  0.00000000e+00  0.00000000e+00  0.00000000e+00  0.00000000e+00  0.00000000e+00  0.00000000e+00  0.00000000e+00  0.00000000e+00  0.00000000e+00  0.00000000e+00  0.00000000e+00  0.00000000e+00  0.00000000e+00  0.00000000e+00  0.00000000e+00  0.00000000e+00  0.00000000e+00  0.00000000e+00  0.00000000e+00  0.00000000e+00  0.00000000e+00  0.00000000e+00  0.00000000e+00  0.00000000e+00  0.00000000e+00  0.00000000e+00  0.00000000e+00  0.00000000e+00  0.00000000e+00  0.00000000e+00  0.00000000e+00  0.00000000e+00  0.00000000e+00  0.00000000e+00  0.00000000e+00  0.00000000e+00  0.00000000e+00  0.00000000e+00  0.00000000e+00  
4       0.0207711393      0.0190365483         0.00381698133      0.00000000e+00  0.00000000e+00  0.00000000e+00  0.00000000e+00  0.00000000e+00  0.00000000e+00  0.00000000e+00  0.00000000e+00  0.00000000e+00  0.00000000e+00  0.00000000e+00  0.00000000e+00  0.00000000e+00  0.00000000e+00  0.00000000e+00  0.00000000e+00  0.00000000e+00  0.00000000e+00  0.00000000e+00  0.00000000e+00  0.00000000e+00  0.00000000e+00  0.00000000e+00  0.00000000e+00  0.00000000e+00  0.00000000e+00  0.00000000e+00  0.00000000e+00  0.00000000e+00  0.00000000e+00  0.00000000e+00  0.00000000e+00  0.00000000e+00  0.00000000e+00  0.00000000e+00  0.00000000e+00  0.00000000e+00  0.00000000e+00  0.00000000e+00  0.00000000e+00  0.00000000e+00  0.00000000e+00  0.00000000e+00  0.00000000e+00  0.00000000e+00  0.00000000e+00  0.00000000e+00  0.00000000e+00  0.00000000e+00  0.00000000e+00  0.00000000e+00  0.00000000e+00  0.00000000e+00  0.00000000e+00  0.00000000e+00  0.00000000e+00  0.00000000e+00  0.00000000e+00  0.00000000e+00  0.00000000e+00  0.00000000e+00  0.00000000e+00  0.00000000e+00  0.00000000e+00  0.00000000e+00  0.00000000e+00  0.00000000e+00  0.00000000e+00  0.00000000e+00  0.00000000e+00  0.00000000e+00  0.00000000e+00  0.00000000e+00  0.00000000e+00  0.00000000e+00  0.00000000e+00  0.00000000e+00  0.00000000e+00  0.00000000e+00  0.00000000e+00  0.00000000e+00  0.00000000e+00  0.00000000e+00  0.00000000e+00  0.00000000e+00  0.00000000e+00  0.00000000e+00  0.00000000e+00  0.00000000e+00  0.00000000e+00  0.00000000e+00  0.00000000e+00  0.00000000e+00  0.00000000e+00  0.00000000e+00  0.00000000e+00  0.00000000e+00  
5       0.02493592        0.0228535297         0.00458231684      5.53155410e-298 7.86678196e-315 0.00000000e+00  0.00000000e+00  0.00000000e+00  0.00000000e+00  0.00000000e+00  0.00000000e+00  0.00000000e+00  0.00000000e+00  0.00000000e+00  0.00000000e+00  0.00000000e+00  0.00000000e+00  0.00000000e+00  0.00000000e+00  0.00000000e+00  0.00000000e+00  0.00000000e+00  0.00000000e+00  0.00000000e+00  0.00000000e+00  0.00000000e+00  0.00000000e+00  0.00000000e+00  0.00000000e+00  0.00000000e+00  0.00000000e+00  0.00000000e+00  0.00000000e+00  0.00000000e+00  0.00000000e+00  0.00000000e+00  0.00000000e+00  0.00000000e+00  0.00000000e+00  0.00000000e+00  0.00000000e+00  0.00000000e+00  0.00000000e+00  0.00000000e+00  0.00000000e+00  0.00000000e+00  0.00000000e+00  0.00000000e+00  0.00000000e+00  0.00000000e+00  0.00000000e+00  0.00000000e+00  0.00000000e+00  0.00000000e+00  0.00000000e+00  0.00000000e+00  0.00000000e+00  0.00000000e+00  0.00000000e+00  0.00000000e+00  0.00000000e+00  0.00000000e+00  0.00000000e+00  0.00000000e+00  0.00000000e+00  0.00000000e+00  0.00000000e+00  0.00000000e+00  0.00000000e+00  0.00000000e+00  0.00000000e+00  0.00000000e+00  0.00000000e+00  0.00000000e+00  0.00000000e+00  0.00000000e+00  0.00000000e+00  0.00000000e+00  0.00000000e+00  0.00000000e+00  0.00000000e+00  0.00000000e+00  0.00000000e+00  0.00000000e+00  0.00000000e+00  0.00000000e+00  0.00000000e+00  0.00000000e+00  0.00000000e+00  0.00000000e+00  0.00000000e+00  0.00000000e+00  0.00000000e+00  0.00000000e+00  0.00000000e+00  0.00000000e+00  0.00000000e+00  0.00000000e+00  0.00000000e+00  0.00000000e+00  
6       0.0299357729      0.0274358465         0.00550110829      4.24636642e-245 1.59257173e-250 7.31313952e-262 9.16455987e-273 1.39984127e-281 1.09987199e-288 2.07320871e-294 5.04619832e-299 9.66598686e-303 9.75596197e-306 3.75809438e-308 4.26101744e-310 1.15261816e-311 6.28617171e-313 6.02936629e-314 9.11728482e-315 1.98946345e-315 5.83394024e-316 2.17097460e-316 9.78760941e-317 5.15107506e-317 3.07062985e-317 2.02387964e-317 1.44641077e-317 1.10337260e-317 8.87127970e-318 7.44111775e-318 6.45830755e-318 5.76156135e-318 5.25519347e-318 4.87971346e-318 4.59673736e-318 4.38070716e-318 4.21401435e-318 4.08432212e-318 3.98271752e-318 3.90268382e-318 3.83935943e-318 3.78907837e-318 3.74904423e-318 3.71708806e-318 3.69153499e-318 3.67107079e-318 3.65466287e-318 3.64149602e-318 3.63091808e-318 3.62241521e-318 3.61557734e-318 3.61007839e-318 3.60565156e-318 3.60208934e-318 3.59921882e-318 3.59690660e-318 3.59504891e-318 3.59355189e-318 3.59234637e-318 3.59137306e-318 3.59058750e-318 3.58995509e-318 3.58944620e-318 3.58903613e-318 3.58870511e-318 3.58843831e-318 3.58822586e-318 3.58805294e-318 3.58791460e-318 3.58780097e-318 3.58771203e-318 3.58763792e-318 3.58757864e-318 3.58752923e-318 3.58748970e-318 3.58746006e-318 3.58743536e-318 3.58741560e-318 3.58740077e-318 3.58738595e-318 3.58737607e-318 3.58736619e-318 3.58736125e-318 3.58735631e-318 3.58735137e-318 3.58734643e-318 3.58734149e-318 3.58734149e-318 3.58734149e-318 3.58734149e-318 3.58734149e-318 3.58734149e-318 3.58734149e-318 3.58734149e-318 3.58734149e-318 3.58734149e-318 3.58734149e-318 3.58734149e-318 3.58734149e-318 3.58734149e-318 
7       0.0359381366      0.0329369548         0.00660412483      4.24448003e-201 1.24928857e-205 4.38168595e-215 5.20662424e-225 8.19749072e-234 6.44092718e-241 1.21408550e-246 2.95508899e-251 5.66046943e-255 5.71315949e-258 2.20076632e-260 2.49528158e-262 6.74981245e-264 3.68122607e-265 3.53083902e-266 5.33914568e-267 1.16504369e-267 3.41639616e-268 1.27133788e-268 5.73169237e-269 3.01650561e-269 1.79818246e-269 1.18519818e-269 8.47028273e-270 6.46142831e-270 5.19508297e-270 4.35756927e-270 3.78202838e-270 3.37400806e-270 3.07747540e-270 2.85759068e-270 2.69187893e-270 2.56536962e-270 2.46775439e-270 2.39180690e-270 2.33230557e-270 2.28543655e-270 2.24835415e-270 2.21890877e-270 2.19546327e-270 2.17674858e-270 2.16178464e-270 2.14980030e-270 2.14019129e-270 2.13247937e-270 2.12628473e-270 2.12130640e-270 2.11730274e-270 2.11408212e-270 2.11149025e-270 2.10940394e-270 2.10772425e-270 2.10637160e-270 2.10528232e-270 2.10440484e-270 2.10369804e-270 2.10312863e-270 2.10266988e-270 2.10230029e-270 2.10200249e-270 2.10176256e-270 2.10156922e-270 2.10141343e-270 2.10128790e-270 2.10118675e-270 2.10110524e-270 2.10103956e-270 2.10098664e-270 2.10094398e-270 2.10090962e-270 2.10088192e-270 2.10085960e-270 2.10084162e-270 2.10082713e-270 2.10081545e-270 2.10080604e-270 2.10079845e-270 2.10079234e-270 2.10078742e-270 2.10078345e-270 2.10078025e-270 2.10077767e-270 2.10077560e-270 2.10077392e-270 2.10077257e-270 2.10077149e-270 2.10077061e-270 2.10076991e-270 2.10076934e-270 2.10076888e-270 2.10076851e-270 2.10076821e-270 2.10076797e-270 2.10076778e-270 2.10076762e-270 2.10076750e-270 2.10076740e-270 
8       0.0431440226      0.0395410796         0.00792830508      1.68379389e-164 2.77122795e-168 3.62651921e-176 1.81750583e-184 7.62571681e-193 6.06112886e-200 1.14249869e-205 2.78084639e-210 5.32670795e-214 5.37629121e-217 2.07100128e-219 2.34815087e-221 6.35181941e-223 3.46416783e-224 3.32264815e-225 5.02433059e-226 1.09634856e-226 3.21495324e-227 1.19637526e-227 5.39373132e-228 2.83864167e-228 1.69215520e-228 1.11531467e-228 7.97084462e-229 6.08043943e-229 4.88876233e-229 4.10063143e-229 3.55902648e-229 3.17506450e-229 2.89601646e-229 2.68909693e-229 2.53315614e-229 2.41410627e-229 2.32224678e-229 2.25077743e-229 2.19478451e-229 2.15067905e-229 2.11578316e-229 2.08807399e-229 2.06601092e-229 2.04839971e-229 2.03431810e-229 2.02304040e-229 2.01399797e-229 2.00674077e-229 2.00091139e-229 1.99622660e-229 1.99245901e-229 1.98942829e-229 1.98698925e-229 1.98502595e-229 1.98344531e-229 1.98217241e-229 1.98114735e-229 1.98032162e-229 1.97965650e-229 1.97912065e-229 1.97868896e-229 1.97834116e-229 1.97806091e-229 1.97783513e-229 1.97765319e-229 1.97750660e-229 1.97738847e-229 1.97729328e-229 1.97721658e-229 1.97715477e-229 1.97710496e-229 1.97706483e-229 1.97703248e-229 1.97700642e-229 1.97698542e-229 1.97696850e-229 1.97695486e-229 1.97694387e-229 1.97693501e-229 1.97692788e-229 1.97692212e-229 1.97691749e-229 1.97691376e-229 1.97691075e-229 1.97690832e-229 1.97690637e-229 1.97690479e-229 1.97690352e-229 1.97690250e-229 1.97690168e-229 1.97690101e-229 1.97690048e-229 1.97690005e-229 1.97689970e-229 1.97689942e-229 1.97689919e-229 1.97689901e-229 1.97689886e-229 1.97689875e-229 1.97689865e-229 
9       0.0517947468      0.0474693847         0.00951799413      4.56633132e-134 3.16599219e-137 8.46772943e-144 1.03753709e-150 7.56812206e-158 9.05090840e-165 1.71151801e-170 4.16584604e-175 7.97967313e-179 8.05395131e-182 3.10246281e-184 3.51764665e-186 9.51534103e-188 5.18949551e-189 4.97749199e-190 7.52669683e-191 1.64238461e-191 4.81615968e-192 1.79222957e-192 8.08007747e-193 4.25242624e-193 2.53493256e-193 1.67079678e-193 1.19407212e-193 9.10880034e-194 7.32360884e-194 6.14294960e-194 5.33159848e-194 4.75640436e-194 4.33837653e-194 4.02840080e-194 3.79479374e-194 3.61645112e-194 3.47884105e-194 3.37177640e-194 3.28789623e-194 3.22182407e-194 3.16954828e-194 3.12803857e-194 3.09498700e-194 3.06860453e-194 3.04750958e-194 3.03061502e-194 3.01706902e-194 3.00619737e-194 2.99746467e-194 2.99044662e-194 2.98480258e-194 2.98026241e-194 2.97660861e-194 2.97366749e-194 2.97129961e-194 2.96939274e-194 2.96785716e-194 2.96662017e-194 2.96562378e-194 2.96482106e-194 2.96417435e-194 2.96365333e-194 2.96323352e-194 2.96289529e-194 2.96262273e-194 2.96240312e-194 2.96222616e-194 2.96208356e-194 2.96196866e-194 2.96187606e-194 2.96180145e-194 2.96174133e-194 2.96169288e-194 2.96165383e-194 2.96162237e-194 2.96159702e-194 2.96157659e-194 2.96156013e-194 2.96154686e-194 2.96153617e-194 2.96152755e-194 2.96152061e-194 2.96151502e-194 2.96151051e-194 2.96150688e-194 2.96150395e-194 2.96150159e-194 2.96149969e-194 2.96149816e-194 2.96149692e-194 2.96149593e-194 2.96149512e-194 2.96149448e-194 2.96149396e-194 2.96149354e-194 2.96149320e-194 2.96149293e-194 2.96149271e-194 2.96149253e-194 2.96149239e-194 
10      0.0621800109      0.0569873788         0.0114264286       9.06475398e-109 2.08950432e-111 6.91414154e-117 1.21391110e-122 1.34221465e-128 1.04163914e-134 2.28578408e-140 5.56926712e-145 1.06679299e-148 1.07672315e-151 4.14764555e-154 4.70269989e-156 1.27209460e-157 6.93777471e-159 6.65434973e-160 1.00623513e-160 2.19568441e-161 6.43866648e-162 2.39601035e-162 1.08021593e-162 5.68501796e-163 3.38892113e-163 2.23366830e-163 1.59634079e-163 1.21774466e-163 9.79084539e-164 8.21243612e-164 7.12775047e-164 6.35878030e-164 5.79992389e-164 5.38552102e-164 5.07321452e-164 4.83479041e-164 4.65082114e-164 4.50768769e-164 4.39554928e-164 4.30721820e-164 4.23733133e-164 4.18183748e-164 4.13765123e-164 4.10238083e-164 4.07417923e-164 4.05159311e-164 4.03348361e-164 4.01894944e-164 4.00727479e-164 3.99789245e-164 3.99034700e-164 3.98427730e-164 3.97939257e-164 3.97546063e-164 3.97229504e-164 3.96974577e-164 3.96769287e-164 3.96603915e-164 3.96470709e-164 3.96363395e-164 3.96276937e-164 3.96207283e-164 3.96151158e-164 3.96105940e-164 3.96069502e-164 3.96040143e-164 3.96016485e-164 3.95997421e-164 3.95982060e-164 3.95969681e-164 3.95959707e-164 3.95951669e-164 3.95945191e-164 3.95939972e-164 3.95935766e-164 3.95932376e-164 3.95929645e-164 3.95927444e-164 3.95925671e-164 3.95924241e-164 3.95923089e-164 3.95922161e-164 3.95921413e-164 3.95920811e-164 3.95920325e-164 3.95919934e-164 3.95919618e-164 3.95919364e-164 3.95919159e-164 3.95918994e-164 3.95918861e-164 3.95918754e-164 3.95918668e-164 3.95918598e-164 3.95918542e-164 3.95918497e-164 3.95918460e-164 3.95918431e-164 3.95918407e-164 3.95918388e-164 
11      0.0746476041      0.0684138075         0.0137175197       9.49248657e-88  5.96805235e-90  1.60752925e-94  2.58639906e-99  2.79819844e-104 2.06436670e-109 1.22650392e-114 3.18070155e-119 6.09537237e-123 6.15211315e-126 2.36985568e-128 2.68699914e-130 7.26841428e-132 3.96406215e-133 3.80212057e-134 5.74936311e-135 1.25455637e-135 3.67888483e-136 1.36901735e-136 6.17206995e-137 3.24826987e-137 1.93634048e-137 1.27625937e-137 9.12107179e-138 6.95787300e-138 5.59423177e-138 4.69237019e-138 4.07260931e-138 3.63323997e-138 3.31392410e-138 3.07714519e-138 2.89870146e-138 2.76247219e-138 2.65735699e-138 2.57557429e-138 2.51150135e-138 2.46103129e-138 2.42109977e-138 2.38939205e-138 2.36414518e-138 2.34399260e-138 2.32787895e-138 2.31497383e-138 2.30462654e-138 2.29632210e-138 2.28965151e-138 2.28429069e-138 2.27997942e-138 2.27651135e-138 2.27372034e-138 2.27147374e-138 2.26966500e-138 2.26820841e-138 2.26703544e-138 2.26609055e-138 2.26532944e-138 2.26471628e-138 2.26422228e-138 2.26382430e-138 2.26350361e-138 2.26324525e-138 2.26303706e-138 2.26286930e-138 2.26273413e-138 2.26262520e-138 2.26253743e-138 2.26246670e-138 2.26240971e-138 2.26236378e-138 2.26232678e-138 2.26229695e-138 2.26227292e-138 2.26225355e-138 2.26223795e-138 2.26222537e-138 2.26221524e-138 2.26220707e-138 2.26220049e-138 2.26219519e-138 2.26219091e-138 2.26218747e-138 2.26218470e-138 2.26218246e-138 2.26218066e-138 2.26217921e-138 2.26217803e-138 2.26217709e-138 2.26217633e-138 2.26217572e-138 2.26217523e-138 2.26217483e-138 2.26217451e-138 2.26217425e-138 2.26217404e-138 2.26217387e-138 2.26217374e-138 2.26217363e-138 
12      0.0896150502      0.0821313271         0.0164679929       2.71719852e-70  3.94852102e-72  6.10621185e-76  6.20538794e-80  4.49516408e-84  2.32804558e-88  7.94333930e-93  3.44925359e-97  6.80745652e-101 6.87263644e-104 2.64740942e-106 3.00169622e-108 8.11967944e-110 4.42832683e-111 4.24741890e-112 6.42271941e-113 1.40148803e-113 4.10974999e-114 1.52935449e-114 6.89493300e-115 3.62870209e-115 2.16312161e-115 1.42573285e-115 1.01893173e-115 7.77276805e-116 6.24941933e-116 5.24193315e-116 4.54958686e-116 4.05875927e-116 3.70204564e-116 3.43753556e-116 3.23819278e-116 3.08600855e-116 2.96858242e-116 2.87722147e-116 2.80564441e-116 2.74926338e-116 2.70465514e-116 2.66923386e-116 2.64103012e-116 2.61851730e-116 2.60051645e-116 2.58609990e-116 2.57454075e-116 2.56526370e-116 2.55781187e-116 2.55182319e-116 2.54700699e-116 2.54313275e-116 2.54001487e-116 2.53750514e-116 2.53548457e-116 2.53385739e-116 2.53254704e-116 2.53149148e-116 2.53064124e-116 2.52995626e-116 2.52940441e-116 2.52895981e-116 2.52860157e-116 2.52831295e-116 2.52808037e-116 2.52789297e-116 2.52774196e-116 2.52762028e-116 2.52752223e-116 2.52744322e-116 2.52737955e-116 2.52732825e-116 2.52728690e-116 2.52725359e-116 2.52722674e-116 2.52720511e-116 2.52718767e-116 2.52717362e-116 2.52716230e-116 2.52715318e-116 2.52714583e-116 2.52713990e-116 2.52713513e-116 2.52713128e-116 2.52712818e-116 2.52712568e-116 2.52712367e-116 2.52712205e-116 2.52712074e-116 2.52711969e-116 2.52711884e-116 2.52711815e-116 2.52711760e-116 2.52711716e-116 2.52711680e-116 2.52711651e-116 2.52711628e-116 2.52711609e-116 2.52711594e-116 2.52711582e-116 
13      0.10758359        0.09859932           0.0197699582       8.37041611e-56  2.44790863e-57  1.62445315e-60  7.65063894e-64  2.70239893e-67  7.15921061e-71  1.30270857e-74  1.89138682e-78  4.97170342e-82  5.10150883e-85  1.96548033e-87  2.22850950e-89  6.02818589e-91  3.28766394e-92  3.15335487e-93  4.76833436e-94  1.04048816e-94  3.05114716e-95  1.13541837e-95  5.11891364e-96  2.69400915e-96  1.60593768e-96  1.05848792e-96  7.56471964e-97  5.77063307e-97  4.63967349e-97  3.89169889e-97  3.37768942e-97  3.01329081e-97  2.74846063e-97  2.55208392e-97  2.40408851e-97  2.29110439e-97  2.20392527e-97  2.13609737e-97  2.08295736e-97  2.04109914e-97  2.00798123e-97  1.98168388e-97  1.96074496e-97  1.94403106e-97  1.93066693e-97  1.91996384e-97  1.91138214e-97  1.90449470e-97  1.89896233e-97  1.89451624e-97  1.89094061e-97  1.88806431e-97  1.88574954e-97  1.88388628e-97  1.88238617e-97  1.88117813e-97  1.88020530e-97  1.87942164e-97  1.87879040e-97  1.87828186e-97  1.87787216e-97  1.87754208e-97  1.87727612e-97  1.87706184e-97  1.87688917e-97  1.87675004e-97  1.87663793e-97  1.87654759e-97  1.87647480e-97  1.87641614e-97  1.87636887e-97  1.87633078e-97  1.87630009e-97  1.87627535e-97  1.87625542e-97  1.87623936e-97  1.87622642e-97  1.87621599e-97  1.87620758e-97  1.87620081e-97  1.87619535e-97  1.87619095e-97  1.87618741e-97  1.87618455e-97  1.87618225e-97  1.87618040e-97  1.87617890e-97  1.87617770e-97  1.87617673e-97  1.87617595e-97  1.87617532e-97  1.87617481e-97  1.87617440e-97  1.87617407e-97  1.87617380e-97  1.87617359e-97  1.87617342e-97  1.87617328e-97  1.87617316e-97  1.87617307e-97  
14      0.129154967       0.118369278          0.0237339941       8.69039455e-44  4.55576100e-45  1.01770689e-47  1.71698353e-50  2.27023839e-53  2.34909821e-56  1.77630004e-59  1.01219014e-62  5.87670232e-66  7.14392094e-69  2.77752386e-71  3.14959711e-73  8.51975965e-75  4.64652337e-76  4.45670158e-77  6.73918546e-78  1.47054342e-78  4.31224932e-79  1.60471024e-79  7.23466640e-80  3.80749879e-80  2.26970490e-80  1.49598285e-80  1.06913745e-80  8.15575494e-81  6.55734639e-81  5.50021843e-81  4.77375823e-81  4.25874615e-81  3.88445619e-81  3.60691293e-81  3.39774796e-81  3.23806517e-81  3.11485311e-81  3.01899054e-81  2.94388667e-81  2.88472758e-81  2.83792136e-81  2.80075477e-81  2.77116136e-81  2.74753926e-81  2.72865145e-81  2.71352456e-81  2.70139586e-81  2.69166170e-81  2.68384270e-81  2.67755894e-81  2.67250543e-81  2.66844029e-81  2.66516879e-81  2.66253540e-81  2.66041526e-81  2.65870791e-81  2.65733299e-81  2.65622543e-81  2.65533329e-81  2.65461456e-81  2.65403552e-81  2.65356901e-81  2.65319312e-81  2.65289028e-81  2.65264624e-81  2.65244961e-81  2.65229116e-81  2.65216348e-81  2.65206060e-81  2.65197769e-81  2.65191089e-81  2.65185706e-81  2.65181368e-81  2.65177872e-81  2.65175055e-81  2.65172785e-81  2.65170956e-81  2.65169482e-81  2.65168294e-81  2.65167336e-81  2.65166565e-81  2.65165943e-81  2.65165443e-81  2.65165039e-81  2.65164714e-81  2.65164451e-81  2.65164240e-81  2.65164070e-81  2.65163933e-81  2.65163822e-81  2.65163733e-81  2.65163661e-81  2.65163604e-81  2.65163557e-81  2.65163519e-81  2.65163489e-81  2.65163465e-81  2.65163445e-81  2.65163429e-81  2.65163416e-81  
15      0.155051578       0.142103272          0.0284928511       7.87042739e-34  6.71414649e-35  4.12389527e-37  2.01180757e-39  7.98824935e-42  2.57575522e-44  6.41121730e-47  1.23690891e-49  2.05246391e-52  4.20130077e-55  1.80139822e-57  2.05406766e-59  5.55685636e-61  3.03061113e-62  2.90680329e-63  4.39551228e-64  9.59135443e-65  2.81258691e-65  1.04664333e-65  4.71868079e-66  2.48337247e-66  1.48037412e-66  9.75727855e-67  6.97325638e-67  5.31944419e-67  4.27691101e-67  3.58741836e-67  3.11359778e-67  2.77769043e-67  2.53356655e-67  2.35254396e-67  2.21611988e-67  2.11196965e-67  2.03160681e-67  1.96908218e-67  1.92009703e-67  1.88151158e-67  1.85098307e-67  1.82674183e-67  1.80744006e-67  1.79203297e-67  1.77971374e-67  1.76984750e-67  1.76193677e-67  1.75558784e-67  1.75048803e-67  1.74638957e-67  1.74309351e-67  1.74044209e-67  1.73830831e-67  1.73659073e-67  1.73520791e-67  1.73409432e-67  1.73319756e-67  1.73247517e-67  1.73189329e-67  1.73142451e-67  1.73104684e-67  1.73074257e-67  1.73049740e-67  1.73029988e-67  1.73014071e-67  1.73001246e-67  1.72990911e-67  1.72982584e-67  1.72975874e-67  1.72970466e-67  1.72966109e-67  1.72962598e-67  1.72959768e-67  1.72957488e-67  1.72955651e-67  1.72954170e-67  1.72952977e-67  1.72952016e-67  1.72951241e-67  1.72950617e-67  1.72950114e-67  1.72949708e-67  1.72949381e-67  1.72949118e-67  1.72948906e-67  1.72948735e-67  1.72948597e-67  1.72948486e-67  1.72948397e-67  1.72948325e-67  1.72948267e-67  1.72948220e-67  1.72948182e-67  1.72948152e-67  1.72948127e-67  1.72948107e-67  1.72948091e-67  1.72948079e-67  1.72948068e-67  1.72948060e-67  
16      0.186140669       0.170596123          0.0342058974       1.37299589e-25  1.75810626e-26  2.50810111e-28  2.96067290e-30  2.93814853e-32  2.44463880e-34  1.64324839e-36  8.90035243e-39  4.05013038e-41  1.79738517e-43  1.07673729e-45  1.30350788e-47  3.53973154e-49  1.93067847e-50  1.85180716e-51  2.80020363e-52  6.11026516e-53  1.79178571e-53  6.66774265e-54  3.00608126e-54  1.58205647e-54  9.43086658e-55  6.21596873e-55  4.44238046e-55  3.38880340e-55  2.72464755e-55  2.28539958e-55  1.98354760e-55  1.76955457e-55  1.61403309e-55  1.49871090e-55  1.41180061e-55  1.34545071e-55  1.29425478e-55  1.25442286e-55  1.22321639e-55  1.19863516e-55  1.17918668e-55  1.16374356e-55  1.15144718e-55  1.14163195e-55  1.13378386e-55  1.12749848e-55  1.12245887e-55  1.11841422e-55  1.11516534e-55  1.11255437e-55  1.11045459e-55  1.10876548e-55  1.10740613e-55  1.10631193e-55  1.10543099e-55  1.10472157e-55  1.10415028e-55  1.10369007e-55  1.10331938e-55  1.10302074e-55  1.10278014e-55  1.10258630e-55  1.10243012e-55  1.10230428e-55  1.10220288e-55  1.10212118e-55  1.10205534e-55  1.10200229e-55  1.10195954e-55  1.10192509e-55  1.10189734e-55  1.10187497e-55  1.10185694e-55  1.10184242e-55  1.10183071e-55  1.10182128e-55  1.10181368e-55  1.10180755e-55  1.10180262e-55  1.10179864e-55  1.10179544e-55  1.10179285e-55  1.10179077e-55  1.10178909e-55  1.10178774e-55  1.10178665e-55  1.10178578e-55  1.10178507e-55  1.10178450e-55  1.10178404e-55  1.10178367e-55  1.10178337e-55  1.10178313e-55  1.10178294e-55  1.10178278e-55  1.10178265e-55  1.10178255e-55  1.10178247e-55  1.10178241e-55  1.10178235e-55  
17      0.223463373       0.204802021          0.0410644554       8.92614375e-19  1.60369399e-19  4.61666037e-21  1.13704440e-22  2.42010551e-24  4.43872678e-26  6.82751154e-28  8.76995289e-30  9.59344182e-32  9.52101269e-34  9.94355487e-36  1.50084385e-37  4.23803905e-39  2.31810625e-40  2.22360456e-41  3.36242033e-42  7.33706641e-43  2.15153523e-43  8.00647261e-44  3.60963350e-44  1.89969716e-44  1.13243685e-44  7.46399284e-45  5.33430868e-45  4.06919748e-45  3.27169436e-45  2.74425546e-45  2.38179851e-45  2.12484058e-45  1.93809395e-45  1.79961771e-45  1.69525783e-45  1.61558638e-45  1.55411149e-45  1.50628222e-45  1.46881022e-45  1.43929364e-45  1.41594034e-45  1.39739660e-45  1.38263139e-45  1.37084549e-45  1.36142168e-45  1.35387434e-45  1.34782289e-45  1.34296618e-45  1.33906499e-45  1.33592980e-45  1.33340843e-45  1.33138018e-45  1.32974791e-45  1.32843402e-45  1.32737621e-45  1.32652435e-45  1.32583836e-45  1.32528575e-45  1.32484063e-45  1.32448203e-45  1.32419313e-45  1.32396037e-45  1.32377283e-45  1.32362173e-45  1.32349997e-45  1.32340186e-45  1.32332280e-45  1.32325910e-45  1.32320777e-45  1.32316641e-45  1.32313308e-45  1.32310622e-45  1.32308457e-45  1.32306713e-45  1.32305307e-45  1.32304175e-45  1.32303262e-45  1.32302527e-45  1.32301934e-45  1.32301456e-45  1.32301072e-45  1.32300761e-45  1.32300512e-45  1.32300310e-45  1.32300148e-45  1.32300017e-45  1.32299912e-45  1.32299827e-45  1.32299758e-45  1.32299703e-45  1.32299659e-45  1.32299623e-45  1.32299594e-45  1.32299571e-45  1.32299552e-45  1.32299537e-45  1.32299525e-45  1.32299515e-45  1.32299507e-45  1.32299501e-45  
18      0.26826958        0.245866476          0.0492982096       3.74762277e-13  8.92961733e-14  4.61357860e-15  2.09574785e-16  8.42182283e-18  2.98551382e-19  9.15223853e-21  2.41555992e-22  5.54470760e-24  1.13970780e-25  2.23101854e-27  5.01744375e-29  1.64396821e-30  9.23810469e-32  8.88159545e-33  1.34315773e-33  2.93088253e-34  8.59457560e-35  3.19828527e-35  1.44191309e-35  7.58857705e-36  4.52366014e-36  2.98158496e-36  2.13085608e-36  1.62549165e-36  1.30691908e-36  1.09622704e-36  9.51439098e-37  8.48794052e-37  7.74195783e-37  7.18879721e-37  6.77191868e-37  6.45366115e-37  6.20809201e-37  6.01703207e-37  5.86734548e-37  5.74943781e-37  5.65615016e-37  5.58207488e-37  5.52309341e-37  5.47601313e-37  5.43836858e-37  5.40821977e-37  5.38404653e-37  5.36464576e-37  5.34906200e-37  5.33653809e-37  5.32646614e-37  5.31836407e-37  5.31184376e-37  5.30659526e-37  5.30236969e-37  5.29896684e-37  5.29622655e-37  5.29401910e-37  5.29224102e-37  5.29080854e-37  5.28965448e-37  5.28872470e-37  5.28797553e-37  5.28737195e-37  5.28688556e-37  5.28649366e-37  5.28617786e-37  5.28592339e-37  5.28571835e-37  5.28555311e-37  5.28541997e-37  5.28531267e-37  5.28522621e-37  5.28515654e-37  5.28510039e-37  5.28505515e-37  5.28501869e-37  5.28498931e-37  5.28496564e-37  5.28494656e-37  5.28493119e-37  5.28491880e-37  5.28490881e-37  5.28490077e-37  5.28489428e-37  5.28488906e-37  5.28488485e-37  5.28488146e-37  5.28487872e-37  5.28487652e-37  5.28487475e-37  5.28487331e-37  5.28487216e-37  5.28487123e-37  5.28487048e-37  5.28486988e-37  5.28486939e-37  5.28486900e-37  5.28486869e-37  5.28486843e-37  
19      0.322059792       0.295164686          0.0591828978       1.60646491e-08  4.84340993e-09  4.07310411e-10  3.07972446e-11  2.10116052e-12  1.29008034e-13  7.02432924e-15  3.37797982e-16  1.44246971e-17  5.54945157e-19  1.97206214e-20  7.17950167e-22  3.13010442e-23  1.94944460e-24  1.91115062e-25  2.89584516e-26  6.31965507e-27  1.85319407e-27  6.89626109e-28  3.10910638e-28  1.63627708e-28  9.75408346e-29  6.42900387e-29  4.59463077e-29  3.50494526e-29  2.81802731e-29  2.36372533e-29  2.05152821e-29  1.83020116e-29  1.66934961e-29  1.55007507e-29  1.46018618e-29  1.39156231e-29  1.33861178e-29  1.29741473e-29  1.26513875e-29  1.23971506e-29  1.21960004e-29  1.20362765e-29  1.19090985e-29  1.18075822e-29  1.17264117e-29  1.16614037e-29  1.16092804e-29  1.15674478e-29  1.15338455e-29  1.15068410e-29  1.14851235e-29  1.14676535e-29  1.14535942e-29  1.14422771e-29  1.14331658e-29  1.14258285e-29  1.14199197e-29  1.14151600e-29  1.14113260e-29  1.14082373e-29  1.14057488e-29  1.14037440e-29  1.14021286e-29  1.14008271e-29  1.13997784e-29  1.13989333e-29  1.13982524e-29  1.13977037e-29  1.13972616e-29  1.13969053e-29  1.13966182e-29  1.13963868e-29  1.13962004e-29  1.13960502e-29  1.13959291e-29  1.13958316e-29  1.13957530e-29  1.13956896e-29  1.13956386e-29  1.13955974e-29  1.13955643e-29  1.13955376e-29  1.13955160e-29  1.13954987e-29  1.13954847e-29  1.13954734e-29  1.13954644e-29  1.13954570e-29  1.13954512e-29  1.13954464e-29  1.13954426e-29  1.13954395e-29  1.13954370e-29  1.13954350e-29  1.13954334e-29  1.13954321e-29  1.13954310e-29  1.13954302e-29  1.13954295e-29  1.13954290e-29  
20      0.386635375       0.354347584          0.0710495457       1.02973939e-04  3.77727292e-05  4.76612722e-06  5.50739419e-07  5.83901676e-08  5.66620308e-09  4.97818006e-10  3.94563528e-11  2.82901894e-12  1.84883540e-13  1.11217026e-14  6.52852728e-16  4.10110965e-17  3.13763050e-18  3.30838852e-19  5.08790348e-20  1.11227340e-20  3.26206122e-21  1.21391260e-21  5.47279762e-22  2.88025311e-22  1.71696039e-22  1.13166399e-22  8.08768867e-23  6.16957216e-23  4.96042635e-23  4.16074230e-23  3.61119800e-23  3.22160755e-23  2.93846896e-23  2.72851621e-23  2.57028949e-23  2.44949448e-23  2.35628844e-23  2.28377141e-23  2.22695770e-23  2.18220571e-23  2.14679827e-23  2.11868292e-23  2.09629643e-23  2.07842706e-23  2.06413902e-23  2.05269601e-23  2.04352103e-23  2.03615744e-23  2.03024261e-23  2.02548915e-23  2.02166633e-23  2.01859118e-23  2.01611638e-23  2.01412431e-23  2.01252049e-23  2.01122893e-23  2.01018885e-23  2.00935101e-23  2.00867614e-23  2.00813244e-23  2.00769442e-23  2.00734152e-23  2.00705717e-23  2.00682808e-23  2.00664347e-23  2.00649472e-23  2.00637486e-23  2.00627828e-23  2.00620045e-23  2.00613774e-23  2.00608720e-23  2.00604648e-23  2.00601366e-23  2.00598722e-23  2.00596591e-23  2.00594874e-23  2.00593490e-23  2.00592375e-23  2.00591476e-23  2.00590752e-23  2.00590169e-23  2.00589698e-23  2.00589319e-23  2.00589014e-23  2.00588768e-23  2.00588570e-23  2.00588410e-23  2.00588281e-23  2.00588177e-23  2.00588094e-23  2.00588026e-23  2.00587972e-23  2.00587928e-23  2.00587893e-23  2.00587865e-23  2.00587842e-23  2.00587823e-23  2.00587808e-23  2.00587796e-23  2.00587787e-23  
21      0.464158883       0.425397129          0.0852955522       1.35617158e-01  5.85790517e-02  1.03633605e-02  1.70457417e-03  2.60882525e-04  3.70717950e-05  4.85152053e-06  5.82914587e-07  6.43840517e-08  6.56330553e-09  6.19698565e-10  5.60977389e-11  5.14036592e-12  5.18059210e-13  6.34133119e-14  1.02838070e-14  2.27454740e-15  6.68138920e-16  2.48671528e-16  1.12112003e-16  5.90029277e-17  3.51724960e-17  2.31825075e-17  1.65678952e-17  1.26385707e-17  1.01615959e-17  8.52341691e-18  7.39765741e-18  6.59956861e-18  6.01954994e-18  5.58945486e-18  5.26532223e-18  5.01786970e-18  4.82693406e-18  4.67838056e-18  4.56199580e-18  4.47031988e-18  4.39778660e-18  4.34019137e-18  4.29433191e-18  4.25772592e-18  4.22845642e-18  4.20501502e-18  4.18621977e-18  4.17113523e-18  4.15901850e-18  4.14928087e-18  4.14144971e-18  4.13515016e-18  4.13008046e-18  4.12599963e-18  4.12271416e-18  4.12006836e-18  4.11793772e-18  4.11622139e-18  4.11483888e-18  4.11372510e-18  4.11282779e-18  4.11210487e-18  4.11152237e-18  4.11105307e-18  4.11067489e-18  4.11037018e-18  4.11012464e-18  4.10992678e-18  4.10976736e-18  4.10963888e-18  4.10953536e-18  4.10945193e-18  4.10938471e-18  4.10933054e-18  4.10928688e-18  4.10925171e-18  4.10922336e-18  4.10920052e-18  4.10918211e-18  4.10916727e-18  4.10915532e-18  4.10914569e-18  4.10913793e-18  4.10913167e-18  4.10912663e-18  4.10912257e-18  4.10911929e-18  4.10911666e-18  4.10911453e-18  4.10911282e-18  4.10911144e-18  4.10911033e-18  4.10910943e-18  4.10910871e-18  4.10910812e-18  4.10910766e-18  4.10910728e-18  4.10910697e-18  4.10910673e-18  4.10910653e-18  
22      0.55722648        0.510692681          0.102397998        4.77953282e+01  2.36583417e+01  5.54673819e+00  1.22417915e+00  2.54377826e-01  4.96718346e-02  9.05904057e-03  1.53905623e-03  2.43669334e-04  3.60257789e-05  4.97866669e-06  6.57065616e-07  8.55913210e-08  1.15931762e-08  1.74606113e-09  3.15882421e-10  7.26866992e-11  2.15533830e-11  8.03421747e-12  3.62281666e-12  1.90666427e-12  1.13659116e-12  7.49137477e-13  5.35387782e-13  4.08412550e-13  3.28369670e-13  2.75432287e-13  2.39053624e-13  2.13263565e-13  1.94520393e-13  1.80621968e-13  1.70147696e-13  1.62151323e-13  1.55981281e-13  1.51180809e-13  1.47419861e-13  1.44457375e-13  1.42113478e-13  1.40252301e-13  1.38770363e-13  1.37587449e-13  1.36641612e-13  1.35884108e-13  1.35276744e-13  1.34789290e-13  1.34397741e-13  1.34083072e-13  1.33830009e-13  1.33626441e-13  1.33462615e-13  1.33330744e-13  1.33224575e-13  1.33139076e-13  1.33070225e-13  1.33014762e-13  1.32970087e-13  1.32934095e-13  1.32905099e-13  1.32881738e-13  1.32862914e-13  1.32847749e-13  1.32835528e-13  1.32825682e-13  1.32817747e-13  1.32811353e-13  1.32806201e-13  1.32802050e-13  1.32798705e-13  1.32796009e-13  1.32793836e-13  1.32792086e-13  1.32790675e-13  1.32789538e-13  1.32788622e-13  1.32787884e-13  1.32787289e-13  1.32786810e-13  1.32786424e-13  1.32786112e-13  1.32785862e-13  1.32785659e-13  1.32785497e-13  1.32785365e-13  1.32785260e-13  1.32785174e-13  1.32785106e-13  1.32785050e-13  1.32785006e-13  1.32784970e-13  1.32784941e-13  1.32784917e-13  1.32784899e-13  1.32784883e-13  1.32784871e-13  1.32784861e-13  1.32784853e-13  1.32784847e-13  
23      0.668954879       0.613090679          0.122929621        5.61226695e+03  3.11256706e+03  9.22943217e+02  2.60265766e+02  6.97834733e+01  1.77608039e+01  4.27109922e+00  9.68332605e-01  2.06954452e-01  4.17370160e-02  7.94230917e-03  1.44606235e-03  2.57234519e-04  4.62240814e-05  8.76194894e-06  1.85270535e-06  4.62308127e-07  1.41271394e-07  5.30804551e-08  2.39712630e-08  1.26185791e-08  7.52229923e-09  4.95802850e-09  3.54336658e-09  2.70300423e-09  2.17325499e-09  1.82289854e-09  1.58213297e-09  1.41144615e-09  1.28739787e-09  1.19541367e-09  1.12609160e-09  1.07316906e-09  1.03233376e-09  1.00056271e-09  9.75671561e-10  9.56064882e-10  9.40552228e-10  9.28234367e-10  9.18426431e-10  9.10597527e-10  9.04337674e-10  8.99324276e-10  8.95304546e-10  8.92078423e-10  8.89487025e-10  8.87404444e-10  8.85729596e-10  8.84382315e-10  8.83298062e-10  8.82425297e-10  8.81722636e-10  8.81156780e-10  8.80701101e-10  8.80334029e-10  8.80038354e-10  8.79800150e-10  8.79608242e-10  8.79453632e-10  8.79329052e-10  8.79228684e-10  8.79147804e-10  8.79082635e-10  8.79030121e-10  8.78987806e-10  8.78953709e-10  8.78926232e-10  8.78904092e-10  8.78886250e-10  8.78871873e-10  8.78860287e-10  8.78850951e-10  8.78843428e-10  8.78837365e-10  8.78832480e-10  8.78828543e-10  8.78825370e-10  8.78822814e-10  8.78820754e-10  8.78819093e-10  8.78817756e-10  8.78816678e-10  8.78815809e-10  8.78815109e-10  8.78814545e-10  8.78814090e-10  8.78813724e-10  8.78813428e-10  8.78813190e-10  8.78812999e-10  8.78812844e-10  8.78812720e-10  8.78812619e-10  8.78812539e-10  8.78812473e-10  8.78812421e-10  8.78812379e-10  
24      0.803085722       0.7360203            0.147578001        2.63228419e+05  1.60545394e+05  5.79266273e+04  2.00438379e+04  6.64849748e+03  2.11101033e+03  6.39373983e+02  1.84381223e+02  5.06077038e+01  1.32260158e+01  3.28995740e+00  7.86253265e-01  1.83045555e-01  4.24405623e-02  1.00794621e-02  2.54623424e-03  7.14630058e-04  2.32041516e-04  8.92704464e-05  4.05905737e-05  2.13988100e-05  1.27597089e-05  8.41043617e-06  6.01075304e-06  4.58521923e-06  3.68658432e-06  3.09226002e-06  2.68383921e-06  2.39429593e-06  2.18386758e-06  2.02783088e-06  1.91023692e-06  1.82046217e-06  1.75119152e-06  1.69729693e-06  1.65507303e-06  1.62181339e-06  1.59549861e-06  1.57460330e-06  1.55796569e-06  1.54468518e-06  1.53406633e-06  1.52556189e-06  1.51874305e-06  1.51327044e-06  1.50887455e-06  1.50534177e-06  1.50250066e-06  1.50021521e-06  1.49837595e-06  1.49689544e-06  1.49570348e-06  1.49474360e-06  1.49397061e-06  1.49334793e-06  1.49284636e-06  1.49244229e-06  1.49211675e-06  1.49185448e-06  1.49164315e-06  1.49147289e-06  1.49133569e-06  1.49122514e-06  1.49113606e-06  1.49106427e-06  1.49100644e-06  1.49095982e-06  1.49092227e-06  1.49089200e-06  1.49086761e-06  1.49084796e-06  1.49083212e-06  1.49081936e-06  1.49080908e-06  1.49080079e-06  1.49079411e-06  1.49078873e-06  1.49078439e-06  1.49078090e-06  1.49077808e-06  1.49077581e-06  1.49077398e-06  1.49077251e-06  1.49077132e-06  1.49077036e-06  1.49076959e-06  1.49076897e-06  1.49076847e-06  1.49076807e-06  1.49076774e-06  1.49076748e-06  1.49076727e-06  1.49076710e-06  1.49076696e-06  1.49076685e-06  1.49076676e-06  1.49076669e-06  
25      0.96411088        0.883598301          0.177168579        5.72845972e+06  3.78349404e+06  1.60891845e+06  6.60671607e+05  2.61831395e+05  1.00027103e+05  3.67371079e+04  1.29514207e+04  4.38066077e+03  1.42168644e+03  4.42508856e+02  1.32958218e+02  3.89333632e+01  1.12803939e+01  3.29510409e+00  9.95101076e-01  3.20365345e-01  1.13697263e-01  4.58184709e-02  2.12296445e-02  1.12586739e-02  6.72338014e-03  4.43329121e-03  3.16865467e-03  2.41721516e-03  1.94348700e-03  1.63017436e-03  1.41486406e-03  1.26222303e-03  1.15128963e-03  1.06903034e-03  1.00703725e-03  9.59709870e-04  9.23191821e-04  8.94779714e-04  8.72520148e-04  8.54986356e-04  8.41113754e-04  8.30098180e-04  8.21327174e-04  8.14325969e-04  8.08727930e-04  8.04244566e-04  8.00649816e-04  7.97764770e-04  7.95447343e-04  7.93584940e-04  7.92087163e-04  7.90882321e-04  7.89912700e-04  7.89132206e-04  7.88503832e-04  7.87997801e-04  7.87590298e-04  7.87262034e-04  7.86997619e-04  7.86784599e-04  7.86612980e-04  7.86474715e-04  7.86363307e-04  7.86273550e-04  7.86201221e-04  7.86142942e-04  7.86095980e-04  7.86058138e-04  7.86027647e-04  7.86003074e-04  7.85983275e-04  7.85967320e-04  7.85954462e-04  7.85944101e-04  7.85935752e-04  7.85929024e-04  7.85923603e-04  7.85919234e-04  7.85915713e-04  7.85912876e-04  7.85910590e-04  7.85908747e-04  7.85907263e-04  7.85906066e-04  7.85905102e-04  7.85904325e-04  7.85903699e-04  7.85903195e-04  7.85902788e-04  7.85902461e-04  7.85902197e-04  7.85901984e-04  7.85901812e-04  7.85901674e-04  7.85901563e-04  7.85901473e-04  7.85901401e-04  7.85901343e-04  7.85901296e-04  7.85901258e-04  
26      1.15742288        1.06076688           0.212692307        6.54776464e+07  4.62367442e+07  2.25686778e+07  1.06979989e+07  4.92191106e+06  2.19559882e+06  9.47671946e+05  3.95270148e+05  1.59229475e+05  6.19442648e+04  2.32626606e+04  8.47245560e+03  3.01298960e+03  1.05750037e+03  3.71083786e+02  1.32417761e+02  4.90728229e+01  1.93588423e+01  8.34944375e+00  4.00989302e+00  2.15928691e+00  1.29630994e+00  8.56277852e-01  6.12358621e-01  4.67220504e-01  3.75674833e-01  3.15117331e-01  2.73498941e-01  2.43993386e-01  2.22549672e-01  2.06648652e-01  1.94665130e-01  1.85516539e-01  1.78457434e-01  1.72965242e-01  1.68662363e-01  1.65272999e-01  1.62591359e-01  1.60461996e-01  1.58766519e-01  1.57413152e-01  1.56331025e-01  1.55464369e-01  1.54769487e-01  1.54211793e-01  1.53763824e-01  1.53403812e-01  1.53114285e-01  1.52881383e-01  1.52693951e-01  1.52543077e-01  1.52421610e-01  1.52323791e-01  1.52245019e-01  1.52181564e-01  1.52130451e-01  1.52089274e-01  1.52056099e-01  1.52029372e-01  1.52007836e-01  1.51990486e-01  1.51976504e-01  1.51965238e-01  1.51956160e-01  1.51948845e-01  1.51942951e-01  1.51938201e-01  1.51934374e-01  1.51931290e-01  1.51928804e-01  1.51926801e-01  1.51925188e-01  1.51923887e-01  1.51922839e-01  1.51921994e-01  1.51921314e-01  1.51920765e-01  1.51920324e-01  1.51919967e-01  1.51919680e-01  1.51919449e-01  1.51919263e-01  1.51919113e-01  1.51918992e-01  1.51918894e-01  1.51918815e-01  1.51918752e-01  1.51918701e-01  1.51918660e-01  1.51918627e-01  1.51918600e-01  1.51918579e-01  1.51918561e-01  1.51918547e-01  1.51918536e-01  1.51918527e-01  1.51918520e-01  
27      1.38949549        1.27345919           0.255338828        4.35754901e+08  3.25497933e+08  1.78396469e+08  9.54006210e+07  4.97507890e+07  2.52784895e+07  1.24939912e+07  6.00048128e+06  2.79875799e+06  1.26751314e+06  5.57200711e+05  2.38564815e+05  9.99758163e+04  4.13294831e+04  1.70094730e+04  7.05160439e+03  2.98771082e+03  1.31648077e+03  6.16121914e+02  3.11750796e+02  1.72655651e+02  1.04970276e+02  6.97144934e+01  4.99641427e+01  3.81542778e+01  3.06885868e+01  2.57450512e+01  2.23460402e+01  1.99357811e+01  1.81838947e+01  1.68847589e+01  1.59056588e+01  1.51581712e+01  1.45813998e+01  1.41326517e+01  1.37810769e+01  1.35041417e+01  1.32850322e+01  1.31110476e+01  1.29725144e+01  1.28619342e+01  1.27735162e+01  1.27027038e+01  1.26459267e+01  1.26003589e+01  1.25637563e+01  1.25343406e+01  1.25106840e+01  1.24916541e+01  1.24763394e+01  1.24640119e+01  1.24540871e+01  1.24460946e+01  1.24396583e+01  1.24344735e+01  1.24302972e+01  1.24269327e+01  1.24242220e+01  1.24220382e+01  1.24202786e+01  1.24188609e+01  1.24177185e+01  1.24167980e+01  1.24160563e+01  1.24154586e+01  1.24149770e+01  1.24145889e+01  1.24142762e+01  1.24140242e+01  1.24138211e+01  1.24136574e+01  1.24135256e+01  1.24134193e+01  1.24133337e+01  1.24132647e+01  1.24132091e+01  1.24131643e+01  1.24131281e+01  1.24130990e+01  1.24130756e+01  1.24130567e+01  1.24130415e+01  1.24130292e+01  1.24130193e+01  1.24130113e+01  1.24130049e+01  1.24129998e+01  1.24129956e+01  1.24129922e+01  1.24129895e+01  1.24129873e+01  1.24129856e+01  1.24129842e+01  1.24129830e+01  1.24129821e+01  1.24129814e+01  1.24129808e+01  
28      1.66810054        1.52879802           0.306536321        1.84028440e+09  1.44119689e+09  8.70716334e+08  5.15311959e+08  2.98586598e+08  1.69258475e+08  9.37467870e+07  5.06871701e+07  2.67388509e+07  1.37588937e+07  6.90421755e+06  3.38701896e+06  1.63045768e+06  7.74642625e+05  3.65682995e+05  1.72955493e+05  8.27916348e+04  4.06035292e+04  2.07244941e+04  1.11713601e+04  6.44259146e+03  4.00550766e+03  2.69157822e+03  1.94016611e+03  1.48559946e+03  1.19641685e+03  1.00427882e+03  8.71933274e+02  7.77994991e+02  7.09679101e+02  6.59002612e+02  6.20802782e+02  5.91636069e+02  5.69128980e+02  5.51616824e+02  5.37896334e+02  5.27088474e+02  5.18537206e+02  5.11746964e+02  5.06340266e+02  5.02024487e+02  4.98573649e+02  4.95809926e+02  4.93593972e+02  4.91815504e+02  4.90386938e+02  4.89238867e+02  4.88315567e+02  4.87572845e+02  4.86975123e+02  4.86493989e+02  4.86106629e+02  4.85794686e+02  4.85543481e+02  4.85341123e+02  4.85178124e+02  4.85046808e+02  4.84941013e+02  4.84855780e+02  4.84787102e+02  4.84731772e+02  4.84687184e+02  4.84651258e+02  4.84622309e+02  4.84598981e+02  4.84580184e+02  4.84565037e+02  4.84552832e+02  4.84542996e+02  4.84535070e+02  4.84528683e+02  4.84523536e+02  4.84519389e+02  4.84516046e+02  4.84513353e+02  4.84511183e+02  4.84509434e+02  4.84508025e+02  4.84506889e+02  4.84505974e+02  4.84505236e+02  4.84504642e+02  4.84504163e+02  4.84503777e+02  4.84503466e+02  4.84503215e+02  4.84503013e+02  4.84502851e+02  4.84502719e+02  4.84502614e+02  4.84502529e+02  4.84502460e+02  4.84502405e+02  4.84502360e+02  4.84502324e+02  4.84502295e+02  4.84502272e+02  
29      2.00256814        1.83533434           0.367999323        5.30215007e+09  4.32070118e+09  2.83325975e+09  1.82599063e+09  1.15603852e+09  7.18501361e+08  4.37948903e+08  2.61595597e+08  1.53048769e+08  8.76812552e+07  4.91789783e+07  2.70556456e+07  1.46411069e+07  7.82752203e+06  4.15509652e+06  2.20325261e+06  1.17546415e+06  6.36442275e+05  3.53740309e+05  2.04108761e+05  1.23655982e+05  7.93617009e+04  5.43787494e+04  3.96401809e+04  3.05412966e+04  2.46783984e+04  2.07521982e+04  1.80348978e+04  1.61005678e+04  1.46912986e+04  1.36447164e+04  1.28552170e+04  1.22521212e+04  1.17865763e+04  1.14242642e+04  1.11403514e+04  1.09166828e+04  1.07396981e+04  1.05991524e+04  1.04872379e+04  1.03979009e+04  1.03264663e+04  1.02692541e+04  1.02233806e+04  1.01865631e+04  1.01569889e+04  1.01332212e+04  1.01141067e+04  1.00987305e+04  1.00863561e+04  1.00763953e+04  1.00683759e+04  1.00619178e+04  1.00567171e+04  1.00525277e+04  1.00491532e+04  1.00464346e+04  1.00442443e+04  1.00424797e+04  1.00410579e+04  1.00399124e+04  1.00389893e+04  1.00382455e+04  1.00376462e+04  1.00371632e+04  1.00367741e+04  1.00364605e+04  1.00362078e+04  1.00360042e+04  1.00358401e+04  1.00357078e+04  1.00356013e+04  1.00355154e+04  1.00354462e+04  1.00353905e+04  1.00353455e+04  1.00353093e+04  1.00352802e+04  1.00352566e+04  1.00352377e+04  1.00352224e+04  1.00352101e+04  1.00352002e+04  1.00351922e+04  1.00351858e+04  1.00351806e+04  1.00351764e+04  1.00351730e+04  1.00351703e+04  1.00351681e+04  1.00351664e+04  1.00351649e+04  1.00351638e+04  1.00351629e+04  1.00351621e+04  1.00351615e+04  1.00351611e+04  
30      2.40409918        2.20333366           0.441786153        1.10785482e+10  9.33431391e+09  6.55688273e+09  4.53950664e+09  3.09610412e+09  2.07910926e+09  1.37353416e+09  8.92119061e+08  5.69410939e+08  3.57053399e+08  2.19928561e+08  1.33254902e+08  7.95956846e+07  4.70276416e+07  2.75882105e+07  1.61412354e+07  9.46833257e+06  5.60290582e+06  3.37261101e+06  2.08237095e+06  1.33088810e+06  8.87798354e+05  6.24760884e+05  4.63415161e+05  3.60945483e+05  2.93590370e+05  2.47863432e+05  2.15923421e+05  1.93045880e+05  1.76308358e+05  1.63842868e+05  1.54420668e+05  1.47213228e+05  1.41644136e+05  1.37306844e+05  1.33906268e+05  1.31226239e+05  1.29104927e+05  1.27420001e+05  1.26078079e+05  1.25006720e+05  1.24149967e+05  1.23463735e+05  1.22913468e+05  1.22471808e+05  1.22117022e+05  1.21831884e+05  1.21602563e+05  1.21418087e+05  1.21269623e+05  1.21150114e+05  1.21053897e+05  1.20976412e+05  1.20914013e+05  1.20863748e+05  1.20823259e+05  1.20790640e+05  1.20764360e+05  1.20743188e+05  1.20726128e+05  1.20712384e+05  1.20701308e+05  1.20692384e+05  1.20685193e+05  1.20679398e+05  1.20674729e+05  1.20670966e+05  1.20667934e+05  1.20665491e+05  1.20663522e+05  1.20661936e+05  1.20660657e+05  1.20659627e+05  1.20658797e+05  1.20658128e+05  1.20657588e+05  1.20657154e+05  1.20656804e+05  1.20656522e+05  1.20656294e+05  1.20656111e+05  1.20655964e+05  1.20655845e+05  1.20655749e+05  1.20655672e+05  1.20655609e+05  1.20655559e+05  1.20655519e+05  1.20655486e+05  1.20655460e+05  1.20655439e+05  1.20655422e+05  1.20655408e+05  1.20655397e+05  1.20655388e+05  1.20655381e+05  1.20655375e+05  
31      2.88614044        2.64511981           0.530367836        1.76807298e+10  1.53194165e+10  1.13998193e+10  8.38077133e+09  6.08440222e+09  4.36005262e+09  3.08189072e+09  2.14761579e+09  1.47477704e+09  9.97735102e+08  6.64925850e+08  4.36984746e+08  2.83685610e+08  1.82394263e+08  1.16481813e+08  7.41366529e+07  4.72089396e+07  3.02121650e+07  1.95495902e+07  1.28695585e+07  8.67973360e+06  6.03926948e+06  4.38674867e+06  3.32847561e+06  2.63327285e+06  2.16439217e+06  1.83991417e+06  1.61007718e+06  1.44377912e+06  1.32121676e+06  1.22944979e+06  1.15981457e+06  1.10639639e+06  1.06503321e+06  1.03276725e+06  1.00743882e+06  9.87459087e+05  9.71633011e+05  9.59055840e+05  9.49034648e+05  9.41031117e+05  9.34629141e+05  9.29500296e+05  9.25386947e+05  9.22085004e+05  9.19432259e+05  9.17300087e+05  9.15585170e+05  9.14205535e+05  9.13095165e+05  9.12201326e+05  9.11481665e+05  9.10902100e+05  9.10435370e+05  9.10059387e+05  9.09756529e+05  9.09512535e+05  9.09315961e+05  9.09157589e+05  9.09029978e+05  9.08927166e+05  9.08844317e+05  9.08777561e+05  9.08723769e+05  9.08680423e+05  9.08645496e+05  9.08617349e+05  9.08594670e+05  9.08576393e+05  9.08561666e+05  9.08549798e+05  9.08540234e+05  9.08532528e+05  9.08526317e+05  9.08521313e+05  9.08517280e+05  9.08514030e+05  9.08511411e+05  9.08509301e+05  9.08507600e+05  9.08506230e+05  9.08505126e+05  9.08504236e+05  9.08503519e+05  9.08502941e+05  9.08502475e+05  9.08502100e+05  9.08501797e+05  9.08501554e+05  9.08501357e+05  9.08501199e+05  9.08501071e+05  9.08500969e+05  9.08500886e+05  9.08500819e+05  9.08500765e+05  9.08500722e+05  
32      3.46483486        3.17548765           0.636710861        2.25292608e+10  1.99807611e+10  1.56013535e+10  1.20594960e+10  9.22460402e+09  6.97970625e+09  5.22107477e+09  3.85933040e+09  2.81791163e+09  2.03189209e+09  1.44674012e+09  1.01801356e+09  7.08882055e+08  4.89474899e+08  3.35901606e+08  2.29682057e+08  1.56944107e+08  1.07524537e+08  7.41904678e+07  5.17892283e+07  3.67696944e+07  2.66995561e+07  2.00660575e+07  1.56279185e+07  1.26050054e+07  1.05059211e+07  9.01952392e+06  7.94775886e+06  7.16164294e+06  6.57620701e+06  6.13438404e+06  5.79707724e+06  5.53713546e+06  5.33514251e+06  5.17714233e+06  5.05284901e+06  4.95464316e+06  4.87675075e+06  4.81478693e+06  4.76537551e+06  4.72588651e+06  4.69428395e+06  4.66895595e+06  4.64863625e+06  4.63232058e+06  4.61920999e+06  4.60867041e+06  4.60019221e+06  4.59337082e+06  4.58788027e+06  4.58346010e+06  4.57990106e+06  4.57703474e+06  4.57472638e+06  4.57286678e+06  4.57136882e+06  4.57016200e+06  4.56918969e+06  4.56840634e+06  4.56777513e+06  4.56726659e+06  4.56685678e+06  4.56652658e+06  4.56626050e+06  4.56604609e+06  4.56587332e+06  4.56573409e+06  4.56562191e+06  4.56553150e+06  4.56545865e+06  4.56539995e+06  4.56535264e+06  4.56531452e+06  4.56528380e+06  4.56525905e+06  4.56523910e+06  4.56522302e+06  4.56521007e+06  4.56519963e+06  4.56519122e+06  4.56518444e+06  4.56517898e+06  4.56517458e+06  4.56517103e+06  4.56516817e+06  4.56516587e+06  4.56516401e+06  4.56516251e+06  4.56516131e+06  4.56516034e+06  4.56515955e+06  4.56515892e+06  4.56515841e+06  4.56515801e+06  4.56515768e+06  4.56515741e+06  4.56515719e+06  
33      4.15956216        3.81219851           0.764376519        2.38115443e+10  2.15294035e+10  1.74944583e+10  1.40977695e+10  1.12624683e+10  8.91645341e+09  6.99242631e+09  5.42955821e+09  4.17303733e+09  3.17389218e+09  2.38862576e+09  1.77989051e+09  1.31458635e+09  9.63886961e+08  7.02879191e+08  5.10747097e+08  3.70653872e+08  2.69308287e+08  1.96554108e+08  1.44588192e+08  1.07632352e+08  8.14288284e+07  6.33261480e+07  5.06949573e+07  4.17762933e+07  3.53938159e+07  3.07610360e+07  2.73531079e+07  2.48132624e+07  2.28976958e+07  2.14375421e+07  2.03139864e+07  1.94427913e+07  1.87625205e+07  1.82283625e+07  1.78068813e+07  1.74730718e+07  1.72077992e+07  1.69964586e+07  1.68277262e+07  1.66927450e+07  1.65846397e+07  1.64979453e+07  1.64283594e+07  1.63724631e+07  1.63275328e+07  1.62914040e+07  1.62623353e+07  1.62389432e+07  1.62201123e+07  1.62049508e+07  1.61927420e+07  1.61829088e+07  1.61749893e+07  1.61686091e+07  1.61634695e+07  1.61593287e+07  1.61559925e+07  1.61533046e+07  1.61511387e+07  1.61493937e+07  1.61479874e+07  1.61468544e+07  1.61459413e+07  1.61452056e+07  1.61446127e+07  1.61441350e+07  1.61437500e+07  1.61434398e+07  1.61431898e+07  1.61429883e+07  1.61428260e+07  1.61426952e+07  1.61425898e+07  1.61425048e+07  1.61424364e+07  1.61423812e+07  1.61423367e+07  1.61423009e+07  1.61422721e+07  1.61422488e+07  1.61422301e+07  1.61422149e+07  1.61422028e+07  1.61421930e+07  1.61421851e+07  1.61421787e+07  1.61421736e+07  1.61421694e+07  1.61421661e+07  1.61421634e+07  1.61421612e+07  1.61421595e+07  1.61421581e+07  1.61421570e+07  1.61421560e+07  1.61421553e+07  
34      4.99358789        4.57657503           0.91764017         2.15746002e+10  1.98179528e+10  1.66399725e+10  1.38767480e+10  1.14903389e+10  9.44388474e+09  7.70148810e+09  6.22948425e+09  4.99630362e+09  3.97258156e+09  3.13105756e+09  2.44744478e+09  1.89890682e+09  1.46422610e+09  1.12367034e+09  8.59523087e+08  6.56458286e+08  5.01542530e+08  3.84264315e+08  2.95988322e+08  2.29909218e+08  1.80678650e+08  1.45174132e+08  1.19421411e+08  1.00607976e+08  8.67444453e+07  7.64295179e+07  6.86838834e+07  6.28127506e+07  5.83232442e+07  5.48627229e+07  5.21758832e+07  5.00774893e+07  4.84294802e+07  4.71294305e+07  4.60998035e+07  4.52819362e+07  4.46304345e+07  4.41104043e+07  4.36945799e+07  4.33615192e+07  4.30945131e+07  4.28802201e+07  4.27081064e+07  4.25697816e+07  4.24585478e+07  4.23690737e+07  4.22970648e+07  4.22391055e+07  4.21924392e+07  4.21548610e+07  4.21245978e+07  4.21002210e+07  4.20805869e+07  4.20647682e+07  4.20520247e+07  4.20417573e+07  4.20334847e+07  4.20268195e+07  4.20214486e+07  4.20171213e+07  4.20136341e+07  4.20108243e+07  4.20085601e+07  4.20067355e+07  4.20052653e+07  4.20040805e+07  4.20031258e+07  4.20023565e+07  4.20017365e+07  4.20012370e+07  4.20008344e+07  4.20005100e+07  4.20002485e+07  4.20000379e+07  4.19998681e+07  4.19997313e+07  4.19996211e+07  4.19995322e+07  4.19994606e+07  4.19994030e+07  4.19993565e+07  4.19993190e+07  4.19992888e+07  4.19992645e+07  4.19992449e+07  4.19992291e+07  4.19992164e+07  4.19992061e+07  4.19991978e+07  4.19991912e+07  4.19991858e+07  4.19991815e+07  4.19991780e+07  4.19991752e+07  4.19991729e+07  4.19991711e+07  
35      5.9948425         5.4942152            1.10163442         1.72406417e+10  1.60415732e+10  1.38326917e+10  1.18623807e+10  1.01141305e+10  8.57154062e+09  7.21810489e+09  6.03796061e+09  5.01581530e+09  4.13707391e+09  3.38778025e+09  2.75529897e+09  2.22712232e+09  1.79090664e+09  1.43430152e+09  1.14541364e+09  9.13300176e+08  7.28150843e+08  5.81556017e+08  4.66183175e+08  3.75935877e+08  3.05742695e+08  2.53162706e+08  2.13675004e+08  1.83916786e+08  1.61382672e+08  1.44218641e+08  1.31070225e+08  1.20935610e+08  1.13077485e+08  1.06950689e+08  1.02148893e+08  9.83699836e+07  9.53836952e+07  9.30160473e+07  9.11332569e+07  8.96327801e+07  8.84343481e+07  8.74757114e+07  8.67078479e+07  8.60919609e+07  8.55976684e+07  8.52006026e+07  8.48814591e+07  8.46248186e+07  8.44183440e+07  8.42521965e+07  8.41184397e+07  8.40107536e+07  8.39240320e+07  8.38541880e+07  8.37979324e+07  8.37526144e+07  8.37161102e+07  8.36866977e+07  8.36630020e+07  8.36439094e+07  8.36285258e+07  8.36161307e+07  8.36061425e+07  8.35980950e+07  8.35916097e+07  8.35863840e+07  8.35821730e+07  8.35787797e+07  8.35760453e+07  8.35738418e+07  8.35720663e+07  8.35706354e+07  8.35694824e+07  8.35685533e+07  8.35678045e+07  8.35672012e+07  8.35667150e+07  8.35663232e+07  8.35660074e+07  8.35657530e+07  8.35655480e+07  8.35653827e+07  8.35652496e+07  8.35651423e+07  8.35650558e+07  8.35649862e+07  8.35649300e+07  8.35648848e+07  8.35648483e+07  8.35648189e+07  8.35647953e+07  8.35647762e+07  8.35647608e+07  8.35647484e+07  8.35647384e+07  8.35647304e+07  8.35647239e+07  8.35647187e+07  8.35647145e+07  8.35647111e+07  
36      7.19685673        6.59584962           1.322521           1.24487977e+10  1.17032047e+10  1.03104209e+10  9.04331544e+09  7.89518356e+09  6.85931707e+09  5.92881276e+09  5.09696741e+09  4.35723252e+09  3.70331563e+09  3.12914362e+09  2.62930885e+09  2.19822466e+09  1.83004431e+09  1.51843614e+09  1.25684329e+09  1.03887361e+09  8.58468391e+08  7.10192568e+08  5.89050091e+08  4.90695921e+08  4.11330299e+08  3.49895574e+08  3.02331291e+08  2.65484045e+08  2.36889762e+08  2.14638636e+08  1.97275293e+08  1.83679493e+08  1.72997059e+08  1.64575586e+08  1.57914691e+08  1.52632918e+08  1.48433074e+08  1.45086379e+08  1.42414069e+08  1.40277230e+08  1.38565915e+08  1.37193988e+08  1.36093126e+08  1.35208885e+08  1.34498390e+08  1.33927110e+08  1.33467593e+08  1.33097844e+08  1.32800225e+08  1.32560639e+08  1.32367700e+08  1.32212327e+08  1.32087175e+08  1.31986364e+08  1.31905155e+08  1.31839728e+08  1.31787022e+08  1.31744551e+08  1.31710334e+08  1.31682762e+08  1.31660545e+08  1.31642644e+08  1.31628219e+08  1.31616596e+08  1.31607229e+08  1.31599682e+08  1.31593600e+08  1.31588699e+08  1.31584749e+08  1.31581567e+08  1.31579002e+08  1.31576936e+08  1.31575270e+08  1.31573928e+08  1.31572847e+08  1.31571975e+08  1.31571273e+08  1.31570707e+08  1.31570251e+08  1.31569883e+08  1.31569587e+08  1.31569349e+08  1.31569156e+08  1.31569001e+08  1.31568876e+08  1.31568776e+08  1.31568695e+08  1.31568629e+08  1.31568577e+08  1.31568534e+08  1.31568500e+08  1.31568473e+08  1.31568450e+08  1.31568432e+08  1.31568418e+08  1.31568406e+08  1.31568397e+08  1.31568389e+08  1.31568383e+08  1.31568378e+08  
37      8.63988449        7.91837061           1.58769711         8.28803556e+09  7.85609207e+09  7.04069974e+09  6.28775584e+09  5.59456580e+09  4.95845505e+09  4.37664119e+09  3.84643257e+09  3.36520621e+09  2.93048426e+09  2.53992260e+09  2.19158172e+09  1.88339575e+09  1.61306297e+09  1.37783685e+09  1.17462920e+09  1.00025567e+09  8.51536285e+08  7.25508634e+08  6.19320617e+08  5.30400585e+08  4.56399488e+08  3.97502027e+08  3.50698340e+08  3.13565173e+08  2.84125295e+08  2.60778920e+08  2.42257428e+08  2.27546875e+08  2.15847890e+08  2.06530477e+08  1.99098013e+08  1.93162420e+08  1.88415008e+08  1.84613752e+08  1.81566550e+08  1.79122058e+08  1.77159270e+08  1.75582362e+08  1.74314841e+08  1.73295334e+08  1.72475211e+08  1.71815176e+08  1.71283875e+08  1.70856112e+08  1.70511630e+08  1.70234213e+08  1.70010739e+08  1.69830731e+08  1.69685707e+08  1.69568870e+08  1.69474739e+08  1.69398893e+08  1.69337787e+08  1.69288545e+08  1.69248870e+08  1.69216899e+08  1.69191137e+08  1.69170378e+08  1.69153650e+08  1.69140171e+08  1.69129309e+08  1.69120556e+08  1.69113502e+08  1.69107818e+08  1.69103238e+08  1.69099547e+08  1.69096573e+08  1.69094176e+08  1.69092244e+08  1.69090688e+08  1.69089434e+08  1.69088423e+08  1.69087609e+08  1.69086952e+08  1.69086423e+08  1.69085997e+08  1.69085654e+08  1.69085377e+08  1.69085154e+08  1.69084974e+08  1.69084829e+08  1.69084713e+08  1.69084619e+08  1.69084543e+08  1.69084482e+08  1.69084432e+08  1.69084393e+08  1.69084361e+08  1.69084335e+08  1.69084314e+08  1.69084298e+08  1.69084284e+08  1.69084273e+08  1.69084264e+08  1.69084257e+08  1.69084252e+08  
38      10.372251         9.50606772           1.90604318         5.17285818e+09  4.93544566e+09  4.48378886e+09  4.06210134e+09  3.66926070e+09  3.30417322e+09  2.96569991e+09  2.65275453e+09  2.36429532e+09  2.09937890e+09  1.85716416e+09  1.63707039e+09  1.43847440e+09  1.26062311e+09  1.10248095e+09  9.62756124e+08  8.40038596e+08  7.32847679e+08  6.39761778e+08  5.59356976e+08  4.90314861e+08  4.31385212e+08  3.83391789e+08  3.44414831e+08  3.12864019e+08  2.87390742e+08  2.66860007e+08  2.50337803e+08  2.37051108e+08  2.26371444e+08  2.17788604e+08  2.10890007e+08  2.05345480e+08  2.00887375e+08  1.97302180e+08  1.94417908e+08  1.92097266e+08  1.90229505e+08  1.88725967e+08  1.87515512e+08  1.86540673e+08  1.85755649e+08  1.85123323e+08  1.84613978e+08  1.84203666e+08  1.83873092e+08  1.83606780e+08  1.83392190e+08  1.83219300e+08  1.83079984e+08  1.82967728e+08  1.82877278e+08  1.82804390e+08  1.82745663e+08  1.82698335e+08  1.82660199e+08  1.82629468e+08  1.82604704e+08  1.82584748e+08  1.82568667e+08  1.82555709e+08  1.82545267e+08  1.82536852e+08  1.82530071e+08  1.82524607e+08  1.82520203e+08  1.82516655e+08  1.82513796e+08  1.82511491e+08  1.82509634e+08  1.82508138e+08  1.82506932e+08  1.82505960e+08  1.82505177e+08  1.82504546e+08  1.82504038e+08  1.82503628e+08  1.82503298e+08  1.82503032e+08  1.82502817e+08  1.82502645e+08  1.82502505e+08  1.82502393e+08  1.82502303e+08  1.82502230e+08  1.82502171e+08  1.82502124e+08  1.82502086e+08  1.82502055e+08  1.82502030e+08  1.82502010e+08  1.82501994e+08  1.82501981e+08  1.82501971e+08  1.82501962e+08  1.82501956e+08  1.82501950e+08  
39      12.4519708        11.4121109           2.28822019         3.06738746e+09  2.94181819e+09  2.70158470e+09  2.47548481e+09  2.26302442e+09  2.06373196e+09  1.87711868e+09  1.70272643e+09  1.54012553e+09  1.38894937e+09  1.24890283e+09  1.11985127e+09  1.00165932e+09  8.94134677e+08  7.96932549e+08  7.09554945e+08  6.31424148e+08  5.61902519e+08  5.00363675e+08  4.46159420e+08  3.98679661e+08  3.57327245e+08  3.23019173e+08  2.94660250e+08  2.71324079e+08  2.52198257e+08  2.36574454e+08  2.23849711e+08  2.13508979e+08  2.05121792e+08  1.98329058e+08  1.92833647e+08  1.88392450e+08  1.84805097e+08  1.81909202e+08  1.79572210e+08  1.77687015e+08  1.76166578e+08  1.74940494e+08  1.73952037e+08  1.73155103e+08  1.72512737e+08  1.71994930e+08  1.71577577e+08  1.71241209e+08  1.70970104e+08  1.70751631e+08  1.70575545e+08  1.70433647e+08  1.70319287e+08  1.70227127e+08  1.70152862e+08  1.70093011e+08  1.70044784e+08  1.70005916e+08  1.69974596e+08  1.69949355e+08  1.69929016e+08  1.69912625e+08  1.69899416e+08  1.69888773e+08  1.69880195e+08  1.69873283e+08  1.69867713e+08  1.69863225e+08  1.69859608e+08  1.69856693e+08  1.69854344e+08  1.69852451e+08  1.69850926e+08  1.69849697e+08  1.69848706e+08  1.69847908e+08  1.69847265e+08  1.69846747e+08  1.69846329e+08  1.69845992e+08  1.69845721e+08  1.69845502e+08  1.69845326e+08  1.69845184e+08  1.69845070e+08  1.69844978e+08  1.69844903e+08  1.69844844e+08  1.69844795e+08  1.69844756e+08  1.69844725e+08  1.69844700e+08  1.69844680e+08  1.69844663e+08  1.69844650e+08  1.69844639e+08  1.69844631e+08  1.69844624e+08  1.69844618e+08  1.69844614e+08  
40      14.9486913        13.7003311           2.74702678         1.74654598e+09  1.68194663e+09  1.55785774e+09  1.44039394e+09  1.32932688e+09  1.22444223e+09  1.12551916e+09  1.03235349e+09  9.44757544e+08  8.62580578e+08  7.85716250e+08  7.14150968e+08  6.47881688e+08  5.86883833e+08  5.31056816e+08  4.80217718e+08  4.34139382e+08  3.92558130e+08  3.55210653e+08  3.21817436e+08  2.92113731e+08  2.65833444e+08  2.43710896e+08  2.25167808e+08  2.09708276e+08  1.96884887e+08  1.86295282e+08  1.77586478e+08  1.70448471e+08  1.64615875e+08  1.59861897e+08  1.55995096e+08  1.52855699e+08  1.50310156e+08  1.48248733e+08  1.46580818e+08  1.45232404e+08  1.44142995e+08  1.43263193e+08  1.42553074e+08  1.41980013e+08  1.41517728e+08  1.41144844e+08  1.40844146e+08  1.40601695e+08  1.40406222e+08  1.40248656e+08  1.40121633e+08  1.40019255e+08  1.39936733e+08  1.39870224e+08  1.39816624e+08  1.39773424e+08  1.39738612e+08  1.39710554e+08  1.39687944e+08  1.39669722e+08  1.39655038e+08  1.39643205e+08  1.39633668e+08  1.39625984e+08  1.39619791e+08  1.39614801e+08  1.39610779e+08  1.39607538e+08  1.39604927e+08  1.39602822e+08  1.39601126e+08  1.39599760e+08  1.39598658e+08  1.39597771e+08  1.39597056e+08  1.39596479e+08  1.39596015e+08  1.39595641e+08  1.39595339e+08  1.39595096e+08  1.39594900e+08  1.39594742e+08  1.39594615e+08  1.39594513e+08  1.39594430e+08  1.39594364e+08  1.39594310e+08  1.39594267e+08  1.39594232e+08  1.39594204e+08  1.39594181e+08  1.39594163e+08  1.39594148e+08  1.39594136e+08  1.39594127e+08  1.39594119e+08  1.39594113e+08  1.39594108e+08  1.39594104e+08  1.39594101e+08  
41      17.9460244        16.4473579           3.29782778         9.62944977e+08  9.30362131e+08  8.67593729e+08  8.07932186e+08  7.51268675e+08  6.97502108e+08  6.46528849e+08  5.98253811e+08  5.52590743e+08  5.09473607e+08  4.68861630e+08  4.30764782e+08  3.95202932e+08  3.62188687e+08  3.31698147e+08  3.03665468e+08  2.78002295e+08  2.54600704e+08  2.33351732e+08  2.14137535e+08  1.96846804e+08  1.81365170e+08  1.68187359e+08  1.57022749e+08  1.47620195e+08  1.39747761e+08  1.33191299e+08  1.27757991e+08  1.23274454e+08  1.19589241e+08  1.16570232e+08  1.14104019e+08  1.12094335e+08  1.10459781e+08  1.09132698e+08  1.08056676e+08  1.07185230e+08  1.06480178e+08  1.05910095e+08  1.05449521e+08  1.05077561e+08  1.04777306e+08  1.04534990e+08  1.04339502e+08  1.04181828e+08  1.04054672e+08  1.03952152e+08  1.03869490e+08  1.03802857e+08  1.03749142e+08  1.03705846e+08  1.03670950e+08  1.03642824e+08  1.03620158e+08  1.03601888e+08  1.03587166e+08  1.03575300e+08  1.03565738e+08  1.03558032e+08  1.03551822e+08  1.03546818e+08  1.03542785e+08  1.03539535e+08  1.03536916e+08  1.03534806e+08  1.03533105e+08  1.03531735e+08  1.03530630e+08  1.03529740e+08  1.03529023e+08  1.03528445e+08  1.03527979e+08  1.03527604e+08  1.03527301e+08  1.03527058e+08  1.03526861e+08  1.03526703e+08  1.03526576e+08  1.03526473e+08  1.03526390e+08  1.03526323e+08  1.03526269e+08  1.03526226e+08  1.03526191e+08  1.03526163e+08  1.03526140e+08  1.03526122e+08  1.03526107e+08  1.03526095e+08  1.03526086e+08  1.03526078e+08  1.03526072e+08  1.03526067e+08  1.03526063e+08  1.03526060e+08  1.03526057e+08  1.03526055e+08  
42      21.5443469        19.7451857           3.95906882         5.17472400e+08  5.01266405e+08  4.69983424e+08  4.40162529e+08  4.11751063e+08  3.84700401e+08  3.58960842e+08  3.34486924e+08  3.11237700e+08  2.89182778e+08  2.68305337e+08  2.48615228e+08  2.30128961e+08  2.12860878e+08  1.96808034e+08  1.81946681e+08  1.68242062e+08  1.55649530e+08  1.44123702e+08  1.33614877e+08  1.24076572e+08  1.15460140e+08  1.08064839e+08  1.01748733e+08  9.63887702e+07  9.18691712e+07  8.80806921e+07  8.49228103e+07  8.23033646e+07  8.01405347e+07  7.83617174e+07  7.69037466e+07  7.57122465e+07  7.47408231e+07  7.39505519e+07  7.33087282e+07  7.27882041e+07  7.23666043e+07  7.20253881e+07  7.17495114e+07  7.15265802e+07  7.13465318e+07  7.12011666e+07  7.10838544e+07  7.09892100e+07  7.09128672e+07  7.08513055e+07  7.08016617e+07  7.07616399e+07  7.07293738e+07  7.07033646e+07  7.06824008e+07  7.06655027e+07  7.06518845e+07  7.06409076e+07  7.06320615e+07  7.06249320e+07  7.06191863e+07  7.06145561e+07  7.06108244e+07  7.06078175e+07  7.06053940e+07  7.06034412e+07  7.06018675e+07  7.06005992e+07  7.05995773e+07  7.05987537e+07  7.05980900e+07  7.05975552e+07  7.05971242e+07  7.05967769e+07  7.05964970e+07  7.05962715e+07  7.05960898e+07  7.05959433e+07  7.05958253e+07  7.05957302e+07  7.05956535e+07  7.05955918e+07  7.05955420e+07  7.05955019e+07  7.05954696e+07  7.05954435e+07  7.05954225e+07  7.05954056e+07  7.05953920e+07  7.05953810e+07  7.05953722e+07  7.05953650e+07  7.05953593e+07  7.05953547e+07  7.05953509e+07  7.05953479e+07  7.05953455e+07  7.05953435e+07  7.05953420e+07  7.05953407e+07  
43      25.8641621        23.7042545           4.75289403         2.72442928e+08  2.64461355e+08  2.49032302e+08  2.34294364e+08  2.20221930e+08  2.06791417e+08  1.93978760e+08  1.81761957e+08  1.70121249e+08  1.59042228e+08  1.48517511e+08  1.38553343e+08  1.29159878e+08  1.20346735e+08  1.12115371e+08  1.04457066e+08  9.73578017e+07  9.07986990e+07  8.47604921e+07  7.92219231e+07  7.41633871e+07  6.95640578e+07  6.55924738e+07  6.21803220e+07  5.92683546e+07  5.68000145e+07  5.47210013e+07  5.29804662e+07  5.15310671e+07  5.03302340e+07  4.93396794e+07  4.85257400e+07  4.78591134e+07  4.73146253e+07  4.68710002e+07  4.65102550e+07  4.62173769e+07  4.59799600e+07  4.57876705e+07  4.56321136e+07  4.55063539e+07  4.54047450e+07  4.53226832e+07  4.52564413e+07  4.52029883e+07  4.51598647e+07  4.51250859e+07  4.50970370e+07  4.50744228e+07  4.50561897e+07  4.50414915e+07  4.50296440e+07  4.50200938e+07  4.50123971e+07  4.50061929e+07  4.50011931e+07  4.49971634e+07  4.49939158e+07  4.49912986e+07  4.49891894e+07  4.49874898e+07  4.49861199e+07  4.49850161e+07  4.49841266e+07  4.49834097e+07  4.49828320e+07  4.49823665e+07  4.49819914e+07  4.49816891e+07  4.49814454e+07  4.49812491e+07  4.49810909e+07  4.49809634e+07  4.49808607e+07  4.49807779e+07  4.49807112e+07  4.49806575e+07  4.49806141e+07  4.49805792e+07  4.49805511e+07  4.49805284e+07  4.49805101e+07  4.49804954e+07  4.49804836e+07  4.49804740e+07  4.49804663e+07  4.49804601e+07  4.49804551e+07  4.49804511e+07  4.49804478e+07  4.49804452e+07  4.49804431e+07  4.49804414e+07  4.49804400e+07  4.49804389e+07  4.49804380e+07  4.49804373e+07  
44      31.050135         28.4571485           5.70588758         1.41099368e+08  1.37195396e+08  1.29641168e+08  1.22415016e+08  1.15504478e+08  1.08898093e+08  1.02584175e+08  9.65520359e+07  9.07920792e+07  8.52973754e+07  8.00645438e+07  7.50970364e+07  7.04004342e+07  6.59802490e+07  6.18381303e+07  5.79707828e+07  5.43723761e+07  5.10347212e+07  4.79494434e+07  4.51072650e+07  4.24997626e+07  4.01178783e+07  3.80520332e+07  3.62695511e+07  3.47421236e+07  3.34424300e+07  3.23438833e+07  3.14212430e+07  3.06507291e+07  3.00107493e+07  2.94816812e+07  2.90461339e+07  2.86888395e+07  2.83966137e+07  2.81582520e+07  2.79642413e+07  2.78066053e+07  2.76787403e+07  2.75751234e+07  2.74912646e+07  2.74234463e+07  2.73686354e+07  2.73243585e+07  2.72886105e+07  2.72597598e+07  2.72364814e+07  2.72177059e+07  2.72025623e+07  2.71903522e+07  2.71805071e+07  2.71725703e+07  2.71661727e+07  2.71610154e+07  2.71568590e+07  2.71535085e+07  2.71508084e+07  2.71486321e+07  2.71468783e+07  2.71454648e+07  2.71443257e+07  2.71434078e+07  2.71426680e+07  2.71420718e+07  2.71415914e+07  2.71412043e+07  2.71408923e+07  2.71406409e+07  2.71404383e+07  2.71402750e+07  2.71401434e+07  2.71400374e+07  2.71399520e+07  2.71398831e+07  2.71398276e+07  2.71397829e+07  2.71397469e+07  2.71397178e+07  2.71396944e+07  2.71396756e+07  2.71396604e+07  2.71396482e+07  2.71396383e+07  2.71396303e+07  2.71396239e+07  2.71396188e+07  2.71396146e+07  2.71396113e+07  2.71396086e+07  2.71396064e+07  2.71396046e+07  2.71396032e+07  2.71396021e+07  2.71396011e+07  2.71396004e+07  2.71395998e+07  2.71395993e+07  2.71395989e+07  
45      37.2759372        34.1630361           6.84996401         7.21144339e+07  7.02140883e+07  6.65343402e+07  6.30108943e+07  5.96376947e+07  5.64091755e+07  5.33196640e+07  5.03639658e+07  4.75374169e+07  4.48366652e+07  4.22601234e+07  3.98095860e+07  3.74879589e+07  3.52981801e+07  3.32413545e+07  3.13161931e+07  2.95201952e+07  2.78497219e+07  2.63010476e+07  2.48700377e+07  2.35529945e+07  2.23459031e+07  2.12956837e+07  2.03867314e+07  1.96055504e+07  1.89390094e+07  1.83741981e+07  1.78987319e+07  1.75008384e+07  1.71697506e+07  1.68956074e+07  1.66696169e+07  1.64840116e+07  1.63320582e+07  1.62080114e+07  1.61069769e+07  1.60248376e+07  1.59581808e+07  1.59041432e+07  1.58603962e+07  1.58250083e+07  1.57964016e+07  1.57732887e+07  1.57546255e+07  1.57395615e+07  1.57274059e+07  1.57176010e+07  1.57096923e+07  1.57033152e+07  1.56981732e+07  1.56940278e+07  1.56906862e+07  1.56879924e+07  1.56858213e+07  1.56840712e+07  1.56826608e+07  1.56815240e+07  1.56806078e+07  1.56798695e+07  1.56792745e+07  1.56787950e+07  1.56784085e+07  1.56780971e+07  1.56778462e+07  1.56776439e+07  1.56774810e+07  1.56773496e+07  1.56772438e+07  1.56771585e+07  1.56770898e+07  1.56770344e+07  1.56769898e+07  1.56769538e+07  1.56769248e+07  1.56769014e+07  1.56768826e+07  1.56768675e+07  1.56768552e+07  1.56768454e+07  1.56768375e+07  1.56768311e+07  1.56768259e+07  1.56768217e+07  1.56768184e+07  1.56768157e+07  1.56768135e+07  1.56768118e+07  1.56768104e+07  1.56768092e+07  1.56768083e+07  1.56768076e+07  1.56768070e+07  1.56768065e+07  1.56768061e+07  1.56768058e+07  1.56768056e+07  1.56768053e+07  
46      44.750063         41.0130001           8.22343699         3.64640478e+07  3.55421138e+07  3.37560549e+07  3.20446738e+07  3.04050335e+07  2.88344350e+07  2.73301285e+07  2.58895931e+07  2.45105643e+07  2.31914185e+07  2.19314004e+07  2.07314140e+07  1.95929278e+07  1.85174488e+07  1.75056105e+07  1.65568902e+07  1.56701856e+07  1.48438461e+07  1.40761809e+07  1.33653129e+07  1.27095852e+07  1.21071850e+07  1.15819055e+07  1.11262909e+07  1.07339041e+07  1.03984445e+07  1.01136707e+07  9.87354878e+06  9.67230526e+06  9.50463187e+06  9.36563902e+06  9.25094860e+06  9.15667425e+06  9.07943809e+06  9.01634923e+06  8.96493900e+06  8.92312605e+06  8.88918323e+06  8.86165856e+06  8.83937046e+06  8.82133800e+06  8.80675870e+06  8.79497783e+06  8.78546403e+06  8.77778439e+06  8.77158709e+06  8.76658794e+06  8.76255545e+06  8.75930383e+06  8.75668185e+06  8.75456801e+06  8.75286402e+06  8.75149036e+06  8.75038323e+06  8.74949077e+06  8.74877152e+06  8.74819181e+06  8.74772461e+06  8.74734809e+06  8.74704464e+06  8.74680012e+06  8.74660304e+06  8.74644424e+06  8.74631625e+06  8.74621312e+06  8.74613001e+06  8.74606303e+06  8.74600906e+06  8.74596556e+06  8.74593052e+06  8.74590227e+06  8.74587951e+06  8.74586117e+06  8.74584639e+06  8.74583448e+06  8.74582488e+06  8.74581714e+06  8.74581091e+06  8.74580589e+06  8.74580184e+06  8.74579858e+06  8.74579595e+06  8.74579383e+06  8.74579212e+06  8.74579075e+06  8.74578964e+06  8.74578875e+06  8.74578803e+06  8.74578745e+06  8.74578698e+06  8.74578660e+06  8.74578630e+06  8.74578606e+06  8.74578586e+06  8.74578570e+06  8.74578557e+06  8.74578547e+06  
47      53.7228112        49.2364371           9.87230237         1.82779265e+07  1.78317039e+07  1.69669472e+07  1.61379469e+07  1.53432811e+07  1.45816435e+07  1.38517027e+07  1.31522377e+07  1.24821508e+07  1.18406559e+07  1.12273912e+07  1.06428043e+07  1.00876246e+07  9.56260751e+06  9.06809159e+06  8.60385739e+06  8.16940778e+06  7.76398184e+06  7.38680005e+06  7.03699689e+06  6.71381661e+06  6.41642777e+06  6.15670514e+06  5.93108179e+06  5.73648294e+06  5.56988602e+06  5.42828029e+06  5.30873860e+06  5.20844688e+06  5.12480789e+06  5.05541934e+06  4.99812358e+06  4.95099883e+06  4.91237149e+06  4.88080621e+06  4.85507515e+06  4.83414136e+06  4.81714381e+06  4.80335747e+06  4.79219221e+06  4.78315767e+06  4.77585240e+06  4.76994882e+06  4.76518097e+06  4.76133209e+06  4.75822599e+06  4.75572031e+06  4.75369909e+06  4.75206922e+06  4.75075494e+06  4.74969534e+06  4.74884119e+06  4.74815260e+06  4.74759762e+06  4.74715025e+06  4.74678969e+06  4.74649909e+06  4.74626489e+06  4.74607615e+06  4.74592403e+06  4.74580145e+06  4.74570266e+06  4.74562305e+06  4.74555889e+06  4.74550719e+06  4.74546553e+06  4.74543195e+06  4.74540489e+06  4.74538309e+06  4.74536552e+06  4.74535136e+06  4.74533995e+06  4.74533076e+06  4.74532335e+06  4.74531738e+06  4.74531256e+06  4.74530869e+06  4.74530556e+06  4.74530304e+06  4.74530102e+06  4.74529938e+06  4.74529806e+06  4.74529700e+06  4.74529615e+06  4.74529546e+06  4.74529490e+06  4.74529445e+06  4.74529409e+06  4.74529380e+06  4.74529357e+06  4.74529338e+06  4.74529323e+06  4.74529310e+06  4.74529300e+06  4.74529292e+06  4.74529286e+06  4.74529281e+06  
48      64.4946677        59.1087394           11.8517785         9.09719113e+06  8.88156718e+06  8.46360098e+06  8.06278241e+06  7.67842420e+06  7.30989480e+06  6.95655074e+06  6.61780133e+06  6.29311541e+06  5.98211276e+06  5.68461954e+06  5.40085512e+06  5.13117784e+06  4.87596131e+06  4.63537950e+06  4.40933741e+06  4.19760681e+06  3.99983261e+06  3.81565098e+06  3.64465810e+06  3.48650430e+06  3.34080327e+06  3.21341652e+06  3.10263520e+06  3.00698809e+06  2.92502454e+06  2.85529379e+06  2.79637965e+06  2.74691600e+06  2.70563855e+06  2.67137446e+06  2.64306800e+06  2.61977659e+06  2.60067823e+06  2.58506690e+06  2.57233789e+06  2.56197988e+06  2.55356813e+06  2.54674457e+06  2.54121768e+06  2.53674512e+06  2.53312835e+06  2.53020537e+06  2.52784458e+06  2.52593874e+06  2.52440066e+06  2.52315986e+06  2.52215894e+06  2.52135181e+06  2.52070095e+06  2.52017621e+06  2.51975321e+06  2.51941220e+06  2.51913735e+06  2.51891579e+06  2.51873723e+06  2.51859332e+06  2.51847733e+06  2.51838385e+06  2.51830852e+06  2.51824781e+06  2.51819888e+06  2.51815946e+06  2.51812768e+06  2.51810208e+06  2.51808145e+06  2.51806482e+06  2.51805142e+06  2.51804062e+06  2.51803192e+06  2.51802491e+06  2.51801926e+06  2.51801470e+06  2.51801103e+06  2.51800808e+06  2.51800569e+06  2.51800377e+06  2.51800222e+06  2.51800098e+06  2.51799997e+06  2.51799916e+06  2.51799851e+06  2.51799798e+06  2.51799756e+06  2.51799722e+06  2.51799694e+06  2.51799672e+06  2.51799654e+06  2.51799640e+06  2.51799628e+06  2.51799619e+06  2.51799611e+06  2.51799605e+06  2.51799600e+06  2.51799597e+06  2.51799593e+06  2.51799591e+06  
49      77.4263683        70.960518            14.2281556         4.50161059e+06  4.39753434e+06  4.19575974e+06  4.00221805e+06  3.81657742e+06  3.63853289e+06  3.46777378e+06  3.30401472e+06  3.14699902e+06  2.99654297e+06  2.85256295e+06  2.71516577e+06  2.58452632e+06  2.46082772e+06  2.34415738e+06  2.23447305e+06  2.13166858e+06  2.03557672e+06  1.94602615e+06  1.86282676e+06  1.78581498e+06  1.71480954e+06  1.65268170e+06  1.59861176e+06  1.55189472e+06  1.51183390e+06  1.47773059e+06  1.44890080e+06  1.42468307e+06  1.40446413e+06  1.38767383e+06  1.37379818e+06  1.36237748e+06  1.35301047e+06  1.34535210e+06  1.33910662e+06  1.33402373e+06  1.32989542e+06  1.32654622e+06  1.32383325e+06  1.32163768e+06  1.31986212e+06  1.31842709e+06  1.31726803e+06  1.31633230e+06  1.31557712e+06  1.31496789e+06  1.31447643e+06  1.31408012e+06  1.31376054e+06  1.31350288e+06  1.31329518e+06  1.31312773e+06  1.31299278e+06  1.31288399e+06  1.31279631e+06  1.31272564e+06  1.31266869e+06  1.31262279e+06  1.31258579e+06  1.31255598e+06  1.31253196e+06  1.31251260e+06  1.31249700e+06  1.31248443e+06  1.31247429e+06  1.31246613e+06  1.31245955e+06  1.31245425e+06  1.31244997e+06  1.31244653e+06  1.31244376e+06  1.31244152e+06  1.31243972e+06  1.31243827e+06  1.31243710e+06  1.31243615e+06  1.31243539e+06  1.31243478e+06  1.31243429e+06  1.31243389e+06  1.31243357e+06  1.31243331e+06  1.31243310e+06  1.31243294e+06  1.31243280e+06  1.31243269e+06  1.31243260e+06  1.31243253e+06  1.31243248e+06  1.31243243e+06  1.31243239e+06  1.31243236e+06  1.31243234e+06  1.31243232e+06  1.31243230e+06  1.31243229e+06  
50      92.950979         85.1886736           17.0810155         2.21698356e+06  2.16678801e+06  2.06946193e+06  1.97609185e+06  1.88651769e+06  1.80059233e+06  1.71816585e+06  1.63910055e+06  1.56327249e+06  1.49059302e+06  1.42102186e+06  1.35461084e+06  1.29144492e+06  1.23161335e+06  1.17515941e+06  1.12206394e+06  1.07227703e+06  1.02571944e+06  9.82309943e+05  9.41958462e+05  9.04587851e+05  8.70112426e+05  8.39931219e+05  8.13650670e+05  7.90932507e+05  7.71441951e+05  7.54842588e+05  7.40804394e+05  7.29007702e+05  7.19155705e+05  7.10972084e+05  7.04207448e+05  6.98638487e+05  6.94070145e+05  6.90334575e+05  6.87287806e+05  6.84807934e+05  6.82793627e+05  6.81159351e+05  6.79835457e+05  6.78764000e+05  6.77897475e+05  6.77197118e+05  6.76631432e+05  6.76174738e+05  6.75806154e+05  6.75508802e+05  6.75268930e+05  6.75075496e+05  6.74919511e+05  6.74793751e+05  6.74692371e+05  6.74610642e+05  6.74544770e+05  6.74491669e+05  6.74448873e+05  6.74414380e+05  6.74386580e+05  6.74364177e+05  6.74346121e+05  6.74331571e+05  6.74319844e+05  6.74310395e+05  6.74302779e+05  6.74296642e+05  6.74291697e+05  6.74287712e+05  6.74284500e+05  6.74281912e+05  6.74279827e+05  6.74278146e+05  6.74276791e+05  6.74275700e+05  6.74274821e+05  6.74274112e+05  6.74273541e+05  6.74273080e+05  6.74272710e+05  6.74272411e+05  6.74272170e+05  6.74271976e+05  6.74271819e+05  6.74271693e+05  6.74271592e+05  6.74271510e+05  6.74271444e+05  6.74271391e+05  6.74271348e+05  6.74271313e+05  6.74271286e+05  6.74271263e+05  6.74271245e+05  6.74271231e+05  6.74271219e+05  6.74271209e+05  6.74271202e+05  6.74271196e+05  
51      111.588399        102.269689           20.5058967         1.08757429e+06  1.06337837e+06  1.01646029e+06  9.71444224e+05  9.28252977e+05  8.86815615e+05  8.47059863e+05  8.08919300e+05  7.72334151e+05  7.37261645e+05  7.03682391e+05  6.71621471e+05  6.41120046e+05  6.12221435e+05  5.84946877e+05  5.59287532e+05  5.35219791e+05  5.12705906e+05  4.91707205e+05  4.72180801e+05  4.54090090e+05  4.37394353e+05  4.22772773e+05  4.10036243e+05  3.99022303e+05  3.89570001e+05  3.81517372e+05  3.74705300e+05  3.68979476e+05  3.64196493e+05  3.60222703e+05  3.56937394e+05  3.54232383e+05  3.52013131e+05  3.50198246e+05  3.48717883e+05  3.47512875e+05  3.46534038e+05  3.45739835e+05  3.45096442e+05  3.44575713e+05  3.44154570e+05  3.43814179e+05  3.43539238e+05  3.43317267e+05  3.43138118e+05  3.42993591e+05  3.42877000e+05  3.42782981e+05  3.42707163e+05  3.42646036e+05  3.42596759e+05  3.42557034e+05  3.42525016e+05  3.42499206e+05  3.42478404e+05  3.42461638e+05  3.42448126e+05  3.42437236e+05  3.42428460e+05  3.42421388e+05  3.42415688e+05  3.42411095e+05  3.42407393e+05  3.42404410e+05  3.42402006e+05  3.42400069e+05  3.42398508e+05  3.42397250e+05  3.42396236e+05  3.42395419e+05  3.42394761e+05  3.42394231e+05  3.42393803e+05  3.42393459e+05  3.42393181e+05  3.42392957e+05  3.42392777e+05  3.42392632e+05  3.42392515e+05  3.42392420e+05  3.42392344e+05  3.42392283e+05  3.42392234e+05  3.42392194e+05  3.42392162e+05  3.42392136e+05  3.42392115e+05  3.42392098e+05  3.42392085e+05  3.42392074e+05  3.42392065e+05  3.42392058e+05  3.42392052e+05  3.42392048e+05  3.42392044e+05  3.42392041e+05  
52      133.962772        122.775586           24.6174943         5.31810415e+05  5.20151596e+05  4.97542853e+05  4.75848950e+05  4.55032688e+05  4.35059879e+05  4.15895689e+05  3.97508102e+05  3.79868301e+05  3.62955666e+05  3.46760859e+05  3.31295997e+05  3.16580983e+05  3.02636790e+05  2.89473775e+05  2.77087812e+05  2.65467672e+05  2.54595319e+05  2.44452276e+05  2.35018058e+05  2.26275221e+05  2.18204340e+05  2.11134296e+05  2.04974170e+05  1.99645885e+05  1.95072029e+05  1.91174629e+05  1.87877002e+05  1.85104726e+05  1.82788585e+05  1.80864032e+05  1.79272733e+05  1.77962379e+05  1.76887244e+05  1.76007946e+05  1.75290678e+05  1.74706797e+05  1.74232487e+05  1.73847630e+05  1.73535845e+05  1.73283498e+05  1.73079406e+05  1.72914445e+05  1.72781201e+05  1.72673626e+05  1.72586805e+05  1.72516761e+05  1.72460257e+05  1.72414691e+05  1.72377946e+05  1.72348321e+05  1.72324439e+05  1.72305187e+05  1.72289669e+05  1.72277160e+05  1.72267078e+05  1.72258953e+05  1.72252404e+05  1.72247127e+05  1.72242873e+05  1.72239445e+05  1.72236683e+05  1.72234457e+05  1.72232663e+05  1.72231217e+05  1.72230052e+05  1.72229113e+05  1.72228357e+05  1.72227747e+05  1.72227256e+05  1.72226860e+05  1.72226541e+05  1.72226284e+05  1.72226077e+05  1.72225910e+05  1.72225775e+05  1.72225667e+05  1.72225579e+05  1.72225509e+05  1.72225452e+05  1.72225406e+05  1.72225370e+05  1.72225340e+05  1.72225316e+05  1.72225297e+05  1.72225281e+05  1.72225269e+05  1.72225259e+05  1.72225250e+05  1.72225244e+05  1.72225239e+05  1.72225234e+05  1.72225231e+05  1.72225228e+05  1.72225226e+05  1.72225224e+05  1.72225223e+05  
53      160.823388        147.39308            29.5535002         2.59358713e+05  2.53742378e+05  2.42850789e+05  2.32399350e+05  2.22370140e+05  2.12746686e+05  2.03512207e+05  1.94651275e+05  1.86150002e+05  1.77998453e+05  1.70192131e+05  1.62736884e+05  1.55642320e+05  1.48918577e+05  1.42570687e+05  1.36596704e+05  1.30991269e+05  1.25745744e+05  1.20851281e+05  1.16298072e+05  1.12077779e+05  1.08181109e+05  1.04767035e+05  1.01791826e+05  9.92179415e+04  9.70081375e+04  9.51248758e+04  9.35312145e+04  9.21912776e+04  9.10716863e+04  9.01412952e+04  8.93719473e+04  8.87383840e+04  8.82185197e+04  8.77933276e+04  8.74464728e+04  8.71641109e+04  8.69347306e+04  8.67486065e+04  8.65978183e+04  8.64757738e+04  8.63770664e+04  8.62972836e+04  8.62328397e+04  8.61808109e+04  8.61388189e+04  8.61049416e+04  8.60776126e+04  8.60555740e+04  8.60378020e+04  8.60234735e+04  8.60119227e+04  8.60026108e+04  8.59951055e+04  8.59890553e+04  8.59841792e+04  8.59802491e+04  8.59770817e+04  8.59745291e+04  8.59724718e+04  8.59708140e+04  8.59694779e+04  8.59684012e+04  8.59675335e+04  8.59668343e+04  8.59662708e+04  8.59658167e+04  8.59654508e+04  8.59651559e+04  8.59649183e+04  8.59647268e+04  8.59645725e+04  8.59644481e+04  8.59643479e+04  8.59642672e+04  8.59642021e+04  8.59641497e+04  8.59641074e+04  8.59640734e+04  8.59640459e+04  8.59640238e+04  8.59640060e+04  8.59639916e+04  8.59639800e+04  8.59639707e+04  8.59639632e+04  8.59639571e+04  8.59639523e+04  8.59639483e+04  8.59639452e+04  8.59639426e+04  8.59639406e+04  8.59639389e+04  8.59639376e+04  8.59639365e+04  8.59639356e+04  8.59639349e+04  
54      193.069773        176.94658            35.4792151         1.26209299e+05  1.23504269e+05  1.18258346e+05  1.13224232e+05  1.08393294e+05  1.03757597e+05  9.93090586e+04  9.50402461e+04  9.09444693e+04  8.70169411e+04  8.32554965e+04  7.96629553e+04  7.62439533e+04  7.30033837e+04  6.99436837e+04  6.70639318e+04  6.43615619e+04  6.18324314e+04  5.94722965e+04  5.72764528e+04  5.52409063e+04  5.33612032e+04  5.17140919e+04  5.02785340e+04  4.90364702e+04  4.79699800e+04  4.70609913e+04  4.62917105e+04  4.56448509e+04  4.51043232e+04  4.46551101e+04  4.42836312e+04  4.39777008e+04  4.37266622e+04  4.35213331e+04  4.33538289e+04  4.32174666e+04  4.31066888e+04  4.30167998e+04  4.29439754e+04  4.28850324e+04  4.28373598e+04  4.27988270e+04  4.27677023e+04  4.27425736e+04  4.27222925e+04  4.27059304e+04  4.26927310e+04  4.26820868e+04  4.26735032e+04  4.26665828e+04  4.26610039e+04  4.26565064e+04  4.26528815e+04  4.26499593e+04  4.26476043e+04  4.26457061e+04  4.26441763e+04  4.26429434e+04  4.26419498e+04  4.26411491e+04  4.26405038e+04  4.26399837e+04  4.26395647e+04  4.26392269e+04  4.26389548e+04  4.26387355e+04  4.26385587e+04  4.26384163e+04  4.26383015e+04  4.26382090e+04  4.26381345e+04  4.26380745e+04  4.26380261e+04  4.26379871e+04  4.26379556e+04  4.26379303e+04  4.26379099e+04  4.26378934e+04  4.26378802e+04  4.26378695e+04  4.26378609e+04  4.26378540e+04  4.26378484e+04  4.26378439e+04  4.26378402e+04  4.26378373e+04  4.26378350e+04  4.26378331e+04  4.26378315e+04  4.26378303e+04  4.26378293e+04  4.26378285e+04  4.26378278e+04  4.26378273e+04  4.26378269e+04  4.26378266e+04  
55      231.781818        212.425795           42.5930837         6.13045845e+04  6.00019092e+04  5.74755571e+04  5.50511447e+04  5.27245148e+04  5.04918464e+04  4.83492462e+04  4.62931349e+04  4.43202900e+04  4.24284057e+04  4.06164395e+04  3.88857505e+04  3.72385737e+04  3.56772692e+04  3.42030153e+04  3.28153732e+04  3.15131124e+04  3.02942438e+04  2.91567295e+04  2.80983105e+04  2.71170708e+04  2.62108729e+04  2.54167376e+04  2.47245412e+04  2.41255945e+04  2.36112728e+04  2.31728759e+04  2.28018346e+04  2.24898213e+04  2.22290837e+04  2.20123841e+04  2.18331764e+04  2.16855854e+04  2.15644725e+04  2.14654097e+04  2.13845942e+04  2.13188026e+04  2.12653542e+04  2.12219838e+04  2.11868466e+04  2.11584068e+04  2.11354048e+04  2.11168127e+04  2.11017949e+04  2.10896702e+04  2.10798843e+04  2.10719895e+04  2.10656207e+04  2.10604848e+04  2.10563431e+04  2.10530039e+04  2.10503121e+04  2.10481420e+04  2.10463929e+04  2.10449830e+04  2.10438466e+04  2.10429307e+04  2.10421926e+04  2.10415977e+04  2.10411182e+04  2.10407319e+04  2.10404205e+04  2.10401696e+04  2.10399674e+04  2.10398045e+04  2.10396731e+04  2.10395673e+04  2.10394820e+04  2.10394133e+04  2.10393579e+04  2.10393133e+04  2.10392773e+04  2.10392484e+04  2.10392250e+04  2.10392062e+04  2.10391910e+04  2.10391788e+04  2.10391690e+04  2.10391610e+04  2.10391546e+04  2.10391495e+04  2.10391453e+04  2.10391420e+04  2.10391393e+04  2.10391371e+04  2.10391354e+04  2.10391339e+04  2.10391328e+04  2.10391319e+04  2.10391311e+04  2.10391306e+04  2.10391301e+04  2.10391297e+04  2.10391294e+04  2.10391291e+04  2.10391289e+04  2.10391288e+04  
56      278.25594         255.018879           51.1333401         2.97331458e+04  2.91058696e+04  2.78893387e+04  2.67218716e+04  2.56014677e+04  2.45262877e+04  2.34944572e+04  2.25042528e+04  2.15541226e+04  2.06429561e+04  1.97702516e+04  1.89366638e+04  1.81432698e+04  1.73912073e+04  1.66810453e+04  1.60125740e+04  1.53852029e+04  1.47979758e+04  1.42499135e+04  1.37399304e+04  1.32671064e+04  1.28304145e+04  1.24477019e+04  1.21140963e+04  1.18254162e+04  1.15775103e+04  1.13661900e+04  1.11873290e+04  1.10369163e+04  1.09112177e+04  1.08067460e+04  1.07203469e+04  1.06491890e+04  1.05907959e+04  1.05430332e+04  1.05040678e+04  1.04723458e+04  1.04465750e+04  1.04256632e+04  1.04087211e+04  1.03950082e+04  1.03839172e+04  1.03749526e+04  1.03677113e+04  1.03618650e+04  1.03571465e+04  1.03533398e+04  1.03502689e+04  1.03477924e+04  1.03457954e+04  1.03441853e+04  1.03428874e+04  1.03418410e+04  1.03409976e+04  1.03403177e+04  1.03397698e+04  1.03393282e+04  1.03389723e+04  1.03386854e+04  1.03384542e+04  1.03382680e+04  1.03381178e+04  1.03379968e+04  1.03378993e+04  1.03378207e+04  1.03377574e+04  1.03377064e+04  1.03376653e+04  1.03376321e+04  1.03376054e+04  1.03375839e+04  1.03375666e+04  1.03375526e+04  1.03375414e+04  1.03375323e+04  1.03375250e+04  1.03375191e+04  1.03375143e+04  1.03375105e+04  1.03375074e+04  1.03375049e+04  1.03375029e+04  1.03375013e+04  1.03375000e+04  1.03374990e+04  1.03374981e+04  1.03374974e+04  1.03374969e+04  1.03374965e+04  1.03374961e+04  1.03374958e+04  1.03374956e+04  1.03374954e+04  1.03374952e+04  1.03374951e+04  1.03374950e+04  1.03374949e+04  
57      334.048498        306.152219           61.3859869         1.44027212e+04  1.41007063e+04  1.35149664e+04  1.29528323e+04  1.24133452e+04  1.18956223e+04  1.13987627e+04  1.09219377e+04  1.04644005e+04  1.00256170e+04  9.60534567e+03  9.20390206e+03  8.82180514e+03  8.45960316e+03  8.11757059e+03  7.79560702e+03  7.49342866e+03  7.21057583e+03  6.94657762e+03  6.70091212e+03  6.47313702e+03  6.26275872e+03  6.07837748e+03  5.91764810e+03  5.77855806e+03  5.65910916e+03  5.55728487e+03  5.47109829e+03  5.39861785e+03  5.33804502e+03  5.28770010e+03  5.24606360e+03  5.21177143e+03  5.18363042e+03  5.16061216e+03  5.14183342e+03  5.12654541e+03  5.11412540e+03  5.10404711e+03  5.09588193e+03  5.08927305e+03  5.08392778e+03  5.07960725e+03  5.07611733e+03  5.07329970e+03  5.07102560e+03  5.06919094e+03  5.06771090e+03  5.06651737e+03  5.06555490e+03  5.06477891e+03  5.06415335e+03  5.06364904e+03  5.06324258e+03  5.06291491e+03  5.06265084e+03  5.06243799e+03  5.06226645e+03  5.06212821e+03  5.06201679e+03  5.06192701e+03  5.06185465e+03  5.06179634e+03  5.06174935e+03  5.06171148e+03  5.06168096e+03  5.06165637e+03  5.06163655e+03  5.06162058e+03  5.06160771e+03  5.06159734e+03  5.06158898e+03  5.06158225e+03  5.06157682e+03  5.06157245e+03  5.06156892e+03  5.06156608e+03  5.06156380e+03  5.06156195e+03  5.06156047e+03  5.06155927e+03  5.06155830e+03  5.06155752e+03  5.06155690e+03  5.06155639e+03  5.06155599e+03  5.06155566e+03  5.06155539e+03  5.06155518e+03  5.06155501e+03  5.06155487e+03  5.06155476e+03  5.06155467e+03  5.06155460e+03  5.06155454e+03  5.06155449e+03  5.06155445e+03  
58      401.027914        367.538206           73.6943719         6.96920045e+03  6.82384376e+03  6.54190483e+03  6.27129983e+03  6.01157645e+03  5.76231631e+03  5.52309034e+03  5.29350263e+03  5.07319577e+03  4.86191386e+03  4.65954154e+03  4.46623134e+03  4.28223356e+03  4.10781250e+03  3.94310061e+03  3.78804978e+03  3.64252361e+03  3.50630100e+03  3.37915546e+03  3.26083592e+03  3.15112971e+03  3.04979944e+03  2.96098827e+03  2.88356731e+03  2.81656785e+03  2.75902802e+03  2.70997698e+03  2.66845806e+03  2.63354115e+03  2.60436013e+03  2.58010605e+03  2.56004706e+03  2.54352612e+03  2.52996849e+03  2.51887879e+03  2.50983154e+03  2.50246601e+03  2.49648221e+03  2.49162661e+03  2.48769271e+03  2.48450861e+03  2.48193330e+03  2.47985170e+03  2.47817028e+03  2.47681276e+03  2.47571711e+03  2.47483318e+03  2.47412011e+03  2.47354507e+03  2.47308135e+03  2.47270748e+03  2.47240609e+03  2.47216312e+03  2.47196729e+03  2.47180942e+03  2.47168219e+03  2.47157964e+03  2.47149700e+03  2.47143039e+03  2.47137671e+03  2.47133345e+03  2.47129859e+03  2.47127050e+03  2.47124786e+03  2.47122961e+03  2.47121491e+03  2.47120306e+03  2.47119351e+03  2.47118582e+03  2.47117962e+03  2.47117462e+03  2.47117059e+03  2.47116735e+03  2.47116473e+03  2.47116263e+03  2.47116093e+03  2.47115956e+03  2.47115846e+03  2.47115757e+03  2.47115685e+03  2.47115628e+03  2.47115581e+03  2.47115544e+03  2.47115513e+03  2.47115489e+03  2.47115469e+03  2.47115454e+03  2.47115441e+03  2.47115431e+03  2.47115422e+03  2.47115416e+03  2.47115410e+03  2.47115406e+03  2.47115403e+03  2.47115400e+03  2.47115397e+03  2.47115396e+03  
59      481.437242        441.232578           88.4706872         3.36881531e+03  3.29894685e+03  3.16338332e+03  3.03322294e+03  2.90826193e+03  2.78830969e+03  2.67316778e+03  2.56265160e+03  2.45659343e+03  2.35487320e+03  2.25743757e+03  2.16436149e+03  2.07576653e+03  1.99178067e+03  1.91246817e+03  1.83780619e+03  1.76772930e+03  1.70213121e+03  1.64090300e+03  1.58392390e+03  1.53109164e+03  1.48229201e+03  1.43952058e+03  1.40223394e+03  1.36996577e+03  1.34225302e+03  1.31862832e+03  1.29863105e+03  1.28181336e+03  1.26775818e+03  1.25607596e+03  1.24641425e+03  1.23845664e+03  1.23192632e+03  1.22658470e+03  1.22222685e+03  1.21867904e+03  1.21579677e+03  1.21345791e+03  1.21156303e+03  1.21002930e+03  1.20878881e+03  1.20778614e+03  1.20697623e+03  1.20632233e+03  1.20579457e+03  1.20536880e+03  1.20502532e+03  1.20474833e+03  1.20452497e+03  1.20434488e+03  1.20419970e+03  1.20408267e+03  1.20398834e+03  1.20391229e+03  1.20385101e+03  1.20380161e+03  1.20376180e+03  1.20372972e+03  1.20370386e+03  1.20368303e+03  1.20366623e+03  1.20365270e+03  1.20364180e+03  1.20363301e+03  1.20362593e+03  1.20362022e+03  1.20361562e+03  1.20361191e+03  1.20360893e+03  1.20360652e+03  1.20360458e+03  1.20360302e+03  1.20360176e+03  1.20360074e+03  1.20359992e+03  1.20359926e+03  1.20359873e+03  1.20359831e+03  1.20359796e+03  1.20359768e+03  1.20359746e+03  1.20359728e+03  1.20359713e+03  1.20359702e+03  1.20359692e+03  1.20359685e+03  1.20359678e+03  1.20359673e+03  1.20359669e+03  1.20359666e+03  1.20359664e+03  1.20359662e+03  1.20359660e+03  1.20359659e+03  1.20359657e+03  1.20359657e+03  
60      577.969288        529.703265           106.209773         1.62639148e+03  1.59292670e+03  1.52794260e+03  1.46548957e+03  1.40548464e+03  1.34784849e+03  1.29249577e+03  1.23934560e+03  1.18832355e+03  1.13937666e+03  1.09248299e+03  1.04768136e+03  1.00503237e+03  9.64599142e+02  9.26413678e+02  8.90465733e+02  8.56724308e+02  8.25138567e+02  7.95656293e+02  7.68219501e+02  7.42779050e+02  7.19280037e+02  6.98683530e+02  6.80727945e+02  6.65188819e+02  6.51843242e+02  6.40466201e+02  6.30835931e+02  6.22736803e+02  6.15967998e+02  6.10341940e+02  6.05688918e+02  6.01856555e+02  5.98711555e+02  5.96139023e+02  5.94040272e+02  5.92331630e+02  5.90943512e+02  5.89817107e+02  5.88904515e+02  5.88165861e+02  5.87568435e+02  5.87085538e+02  5.86695477e+02  5.86380555e+02  5.86126382e+02  5.85921324e+02  5.85755902e+02  5.85622502e+02  5.85514927e+02  5.85428195e+02  5.85358278e+02  5.85301911e+02  5.85256481e+02  5.85219858e+02  5.85190343e+02  5.85166553e+02  5.85147380e+02  5.85131929e+02  5.85119476e+02  5.85109441e+02  5.85101353e+02  5.85094836e+02  5.85089584e+02  5.85085351e+02  5.85081940e+02  5.85079191e+02  5.85076977e+02  5.85075192e+02  5.85073753e+02  5.85072594e+02  5.85071660e+02  5.85070907e+02  5.85070301e+02  5.85069812e+02  5.85069418e+02  5.85069100e+02  5.85068845e+02  5.85068638e+02  5.85068472e+02  5.85068339e+02  5.85068231e+02  5.85068144e+02  5.85068074e+02  5.85068017e+02  5.85067972e+02  5.85067935e+02  5.85067906e+02  5.85067882e+02  5.85067863e+02  5.85067847e+02  5.85067835e+02  5.85067825e+02  5.85067817e+02  5.85067810e+02  5.85067805e+02  5.85067800e+02  
61      693.856788        635.913038           127.505688         7.83619215e+02  7.67712106e+02  7.36772300e+02  7.06979502e+02  6.78306056e+02  6.50724568e+02  6.24203279e+02  5.98711137e+02  5.74218883e+02  5.50706476e+02  5.28167802e+02  5.06625109e+02  4.86110419e+02  4.66656366e+02  4.48280104e+02  4.30978005e+02  4.14736097e+02  3.99530585e+02  3.85336800e+02  3.72127157e+02  3.59878221e+02  3.48563713e+02  3.38646513e+02  3.30000761e+02  3.22518441e+02  3.16092266e+02  3.10613924e+02  3.05976654e+02  3.02076643e+02  2.98817208e+02  2.96108032e+02  2.93867401e+02  2.92021945e+02  2.90507480e+02  2.89268681e+02  2.88258029e+02  2.87435231e+02  2.86766781e+02  2.86224359e+02  2.85784898e+02  2.85429197e+02  2.85141504e+02  2.84908964e+02  2.84721128e+02  2.84569476e+02  2.84447078e+02  2.84348332e+02  2.84268672e+02  2.84204433e+02  2.84152629e+02  2.84110863e+02  2.84077194e+02  2.84050051e+02  2.84028173e+02  2.84010538e+02  2.83996324e+02  2.83984868e+02  2.83975636e+02  2.83968195e+02  2.83962198e+02  2.83957366e+02  2.83953471e+02  2.83950332e+02  2.83947803e+02  2.83945765e+02  2.83944122e+02  2.83942799e+02  2.83941732e+02  2.83940873e+02  2.83940180e+02  2.83939622e+02  2.83939172e+02  2.83938809e+02  2.83938517e+02  2.83938282e+02  2.83938092e+02  2.83937939e+02  2.83937816e+02  2.83937717e+02  2.83937637e+02  2.83937573e+02  2.83937521e+02  2.83937479e+02  2.83937445e+02  2.83937418e+02  2.83937396e+02  2.83937378e+02  2.83937364e+02  2.83937353e+02  2.83937343e+02  2.83937336e+02  2.83937330e+02  2.83937325e+02  2.83937321e+02  2.83937318e+02  2.83937315e+02  2.83937313e+02  
62      832.980665        763.418726           153.071606         3.76271374e+02  3.68809151e+02  3.54256661e+02  3.40197876e+02  3.26627226e+02  3.13538704e+02  3.00923623e+02  2.88772910e+02  2.77077687e+02  2.65832869e+02  2.55039486e+02  2.44711593e+02  2.34867495e+02  2.25525348e+02  2.16695461e+02  2.08377749e+02  2.00566790e+02  1.93252131e+02  1.86422641e+02  1.80065596e+02  1.74170118e+02  1.68723844e+02  1.63949837e+02  1.59787668e+02  1.56185447e+02  1.53091593e+02  1.50454007e+02  1.48221321e+02  1.46343573e+02  1.44774225e+02  1.43469804e+02  1.42390971e+02  1.41502404e+02  1.40773203e+02  1.40176729e+02  1.39690105e+02  1.39293932e+02  1.38972075e+02  1.38710900e+02  1.38499300e+02  1.38328030e+02  1.38189506e+02  1.38077538e+02  1.37987095e+02  1.37914075e+02  1.37855140e+02  1.37807594e+02  1.37769237e+02  1.37738306e+02  1.37713363e+02  1.37693252e+02  1.37677040e+02  1.37663971e+02  1.37653437e+02  1.37644945e+02  1.37638102e+02  1.37632586e+02  1.37628140e+02  1.37624557e+02  1.37621670e+02  1.37619343e+02  1.37617468e+02  1.37615956e+02  1.37614739e+02  1.37613757e+02  1.37612966e+02  1.37612329e+02  1.37611815e+02  1.37611402e+02  1.37611068e+02  1.37610799e+02  1.37610583e+02  1.37610408e+02  1.37610267e+02  1.37610154e+02  1.37610063e+02  1.37609989e+02  1.37609930e+02  1.37609882e+02  1.37609844e+02  1.37609813e+02  1.37609788e+02  1.37609767e+02  1.37609751e+02  1.37609738e+02  1.37609727e+02  1.37609719e+02  1.37609712e+02  1.37609707e+02  1.37609702e+02  1.37609699e+02  1.37609696e+02  1.37609693e+02  1.37609692e+02  1.37609690e+02  1.37609689e+02  1.37609688e+02  
63      1000              916.490332           167.019335         1.85037103e+02  1.81494951e+02  1.74563191e+02  1.67836949e+02  1.61317292e+02  1.55004987e+02  1.48899367e+02  1.42999341e+02  1.37303679e+02  1.31812784e+02  1.26529847e+02  1.21464196e+02  1.16627076e+02  1.12029453e+02  1.07678209e+02  1.03574848e+02  9.97179820e+01  9.61034960e+01  9.27267181e+01  8.95820170e+01  8.66645194e+01  8.39684954e+01  8.16047330e+01  7.95435598e+01  7.77594492e+01  7.62269709e+01  7.49203966e+01  7.38143315e+01  7.28840592e+01  7.21065472e+01  7.14602714e+01  7.09257517e+01  7.04854938e+01  7.01241916e+01  6.98286500e+01  6.95875347e+01  6.93912348e+01  6.92317573e+01  6.91023464e+01  6.89974995e+01  6.89126358e+01  6.88439974e+01  6.87885172e+01  6.87437027e+01  6.87075210e+01  6.86783188e+01  6.86547594e+01  6.86357538e+01  6.86204273e+01  6.86080678e+01  6.85981031e+01  6.85900701e+01  6.85835941e+01  6.85783745e+01  6.85741668e+01  6.85707757e+01  6.85680425e+01  6.85658397e+01  6.85640644e+01  6.85626337e+01  6.85614808e+01  6.85605515e+01  6.85598028e+01  6.85591993e+01  6.85587130e+01  6.85583211e+01  6.85580053e+01  6.85577509e+01  6.85575458e+01  6.85573805e+01  6.85572473e+01  6.85571400e+01  6.85570535e+01  6.85569838e+01  6.85569277e+01  6.85568824e+01  6.85568460e+01  6.85568166e+01  6.85567929e+01  6.85567738e+01  6.85567584e+01  6.85567460e+01  6.85567360e+01  6.85567280e+01  6.85567215e+01  6.85567163e+01  6.85567121e+01  6.85567087e+01  6.85567059e+01  6.85567037e+01  6.85567020e+01  6.85567005e+01  6.85566994e+01  6.85566984e+01  6.85566977e+01  6.85566971e+01  6.85566966e+01  