This file contains the Planck (blackbody) function at each layer center and from the stellar (2nd last column) and internal (last column) temperatures. 
Planck function given in [erg s^-1 cm^-3 sr^-1].
bin     cent_lambda[um]   low_int_lambda[um]   delta_lambda[um]   B_lay[0]   B_lay[1]   B_lay[2]   B_lay[3]   B_lay[4]   B_lay[5]   B_lay[6]   B_lay[7]   B_lay[8]   B_lay[9]   B_lay[10]   B_lay[11]   B_lay[12]   B_lay[13]   B_lay[14]   B_lay[15]   B_lay[16]   B_lay[17]   B_lay[18]   B_lay[19]   B_lay[20]   B_lay[21]   B_lay[22]   B_lay[23]   B_lay[24]   B_lay[25]   B_lay[26]   B_lay[27]   B_lay[28]   B_lay[29]   B_lay[30]   B_lay[31]   B_lay[32]   B_lay[33]   B_lay[34]   B_lay[35]   B_lay[36]   B_lay[37]   B_lay[38]   B_lay[39]   B_lay[40]   B_lay[41]   B_lay[42]   B_lay[43]   B_lay[44]   B_lay[45]   B_lay[46]   B_lay[47]   B_lay[48]   B_lay[49]   B_lay[50]   B_lay[51]   B_lay[52]   B_lay[53]   B_lay[54]   B_lay[55]   B_lay[56]   B_lay[57]   B_lay[58]   B_lay[59]   B_lay[60]   B_lay[61]   B_lay[62]   B_lay[63]   B_lay[64]   B_lay[65]   B_lay[66]   B_lay[67]   B_lay[68]   B_lay[69]   B_lay[70]   B_lay[71]   B_lay[72]   B_lay[73]   B_lay[74]   B_lay[75]   B_lay[76]   B_lay[77]   B_lay[78]   B_lay[79]   B_lay[80]   B_lay[81]   B_lay[82]   B_lay[83]   B_lay[84]   B_lay[85]   B_lay[86]   B_lay[87]   B_lay[88]   B_lay[89]   B_lay[90]   B_lay[91]   B_lay[92]   B_lay[93]   B_lay[94]   B_lay[95]   Planck_T_star   Planck_T_intern 
0       0.01              0.00899745971        0.00200508058      0               0               0               0               0               0               0               0               0               0               0               0               0               0               0               0               0               0               0               0               0               0               0               0               0               0               0               0               0               0               0               0               0               0               0               0               0               0               0               0               0               0               0               0               0               0               0               0               0               0               0               0               0               0               0               0               0               0               0               0               0               0               0               0               0               0               0               0               0               0               0               0               0               0               0               0               0               0               0               0               0               0               0               0               0               0               0               0               0               0               0               0               0               0               0               0               0               0               
1       0.0120050806      0.0110025403         0.00220609798      0               0               0               0               0               0               0               0               0               0               0               0               0               0               0               0               0               0               0               0               0               0               0               0               0               0               0               0               0               0               0               0               0               0               0               0               0               0               0               0               0               0               0               0               0               0               0               0               0               0               0               0               0               0               0               0               0               0               0               0               0               0               0               0               0               0               0               0               0               0               0               0               0               0               0               0               0               0               0               0               0               0               0               0               0               0               0               0               0               0               0               0               0               0               0               0               0               0               
2       0.014412196       0.0132086383         0.00264843841      0               0               0               0               0               0               0               0               0               0               0               0               0               0               0               0               0               0               0               0               0               0               0               0               0               0               0               0               0               0               0               0               0               0               0               0               0               0               0               0               0               0               0               0               0               0               0               0               0               0               0               0               0               0               0               0               0               0               0               0               0               0               0               0               0               0               0               0               0               0               0               0               0               0               0               0               0               0               0               0               0               0               0               0               0               0               0               0               0               0               0               0               0               0               0               0               0               0               
3       0.0173019574      0.0158570767         0.00317947165      0               0               0               0               0               0               0               0               0               0               0               0               0               0               0               0               0               0               0               0               0               0               0               0               0               0               0               0               0               0               0               0               0               0               0               0               0               0               0               0               0               0               0               0               0               0               0               0               0               0               0               0               0               0               0               0               0               0               0               0               0               0               0               0               0               0               0               0               0               0               0               0               0               0               0               0               0               0               0               0               0               0               0               0               0               0               0               0               0               0               0               0               0               0               0               0               0               0               
4       0.0207711393      0.0190365483         0.00381698133      0               0               0               0               0               0               0               0               0               0               0               0               0               0               0               0               0               0               0               0               0               0               0               0               0               0               0               0               0               0               0               0               0               0               0               0               0               0               0               0               0               0               0               0               0               0               0               0               0               0               0               0               0               0               0               0               0               0               0               0               0               0               0               0               0               0               0               0               0               0               0               0               0               0               0               0               0               0               0               0               0               0               0               0               0               0               0               0               0               0               0               0               0               0               0               0               0               0               
5       0.02493592        0.0228535297         0.00458231684      0               0               0               0               0               0               0               0               0               0               0               0               0               0               0               0               0               0               0               0               0               0               0               0               0               0               0               0               0               0               0               0               0               0               0               0               0               0               0               0               0               0               0               0               0               0               0               0               0               0               0               0               0               0               0               0               0               0               0               0               0               0               0               0               0               0               0               0               0               0               0               0               0               0               0               0               0               0               0               0               0               0               0               0               0               0               0               0               0               0               0               0               0               0               0               0               0               1.76075e-298    
6       0.0299357729      0.0274358465         0.00550110829      5.06931e-251    2.31441e-262    2.47989e-274    1.14828e-286    2.18173e-299    0               0               0               0               0               0               0               0               0               0               0               0               0               0               0               0               0               0               0               0               0               0               0               0               0               0               0               0               0               0               0               0               0               0               0               0               0               0               0               0               0               0               0               0               0               0               0               0               0               0               0               0               0               0               0               0               0               0               0               0               0               0               0               0               0               0               0               0               0               0               0               0               0               0               0               0               0               0               0               0               0               0               0               0               0               0               0               0               0               0               0               0               1.35166e-245    
7       0.0359381366      0.0329369548         0.00660412483      3.97661e-206    1.39463e-215    1.4974e-225     7.79331e-236    1.94006e-246    1.3208e-257     3.11564e-269    2.35458e-281    6.6654e-294     0               0               0               0               0               0               0               0               0               0               0               0               0               0               0               0               0               0               0               0               0               0               0               0               0               0               0               0               0               0               0               0               0               0               0               0               0               0               0               0               0               0               0               0               0               0               0               0               0               0               0               0               0               0               0               0               0               0               0               0               0               0               0               0               0               0               0               0               0               0               0               0               0               0               0               0               0               0               0               0               0               0               0               0               0               0               0               0               1.35106e-201    
8       0.0431440226      0.0395410796         0.00792830508      8.82109e-169    1.15435e-176    5.77206e-185    1.54369e-193    2.21264e-202    1.09581e-211    2.14387e-221    1.68128e-231    6.08489e-242    7.64395e-253    2.4318e-264     4.41379e-276    1.97021e-288    1.48212e-301    0               0               0               0               0               0               0               0               0               0               0               0               0               0               0               0               0               0               0               0               0               0               0               0               0               0               0               0               0               0               0               0               0               0               0               0               0               0               0               0               0               0               0               0               0               0               0               0               0               0               0               0               0               0               0               0               0               0               0               0               0               0               0               0               0               0               0               0               0               0               0               0               0               0               0               0               0               0               0               0               0               0               0               5.35968e-165    
9       0.0517947468      0.0474693847         0.00951799413      1.00777e-137    2.69536e-144    3.30227e-151    2.35856e-158    9.88207e-166    1.7389e-173     1.37931e-181    5.19787e-190    1.04437e-198    8.37641e-208    2.2804e-217     3.4928e-227     1.77769e-237    2.2392e-248     2.11367e-259    4.40325e-271    1.30655e-283    6.28091e-296    0               0               0               0               0               0               0               0               0               0               0               0               0               0               0               0               0               0               0               0               0               0               0               0               0               0               0               0               0               0               0               0               0               0               0               0               0               0               0               0               0               0               0               0               0               0               0               0               0               0               0               0               0               0               0               0               0               0               0               0               0               0               0               0               0               0               0               0               0               0               0               0               0               0               0               0               0               0               0               1.45351e-134    
10      0.0621800109      0.0569873788         0.0114264286       6.6511e-112     2.20084e-117    3.86397e-123    4.2665e-129     2.97995e-135    1.02605e-141    1.80152e-148    1.71428e-155    9.65629e-163    2.48866e-170    2.72735e-178    1.71357e-186    4.49901e-195    3.95526e-204    2.43437e-213    4.5396e-223     1.77844e-233    9.11061e-244    9.8466e-255     1.7777e-266     6.89157e-278    1.64332e-289    3.10296e-300    0               0               0               0               0               0               0               0               0               0               0               0               0               0               0               0               0               0               0               0               0               0               0               0               0               0               0               0               0               0               0               0               0               0               0               0               0               0               0               0               0               0               0               0               0               0               0               0               0               0               0               0               0               0               0               0               0               0               0               0               0               0               0               0               0               0               0               0               0               0               0               0               0               0               2.8854e-109     
11      0.0746476041      0.0684138075         0.0137175197       1.89969e-90     5.11692e-95     8.23276e-100    8.90568e-105    6.5011e-110     2.66547e-115    6.21948e-121    8.73085e-127    7.86269e-133    3.67057e-139    8.66094e-146    1.22046e-152    8.55302e-160    2.53607e-167    5.11922e-175    4.01736e-183    9.08927e-192    2.28982e-200    1.65658e-209    2.86028e-219    7.91264e-229    1.82788e-238    2.1249e-247     2.46898e-255    2.6118e-263     1.55726e-270    5.26873e-277    2.99098e-283    3.02837e-288    4.36808e-293    3.26529e-297    8.97364e-301    1.66257e-303    0               0               0               0               0               0               0               0               0               0               0               0               0               0               0               0               0               0               0               0               0               0               0               0               0               0               0               0               0               0               0               0               0               0               0               0               0               0               0               0               0               0               0               0               0               0               0               0               0               0               0               0               0               0               0               0               0               0               0               0               0               0               0               0               3.02155e-88     
12      0.0896150502      0.0821313271         0.0164679929       1.25685e-72     1.94367e-76     1.97524e-80     1.43082e-84     7.39916e-89     2.38877e-93     4.82519e-98     6.38064e-103    5.77751e-108    3.02613e-113    9.15118e-119    1.74234e-124    1.88483e-130    1.03221e-136    3.85431e-143    6.79439e-150    4.45626e-157    2.90267e-164    6.96424e-172    5.33015e-180    5.23086e-188    5.37622e-196    1.93271e-203    4.24242e-210    9.84257e-217    7.49845e-223    3.10613e-228    2.42827e-233    1.58142e-237    1.54621e-241    3.94934e-245    6.3526e-248     3.31247e-250    2.05103e-252    1.55528e-253    5.83101e-255    5.40788e-257    3.20887e-257    1.4375e-257     2.20229e-259    1.73177e-259    1.35249e-259    1.04687e-259    8.00614e-260    6.02725e-260    4.42223e-260    3.13595e-260    2.10255e-260    1.25606e-260    5.85449e-261    7.96243e-262    7.79949e-262    7.66834e-262    7.56104e-262    7.47758e-262    7.41002e-262    7.35438e-262    7.30669e-262    7.27093e-262    7.24311e-262    7.21926e-262    7.20337e-262    7.18747e-262    7.17555e-262    7.16363e-262    7.15568e-262    7.1517e-262     7.14376e-262    7.13978e-262    7.13978e-262    7.13581e-262    7.13183e-262    7.13183e-262    7.12786e-262    7.12786e-262    7.12786e-262    7.12786e-262    7.12786e-262    7.12786e-262    7.12388e-262    7.12388e-262    7.12388e-262    7.12388e-262    7.12388e-262    7.12388e-262    7.12388e-262    7.12388e-262    7.12388e-262    7.12388e-262    7.12388e-262    7.12388e-262    7.12388e-262    7.12388e-262    7.12388e-262    7.12388e-262    7.12388e-262    0               8.64911e-71     
13      0.10758359        0.09859932           0.0197699582       7.79194e-58     5.17079e-61     2.43527e-64     8.60197e-68     2.27817e-71     4.1037e-75      5.0113e-79      4.29404e-83     2.66142e-87     1.048e-91       2.64211e-96     4.43957e-101    4.70028e-106    2.89026e-111    1.23756e-116    2.90812e-122    3.1161e-128     3.07361e-134    1.36308e-140    2.43558e-147    4.74985e-154    1.13313e-160    7.09851e-167    1.82406e-172    5.51261e-178    3.76563e-183    1.22264e-187    8.09662e-192    2.49571e-195    1.19566e-198    9.99317e-202    5.9409e-204     7.33059e-206    1.08706e-207    9.13533e-209    7.56938e-210    1.72358e-211    1.02706e-211    4.65997e-212    1.76358e-213    1.38891e-213    1.08691e-213    8.43553e-214    6.47466e-214    4.89892e-214    3.62089e-214    2.59666e-214    1.7738e-214     1.09976e-214    5.65773e-215    1.62851e-215    1.59536e-215    1.56868e-215    1.54685e-215    1.52987e-215    1.51612e-215    1.5048e-215     1.4951e-215     1.48782e-215    1.48216e-215    1.47731e-215    1.47408e-215    1.47084e-215    1.46842e-215    1.46599e-215    1.46438e-215    1.46357e-215    1.46195e-215    1.46114e-215    1.46114e-215    1.46033e-215    1.45953e-215    1.45953e-215    1.45872e-215    1.45872e-215    1.45872e-215    1.45872e-215    1.45872e-215    1.45872e-215    1.45791e-215    1.45791e-215    1.45791e-215    1.45791e-215    1.45791e-215    1.45791e-215    1.45791e-215    1.45791e-215    1.45791e-215    1.45791e-215    1.45791e-215    1.45791e-215    1.45791e-215    1.45791e-215    1.45791e-215    1.45791e-215    1.45791e-215    0               2.66439e-56     
14      0.129154967       0.118369278          0.0237339941       1.45014e-45     3.23946e-48     5.46533e-51     7.22638e-54     7.47684e-57     5.64005e-60     3.08435e-63     1.2537e-66      3.86346e-70     8.18468e-74     1.20419e-77     1.2486e-81      8.8516e-86      4.05158e-90     1.33336e-94     2.70696e-99     2.94339e-104    2.8148e-109     1.41844e-114    3.46928e-120    8.30286e-126    2.67258e-131    1.80936e-136    3.66309e-141    9.33982e-146    4.2414e-150     7.51949e-154    2.79631e-157    3.16611e-160    5.66047e-163    1.43406e-165    2.23433e-167    5.65497e-169    1.73271e-170    1.71982e-171    2.55926e-172    1.22205e-173    7.34109e-174    3.41057e-174    2.69324e-175    2.12739e-175    1.67128e-175    1.30375e-175    1.00761e-175    7.69627e-176    5.7661e-176     4.21924e-176    2.97649e-176    1.95851e-176    1.15205e-176    5.43097e-177    5.32157e-177    5.23352e-177    5.16147e-177    5.10543e-177    5.06007e-177    5.02272e-177    4.9907e-177     4.96668e-177    4.948e-177      4.93199e-177    4.92132e-177    4.91064e-177    4.90264e-177    4.89463e-177    4.8893e-177     4.88663e-177    4.88129e-177    4.87862e-177    4.87862e-177    4.87596e-177    4.87329e-177    4.87329e-177    4.87062e-177    4.87062e-177    4.87062e-177    4.87062e-177    4.87062e-177    4.87062e-177    4.86795e-177    4.86795e-177    4.86795e-177    4.86795e-177    4.86795e-177    4.86795e-177    4.86795e-177    4.86795e-177    4.86795e-177    4.86795e-177    4.86795e-177    4.86795e-177    4.86795e-177    4.86795e-177    4.86795e-177    4.86795e-177    4.86795e-177    0               2.76624e-44     
15      0.155051578       0.142103272          0.0284928511       2.13718e-35     1.31268e-37     6.40378e-40     2.54274e-42     8.19868e-45     2.03921e-47     3.88763e-50     5.78013e-53     6.786e-56       5.84808e-59     3.73448e-62     1.76976e-65     6.12263e-69     1.48509e-72     2.68695e-76     3.28618e-80     2.44312e-84     1.56112e-88     5.96188e-93     1.28042e-97     2.514e-102      6.95892e-107    3.42013e-111    3.92638e-115    5.88418e-119    1.36028e-122    9.87104e-126    1.4711e-128     4.96147e-131    2.63466e-133    1.79736e-135    5.81531e-137    2.68104e-138    1.49999e-139    1.85786e-140    4.17913e-141    3.6578e-142     2.2268e-142     1.07409e-142    1.52713e-143    1.21234e-143    9.58602e-144    7.54142e-144    5.89394e-144    4.57004e-144    3.49626e-144    2.63572e-144    1.94437e-144    1.37806e-144    9.29416e-145    5.90239e-145    5.78564e-145    5.69166e-145    5.61477e-145    5.55497e-145    5.50656e-145    5.46669e-145    5.43252e-145    5.40689e-145    5.38696e-145    5.36987e-145    5.35848e-145    5.34709e-145    5.33855e-145    5.33e-145       5.32431e-145    5.32146e-145    5.31577e-145    5.31292e-145    5.31292e-145    5.31007e-145    5.30722e-145    5.30722e-145    5.30437e-145    5.30437e-145    5.30437e-145    5.30437e-145    5.30437e-145    5.30437e-145    5.30153e-145    5.30153e-145    5.30153e-145    5.30153e-145    5.30153e-145    5.30153e-145    5.30153e-145    5.30153e-145    5.30153e-145    5.30153e-145    5.30153e-145    5.30153e-145    5.30153e-145    5.30153e-145    5.30153e-145    5.30153e-145    5.30153e-145    0               2.50523e-34     
16      0.186140669       0.170596123          0.0342058974       5.59623e-27     7.98353e-29     9.42411e-31     9.35242e-33     7.78145e-35     5.22917e-37     2.82041e-39     1.23517e-41     4.42452e-44     1.22821e-46     2.66188e-49     4.48311e-52     5.8139e-55      5.64092e-58     4.23793e-61     2.31323e-64     8.47825e-68     2.65164e-71     5.47698e-75     7.14426e-79     8.2081e-83      1.34611e-86     3.44819e-90     1.70551e-93     1.11287e-96     1.02777e-99     2.42129e-102    1.10568e-104    9.33436e-107    1.21699e-108    1.94981e-110    1.12045e-111    8.52662e-113    7.85429e-114    1.25087e-114    3.75025e-115    5.36488e-116    3.33037e-116    1.69151e-116    3.81258e-117    3.04945e-117    2.43432e-117    1.93865e-117    1.53926e-117    1.21831e-117    9.57997e-118    7.49381e-118    5.81779e-118    4.44489e-118    3.35726e-118    2.53352e-118    2.4848e-118     2.44559e-118    2.41351e-118    2.38855e-118    2.36835e-118    2.35172e-118    2.33746e-118    2.32676e-118    2.31845e-118    2.31132e-118    2.30656e-118    2.30181e-118    2.29825e-118    2.29468e-118    2.2923e-118     2.29112e-118    2.28874e-118    2.28755e-118    2.28755e-118    2.28636e-118    2.28517e-118    2.28517e-118    2.28399e-118    2.28399e-118    2.28399e-118    2.28399e-118    2.28399e-118    2.28399e-118    2.2828e-118     2.2828e-118     2.2828e-118     2.2828e-118     2.2828e-118     2.2828e-118     2.2828e-118     2.2828e-118     2.2828e-118     2.2828e-118     2.2828e-118     2.2828e-118     2.2828e-118     2.2828e-118     2.2828e-118     2.2828e-118     2.2828e-118     0               4.37038e-26     
17      0.223463373       0.204802021          0.0410644554       5.10472e-20     1.46953e-21     3.61932e-23     7.70343e-25     1.41288e-26     2.173e-28       2.78634e-30     3.00079e-32     2.72517e-34     2.00543e-36     1.20226e-38     5.83034e-41     2.27459e-43     6.99208e-46     1.72441e-48     3.27279e-51     4.51014e-54     5.32092e-57     4.48775e-60     2.61858e-63     1.3247e-66      9.46541e-70     9.59037e-73     1.62228e-75     3.59437e-78     1.06734e-80     6.74853e-83     7.65432e-85     1.39872e-86     3.82369e-88     1.25809e-89     1.15027e-90     1.3313e-91      1.85187e-92     3.80417e-93     1.40012e-93     2.97178e-94     1.8929e-94      1.02384e-94     3.28812e-95     2.65673e-95     2.14779e-95     1.73769e-95     1.40724e-95     1.1417e-95      9.26327e-96     7.53724e-96     6.15055e-96     5.01466e-96     4.11479e-96     3.43156e-96     3.36818e-96     3.31716e-96     3.27542e-96     3.24296e-96     3.21668e-96     3.19504e-96     3.17648e-96     3.16257e-96     3.15175e-96     3.14247e-96     3.13629e-96     3.13011e-96     3.12547e-96     3.12083e-96     3.11774e-96     3.11619e-96     3.1131e-96      3.11156e-96     3.11156e-96     3.11001e-96     3.10846e-96     3.10846e-96     3.10692e-96     3.10692e-96     3.10692e-96     3.10692e-96     3.10692e-96     3.10692e-96     3.10537e-96     3.10537e-96     3.10537e-96     3.10537e-96     3.10537e-96     3.10537e-96     3.10537e-96     3.10537e-96     3.10537e-96     3.10537e-96     3.10537e-96     3.10537e-96     3.10537e-96     3.10537e-96     3.10537e-96     3.10537e-96     3.10537e-96     0               2.84128e-19     
18      0.26826958        0.245866476          0.0492982096       2.84239e-14     1.46855e-15     6.67097e-17     2.68075e-18     9.50317e-20     2.91307e-21     7.68206e-23     1.75054e-24     3.45315e-26     5.72614e-28     8.00993e-30     9.38079e-32     9.16414e-34     7.35488e-36     4.89133e-38     2.62197e-40     1.08549e-42     3.88404e-45     1.05829e-47     2.14344e-50     3.75707e-53     9.07982e-56     2.89187e-58     1.37665e-60     8.42886e-63     6.65573e-65     9.63371e-67     2.30288e-68     8.06037e-70     4.05712e-71     2.42886e-72     3.25567e-73     5.35282e-74     1.04636e-74     2.72922e-75     1.17235e-75     3.40693e-76     2.23873e-76     1.29772e-76     5.44869e-77     4.45815e-77     3.65969e-77     3.01632e-77     2.4979e-77      2.08131e-77     1.74342e-77     1.47263e-77     1.25508e-77     1.07688e-77     9.35706e-78     8.28184e-78     8.13683e-78     8.02011e-78     7.92461e-78     7.85033e-78     7.7902e-78      7.74068e-78     7.69824e-78     7.66641e-78     7.64165e-78     7.62043e-78     7.60628e-78     7.59213e-78     7.58152e-78     7.57091e-78     7.56384e-78     7.5603e-78      7.55322e-78     7.54969e-78     7.54969e-78     7.54615e-78     7.54261e-78     7.54261e-78     7.53908e-78     7.53908e-78     7.53908e-78     7.53908e-78     7.53908e-78     7.53908e-78     7.53554e-78     7.53554e-78     7.53554e-78     7.53554e-78     7.53554e-78     7.53554e-78     7.53554e-78     7.53554e-78     7.53554e-78     7.53554e-78     7.53554e-78     7.53554e-78     7.53554e-78     7.53554e-78     7.53554e-78     7.53554e-78     7.53554e-78     0               1.19291e-13     
19      0.322059792       0.295164686          0.0591828978       1.54171e-09     1.29651e-10     9.80307e-12     6.6882e-13      4.10645e-14     2.23584e-15     1.07473e-16     4.5718e-18      1.72184e-19     5.61846e-21     1.59162e-22     3.88675e-24     8.15896e-26     1.45569e-27     2.21468e-29     2.81978e-31     2.91183e-33     2.63248e-35     1.90615e-37     1.08586e-39     5.38902e-42     3.57526e-44     2.9561e-46      3.35791e-48     4.78981e-50     8.54644e-52     2.477e-53       1.0958e-54      6.62463e-56     5.51903e-57     5.41571e-58     9.98521e-59     2.20309e-59     5.70158e-60     1.84095e-60     8.94672e-61     3.33411e-61     2.26907e-61     1.41115e-61     7.24477e-62     6.01463e-62     5.02304e-62     4.22405e-62     3.58023e-62     3.06287e-62     2.64326e-62     2.30697e-62     2.0368e-62      1.8155e-62      1.64017e-62     1.50616e-62     1.48149e-62     1.46164e-62     1.4454e-62      1.43276e-62     1.42254e-62     1.41411e-62     1.40689e-62     1.40148e-62     1.39727e-62     1.39366e-62     1.39125e-62     1.38885e-62     1.38704e-62     1.38524e-62     1.38403e-62     1.38343e-62     1.38223e-62     1.38163e-62     1.38163e-62     1.38102e-62     1.38042e-62     1.38042e-62     1.37982e-62     1.37982e-62     1.37982e-62     1.37982e-62     1.37982e-62     1.37982e-62     1.37922e-62     1.37922e-62     1.37922e-62     1.37922e-62     1.37922e-62     1.37922e-62     1.37922e-62     1.37922e-62     1.37922e-62     1.37922e-62     1.37922e-62     1.37922e-62     1.37922e-62     1.37922e-62     1.37922e-62     1.37922e-62     1.37922e-62     0               5.11354e-09     
20      0.386635375       0.354347584          0.0710495457       1.20234e-05     1.51711e-06     1.75306e-07     1.85862e-08     1.80361e-09     1.58457e-10     1.25558e-11     8.98271e-13     5.79999e-14     3.32626e-15     1.69593e-16     7.63958e-18     3.03327e-19     1.0525e-20      3.19274e-22     8.35782e-24     1.84503e-25     3.61697e-27     5.91411e-29     7.95862e-31     9.4354e-33      1.44662e-34     2.64772e-36     6.24151e-38     1.80019e-39     6.32544e-41     3.27903e-42     2.4182e-43      2.31324e-44     2.92328e-45     4.30659e-46     1.03755e-46     2.92891e-47     9.55331e-48     3.71163e-48     1.99957e-48     9.06717e-49     6.40465e-49     4.25991e-49     2.54242e-49     2.14453e-49     1.8238e-49      1.56537e-49     1.35712e-49     1.18978e-49     1.05406e-49     9.45288e-50     8.57901e-50     7.8632e-50      7.29611e-50     6.86089e-50     6.7572e-50      6.67374e-50     6.60545e-50     6.55234e-50     6.50935e-50     6.47394e-50     6.44359e-50     6.42083e-50     6.40312e-50     6.38795e-50     6.37783e-50     6.36772e-50     6.36013e-50     6.35254e-50     6.34748e-50     6.34496e-50     6.3399e-50      6.33737e-50     6.33737e-50     6.33484e-50     6.33231e-50     6.33231e-50     6.32978e-50     6.32978e-50     6.32978e-50     6.32978e-50     6.32978e-50     6.32978e-50     6.32725e-50     6.32725e-50     6.32725e-50     6.32725e-50     6.32725e-50     6.32725e-50     6.32725e-50     6.32725e-50     6.32725e-50     6.32725e-50     6.32725e-50     6.32725e-50     6.32725e-50     6.32725e-50     6.32725e-50     6.32725e-50     6.32725e-50     0               3.27776e-05     
21      0.464158883       0.425397129          0.0852955522       0.0186463       0.00329876      0.000542583     8.30415e-05     1.18003e-05     1.54427e-06     1.85514e-07     2.04625e-08     2.07057e-09     1.8994e-10      1.57991e-11     1.18527e-12     8.00311e-14     4.83186e-15     2.60557e-16     1.24343e-17     5.16288e-19     1.93114e-20     6.22519e-22     1.71208e-23     4.20344e-25     1.29187e-26     4.5835e-28      1.99264e-29     1.03303e-30     6.37088e-32     5.37123e-33     6.06395e-34     8.52248e-35     1.5209e-35      3.12774e-36     9.4389e-37      3.27545e-37     1.293e-37       5.88006e-38     3.46012e-38     1.83163e-38     1.34336e-38     9.5004e-39      6.3491e-39      5.44468e-39     4.71564e-39     4.1282e-39      3.65486e-39     3.27449e-39     2.96598e-39     2.71873e-39     2.5201e-39      2.35739e-39     2.22849e-39     2.12914e-39     2.09981e-39     2.07621e-39     2.0569e-39      2.04188e-39     2.02972e-39     2.0197e-39      2.01112e-39     2.00468e-39     1.99968e-39     1.99539e-39     1.99252e-39     1.98966e-39     1.98752e-39     1.98537e-39     1.98394e-39     1.98323e-39     1.9818e-39      1.98108e-39     1.98108e-39     1.98037e-39     1.97965e-39     1.97965e-39     1.97894e-39     1.97894e-39     1.97894e-39     1.97894e-39     1.97894e-39     1.97894e-39     1.97822e-39     1.97822e-39     1.97822e-39     1.97822e-39     1.97822e-39     1.97822e-39     1.97822e-39     1.97822e-39     1.97822e-39     1.97822e-39     1.97822e-39     1.97822e-39     1.97822e-39     1.97822e-39     1.97822e-39     1.97822e-39     1.97822e-39     0               0.0431683       
22      0.55722648        0.510692681          0.102397998        7.53068         1.76558         0.389668        0.080971        0.015811        0.00288356      0.000489839     7.74834e-05     1.14006e-05     1.54654e-06     1.93375e-07     2.21871e-08     2.33151e-09     2.23255e-10     1.94456e-11     1.53036e-12     1.0746e-13      6.89096e-15     3.91065e-16     1.94897e-17     8.78989e-19     4.81394e-20     2.96427e-21     2.15142e-22     1.8178e-23      1.78782e-24     2.26314e-25     3.64596e-26     7.07108e-27     1.68024e-27     4.54355e-28     1.65794e-28     6.83884e-29     3.16024e-29     1.64057e-29     1.04212e-29     6.2341e-30      4.74249e-30     3.54096e-30     2.57778e-30     2.24736e-30     1.98102e-30     1.76641e-30     1.59348e-30     1.45452e-30     1.34181e-30     1.25148e-30     1.17891e-30     1.11947e-30     1.07238e-30     1.03592e-30     1.02307e-30     1.01273e-30     1.00426e-30     9.97678e-31     9.92349e-31     9.8796e-31      9.84198e-31     9.81377e-31     9.79182e-31     9.77301e-31     9.76047e-31     9.74793e-31     9.73853e-31     9.72913e-31     9.72286e-31     9.71972e-31     9.71345e-31     9.71032e-31     9.71032e-31     9.70718e-31     9.70405e-31     9.70405e-31     9.70091e-31     9.70091e-31     9.70091e-31     9.70091e-31     9.70091e-31     9.70091e-31     9.69778e-31     9.69778e-31     9.69778e-31     9.69778e-31     9.69778e-31     9.69778e-31     9.69778e-31     9.69778e-31     9.69778e-31     9.69778e-31     9.69778e-31     9.69778e-31     9.69778e-31     9.69778e-31     9.69778e-31     9.69778e-31     9.69778e-31     0               15.2137         
23      0.668954879       0.613090679          0.122929621        990.761         293.782         82.8452         22.2128         5.65344         1.35953         0.308204        0.0658292       0.0132322       0.00248652      0.000436582     7.13594e-05     1.08391e-05     1.52393e-06     1.97923e-07     2.36285e-08     2.56865e-09     2.5823e-10      2.34757e-11     1.91844e-12     1.43746e-13     1.2725e-14      1.24024e-15     1.38193e-16     1.75404e-17     2.54077e-18     4.51595e-19     9.79303e-20     2.48612e-20     7.49386e-21     2.53726e-21     1.08668e-21     5.18002e-22     2.72637e-22     1.58072e-22     1.07306e-22     7.07278e-23     5.5692e-23      4.35803e-23     3.38661e-23     3e-23           2.68836e-23     2.43725e-23     2.23491e-23     2.07231e-23     1.94044e-23     1.83475e-23     1.74984e-23     1.68028e-23     1.62518e-23     1.58235e-23     1.56485e-23     1.55076e-23     1.53924e-23     1.53027e-23     1.52301e-23     1.51704e-23     1.51191e-23     1.50807e-23     1.50508e-23     1.50252e-23     1.50082e-23     1.49911e-23     1.49783e-23     1.49655e-23     1.49569e-23     1.49527e-23     1.49441e-23     1.49399e-23     1.49399e-23     1.49356e-23     1.49313e-23     1.49313e-23     1.4927e-23      1.4927e-23      1.4927e-23      1.4927e-23      1.4927e-23      1.4927e-23      1.49228e-23     1.49228e-23     1.49228e-23     1.49228e-23     1.49228e-23     1.49228e-23     1.49228e-23     1.49228e-23     1.49228e-23     1.49228e-23     1.49228e-23     1.49228e-23     1.49228e-23     1.49228e-23     1.49228e-23     1.49228e-23     1.49228e-23     0               1786.44         
24      0.803085722       0.7360203            0.147578001        51103.2         18438.6         6380.15         2116.28         671.955         203.518         58.6868         16.1008         4.19795         1.035           0.241133        0.052927        0.0109275       0.00211557      0.000383295     6.47463e-05     1.01255e-05     1.48096e-06     1.99356e-07     2.45841e-08     2.81352e-09     3.71292e-10     5.30476e-11     8.45715e-12     1.50667e-12     3.00923e-13     7.09977e-14     1.97391e-14     6.27462e-15     2.30494e-15     9.38818e-16     4.60208e-16     2.47579e-16     1.45112e-16     9.22305e-17     6.63188e-17     4.72211e-17     3.83803e-17     3.12588e-17     2.55442e-17     2.29704e-17     2.08957e-17     1.92239e-17     1.78769e-17     1.67944e-17     1.59165e-17     1.52128e-17     1.46476e-17     1.41845e-17     1.38177e-17     1.35314e-17     1.33992e-17     1.32928e-17     1.32057e-17     1.3138e-17      1.30831e-17     1.3038e-17      1.29993e-17     1.29703e-17     1.29477e-17     1.29284e-17     1.29155e-17     1.29026e-17     1.28929e-17     1.28832e-17     1.28768e-17     1.28735e-17     1.28671e-17     1.28639e-17     1.28639e-17     1.28606e-17     1.28574e-17     1.28574e-17     1.28542e-17     1.28542e-17     1.28542e-17     1.28542e-17     1.28542e-17     1.28542e-17     1.2851e-17      1.2851e-17      1.2851e-17      1.2851e-17      1.2851e-17      1.2851e-17      1.2851e-17      1.2851e-17      1.2851e-17      1.2851e-17      1.2851e-17      1.2851e-17      1.2851e-17      1.2851e-17      1.2851e-17      1.2851e-17      1.2851e-17      0               83788.2         
25      0.96411088        0.883598301          0.177168579        1.20432e+06     512135          210298          83343.5         31839.6         11693.7         4122.38         1393.88         451.585         139.65          41.1919         11.5608         3.08291         0.779204        0.186321        0.0420291       0.00889624      0.00177869      0.000332053     5.76685e-05     9.39627e-06     1.72845e-06     3.39579e-07     7.3016e-08      1.72537e-08     4.49888e-09     1.34429e-09     4.6004e-10      1.7642e-10      7.63971e-11     3.62298e-11     1.98981e-11     1.18433e-11     7.58832e-12     5.20483e-12     3.93306e-12     2.97897e-12     2.49148e-12     2.0988e-12      1.78355e-12     1.62616e-12     1.49929e-12     1.39706e-12     1.31469e-12     1.2485e-12      1.19481e-12     1.15178e-12     1.11722e-12     1.0889e-12      1.06647e-12     1.0489e-12      1.03991e-12     1.03268e-12     1.02677e-12     1.02217e-12     1.01844e-12     1.01537e-12     1.01275e-12     1.01077e-12     1.00924e-12     1.00793e-12     1.00705e-12     1.00617e-12     1.00552e-12     1.00486e-12     1.00442e-12     1.0042e-12      1.00376e-12     1.00354e-12     1.00354e-12     1.00332e-12     1.00311e-12     1.00311e-12     1.00289e-12     1.00289e-12     1.00289e-12     1.00289e-12     1.00289e-12     1.00289e-12     1.00267e-12     1.00267e-12     1.00267e-12     1.00267e-12     1.00267e-12     1.00267e-12     1.00267e-12     1.00267e-12     1.00267e-12     1.00267e-12     1.00267e-12     1.00267e-12     1.00267e-12     1.00267e-12     1.00267e-12     1.00267e-12     1.00267e-12     0               1.82343e+06     
26      1.15742288        1.06076688           0.212692307        1.47176e+07     7.18383e+06     3.40528e+06     1.56669e+06     698881          301653          125814          50669.9         19686.2         7357.12         2642.88         910.749         300.707         94.9396         28.6156         8.21565         2.23777         0.580715        0.142377        0.0328843       0.00719387      0.00174459      0.000446893     0.000123345     3.68796e-05     1.1999e-05      4.36601e-06     1.77745e-06     7.97096e-07     3.95839e-07     2.12796e-07     1.28599e-07     8.32839e-08     5.74495e-08     4.19715e-08     3.30972e-08     2.63455e-08     2.2601e-08      1.95847e-08     1.71622e-08     1.58445e-08     1.47823e-08     1.39264e-08     1.32368e-08     1.26826e-08     1.22331e-08     1.18729e-08     1.15835e-08     1.13464e-08     1.11586e-08     1.10109e-08     1.09289e-08     1.08628e-08     1.08087e-08     1.07667e-08     1.07326e-08     1.07046e-08     1.06805e-08     1.06625e-08     1.06485e-08     1.06365e-08     1.06285e-08     1.06205e-08     1.06145e-08     1.06085e-08     1.06045e-08     1.06025e-08     1.05984e-08     1.05964e-08     1.05964e-08     1.05944e-08     1.05924e-08     1.05924e-08     1.05904e-08     1.05904e-08     1.05904e-08     1.05904e-08     1.05904e-08     1.05904e-08     1.05884e-08     1.05884e-08     1.05884e-08     1.05884e-08     1.05884e-08     1.05884e-08     1.05884e-08     1.05884e-08     1.05884e-08     1.05884e-08     1.05884e-08     1.05884e-08     1.05884e-08     1.05884e-08     1.05884e-08     1.05884e-08     1.05884e-08     0               2.08422e+07     
27      1.38949549        1.27345919           0.255338828        1.03609e+08     5.67854e+07     3.0367e+07      1.58362e+07     8.04639e+06     3.97695e+06     1.90996e+06     890677          402970          176488          74774.4         30596.8         12078.8         4593.01         1679.9          589.964         198.329         63.9904         19.6951         5.76917         1.61387         0.492691        0.157441        0.0535246       0.0194715       0.00761441      0.00326521      0.0015369       0.000785286     0.000437085     0.000260594     0.000170657     0.000118594     8.69693e-05     6.69465e-05     5.47507e-05     4.53667e-05     3.97956e-05     3.5308e-05      3.17024e-05     2.95961e-05     2.78981e-05     2.653e-05       2.54276e-05     2.45417e-05     2.38232e-05     2.32474e-05     2.27847e-05     2.24058e-05     2.21056e-05     2.18689e-05     2.17277e-05     2.16141e-05     2.15211e-05     2.14488e-05     2.13902e-05     2.1342e-05      2.13007e-05     2.12697e-05     2.12456e-05     2.12249e-05     2.12112e-05     2.11974e-05     2.11871e-05     2.11767e-05     2.11699e-05     2.11664e-05     2.11595e-05     2.11561e-05     2.11561e-05     2.11526e-05     2.11492e-05     2.11492e-05     2.11458e-05     2.11458e-05     2.11458e-05     2.11458e-05     2.11458e-05     2.11458e-05     2.11423e-05     2.11423e-05     2.11423e-05     2.11423e-05     2.11423e-05     2.11423e-05     2.11423e-05     2.11423e-05     2.11423e-05     2.11423e-05     2.11423e-05     2.11423e-05     2.11423e-05     2.11423e-05     2.11423e-05     2.11423e-05     2.11423e-05     0               1.38705e+08     
28      1.66810054        1.52879802           0.306536321        4.58747e+08     2.77158e+08     1.64029e+08     9.50431e+07     5.38766e+07     2.98405e+07     1.61339e+07     8.50978e+06     4.37542e+06     2.18924e+06     1.06528e+06     503446          230862          102590          44124.2         18342.9         7352.71         2846.5          1059.53         378.485         130.029         48.1            18.4852         7.47952         3.20466         1.4604          0.718236        0.381669        0.21744         0.133093        0.0864428       0.0605596       0.0446355       0.0344393       0.0276832       0.0233537       0.0199918       0.0178797       0.0161784       0.014811        0.0139632       0.0132798       0.0127292       0.0122855       0.0119289       0.0116398       0.011408        0.0112218       0.0110693       0.0109485       0.0108529       0.0107925       0.0107439       0.0107042       0.0106732       0.0106482       0.0106276       0.0106099       0.0105966       0.0105863       0.0105775       0.0105716       0.0105657       0.0105613       0.0105569       0.0105539       0.0105525       0.0105495       0.010548        0.010548        0.0105466       0.0105451       0.0105451       0.0105436       0.0105436       0.0105436       0.0105436       0.0105436       0.0105436       0.0105421       0.0105421       0.0105421       0.0105421       0.0105421       0.0105421       0.0105421       0.0105421       0.0105421       0.0105421       0.0105421       0.0105421       0.0105421       0.0105421       0.0105421       0.0105421       0.0105421       0               5.85781e+08     
29      2.00256814        1.83533434           0.367999323        1.37532e+09     9.01855e+08     5.81231e+08     3.67978e+08     2.28706e+08     1.39403e+08     8.32671e+07     4.87103e+07     2.78888e+07     1.56068e+07     8.53132e+06     4.55054e+06     2.36647e+06     1.19859e+06     590631          282849          131397          59265.4         25868.1         10910           4451.76         1933.57         867.036         405.836         199.362         103.211         56.918          33.4783         20.8876         13.8407         9.65039         7.15483         5.53933         4.45846         3.71488         3.21762         2.8286          2.57241         2.36604         2.20013         2.09204         2.00491         1.9347          1.87813         1.83267         1.7958          1.76625         1.74251         1.72306         1.70766         1.69545         1.68735         1.68083         1.67549         1.67135         1.66799         1.66522         1.66285         1.66107         1.65969         1.6585          1.65771         1.65692         1.65633         1.65574         1.65534         1.65514         1.65475         1.65455         1.65455         1.65435         1.65416         1.65416         1.65396         1.65396         1.65396         1.65396         1.65396         1.65396         1.65376         1.65376         1.65376         1.65376         1.65376         1.65376         1.65376         1.65376         1.65376         1.65376         1.65376         1.65376         1.65376         1.65376         1.65376         1.65376         1.65376         0               1.68773e+09     
30      2.40409918        2.20333366           0.441786153        2.9712e+09      2.08712e+09     1.44497e+09     9.85521e+08     6.61801e+08     4.37209e+08     2.83967e+08     1.81229e+08     1.13585e+08     6.98366e+07     4.21e+07        2.48612e+07     1.43714e+07     8.12514e+06     4.48878e+06     2.42101e+06     1.27295e+06     652776          325674          157885          74427.4         36981.5         18871.3         9980.42         5497.62         3166.22         1921.74         1230.76         828.561         586.685         433.92          337.397         272.193         226.938         194.821         172.56          155.038         143.037         133.369         125.594         120.315         116.059         112.63          109.867         107.647         105.846         104.403         103.243         102.293         101.541         100.943         100.531         100.198         99.9265         99.7151         99.544          99.403          99.2822         99.1916         99.1211         99.0607         99.0205         98.9802         98.95           98.9198         98.8997         98.8896         98.8695         98.8594         98.8594         98.8493         98.8393         98.8393         98.8292         98.8292         98.8292         98.8292         98.8292         98.8292         98.8191         98.8191         98.8191         98.8191         98.8191         98.8191         98.8191         98.8191         98.8191         98.8191         98.8191         98.8191         98.8191         98.8191         98.8191         98.8191         98.8191         0               3.52641e+09     
31      2.88614044        2.64511981           0.530367836        4.87632e+09     3.62868e+09     2.66768e+09     1.93673e+09     1.38785e+09     9.80996e+08     6.836e+08       4.69395e+08     3.17436e+08     2.11243e+08     1.38264e+08     8.89433e+07     5.6198e+07      3.48515e+07     2.11971e+07     1.26347e+07     7.37206e+06     4.21126e+06     2.35088e+06     1.28118e+06     681845          379304          215742          126424          76663.6         48275.1         31754.2         21843.9         15673.6         11732.7         9115.13         7377.37         6160.7          5289.92         4655.78         4202.79         3844.42         3590.75         3386.41         3222.05         3106.5          3013.36         2938.31         2877.83         2829.23         2789.82         2758.23         2732.85         2712.07         2695.6          2682.49         2673.13         2665.6          2659.43         2654.64         2650.76         2647.56         2644.82         2642.77         2641.17         2639.8          2638.89         2637.97         2637.29         2636.6          2636.15         2635.92         2635.46         2635.23         2635.23         2635            2634.78         2634.78         2634.55         2634.55         2634.55         2634.55         2634.55         2634.55         2634.32         2634.32         2634.32         2634.32         2634.32         2634.32         2634.32         2634.32         2634.32         2634.32         2634.32         2634.32         2634.32         2634.32         2634.32         2634.32         2634.32         0               5.62795e+09     
32      3.46483486        3.17548765           0.636710861        6.36007e+09     4.96607e+09     3.83866e+09     2.93628e+09     2.22171e+09     1.66192e+09     1.22845e+09     8.96906e+08     6.46519e+08     4.59791e+08     3.22479e+08     2.22908e+08     1.51776e+08     1.01735e+08     6.70865e+07     4.34945e+07     2.76993e+07     1.73269e+07     1.06311e+07     6.39273e+06     3.76769e+06     2.30465e+06     1.43606e+06     917332          603067          409291          288043          210429          159294          124941          101143          84672.8         72789.5         64062.5         57568.6         52810.5         49030.5         46280           44064.4         42281.9         40991.8         39951.8         39113.8         38438.6         37896           37455.9         37103.2         36819.9         36587.8         36403.9         36257.4         36149.7         36063           35992.1         35937           35892.3         35855.5         35824           35800.4         35782           35766.2         35755.7         35745.2         35737.4         35729.5         35724.2         35721.6         35716.3         35713.7         35713.7         35711.1         35708.5         35708.5         35705.8         35705.8         35705.8         35705.8         35705.8         35705.8         35703.2         35703.2         35703.2         35703.2         35703.2         35703.2         35703.2         35703.2         35703.2         35703.2         35703.2         35703.2         35703.2         35703.2         35703.2         35703.2         35703.2         0               7.17129e+09     
33      4.15956216        3.81219851           0.764376519        6.85302e+09     5.56866e+09     4.48746e+09     3.58496e+09     2.8382e+09      2.22576e+09     1.72827e+09     1.32824e+09     1.00996e+09     7.59357e+08     5.64335e+08     4.14328e+08     3.00375e+08     2.14919e+08     1.5168e+08      1.05536e+08     7.23387e+07     4.88396e+07     3.24441e+07     2.11916e+07     1.36089e+07     9.01607e+06     6.06606e+06     4.16656e+06     2.9317e+06      2.11891e+06     1.57841e+06     1.21299e+06     960520          783549          656533          565510          498151          447600          409300          380630          357774          340753          327043          316010          307827          301231          295916          291634          288192          285401          283164          281367          279894          278728          277797          277097          276533          276072          275714          275423          275184          274979          274825          274706          274603          274535          274467          274415          274364          274330          274313          274279          274262          274262          274245          274228          274228          274210          274210          274210          274210          274210          274210          274193          274193          274193          274193          274193          274193          274193          274193          274193          274193          274193          274193          274193          274193          274193          274193          274193          0               7.57945e+09     
34      4.99358789        4.57657503           0.91764017         6.30825e+09     5.29667e+09     4.41711e+09     3.65749e+09     3.00608e+09     2.45146e+09     1.9829e+09      1.5903e+09      1.26418e+09     9.95611e+08     7.7655e+08      5.99586e+08     4.58096e+08     3.46175e+08     2.58615e+08     1.90916e+08     1.39186e+08     1.0019e+08      7.11477e+07     4.98145e+07     3.43828e+07     2.43592e+07     1.74808e+07     1.27627e+07     9.50804e+06     7.24509e+06     5.66124e+06     4.54008e+06     3.73385e+06     3.14817e+06     2.71516e+06     2.39561e+06     2.15404e+06     1.96941e+06     1.82741e+06     1.71917e+06     1.63263e+06     1.56691e+06     1.51398e+06     1.47138e+06     1.43912e+06     1.41312e+06     1.39217e+06     1.37529e+06     1.36173e+06     1.35072e+06     1.34191e+06     1.33482e+06     1.32902e+06     1.32442e+06     1.32075e+06     1.31793e+06     1.31566e+06     1.3138e+06      1.31236e+06     1.31119e+06     1.31023e+06     1.3094e+06      1.30878e+06     1.3083e+06      1.30789e+06     1.30762e+06     1.30734e+06     1.30713e+06     1.30693e+06     1.30679e+06     1.30672e+06     1.30658e+06     1.30652e+06     1.30652e+06     1.30645e+06     1.30638e+06     1.30638e+06     1.30631e+06     1.30631e+06     1.30631e+06     1.30631e+06     1.30631e+06     1.30631e+06     1.30624e+06     1.30624e+06     1.30624e+06     1.30624e+06     1.30624e+06     1.30624e+06     1.30624e+06     1.30624e+06     1.30624e+06     1.30624e+06     1.30624e+06     1.30624e+06     1.30624e+06     1.30624e+06     1.30624e+06     1.30624e+06     1.30624e+06     0               6.86741e+09     
35      5.9948425         5.4942152            1.10163442         5.10619e+09     4.40308e+09     3.77591e+09     3.21943e+09     2.72841e+09     2.29759e+09     1.92193e+09     1.59652e+09     1.31659e+09     1.07744e+09     8.7473e+08      7.04241e+08     5.62054e+08     4.4451e+08      3.48214e+08     2.70091e+08     2.07325e+08     1.57459e+08     1.18241e+08     8.77496e+07     6.43435e+07     4.82239e+07     3.6532e+07      2.8075e+07      2.19437e+07     1.74798e+07     1.42184e+07     1.18189e+07     1.00345e+07     8.69868e+06     7.68619e+06     6.92033e+06     6.33088e+06     5.87344e+06     5.51711e+06     5.24136e+06     5.02034e+06     4.84975e+06     4.71233e+06     4.60173e+06     4.51652e+06     4.44784e+06     4.39249e+06     4.3479e+06      4.31206e+06     4.283e+06       4.2597e+06      4.24099e+06     4.22566e+06     4.21351e+06     4.2038e+06      4.19622e+06     4.19012e+06     4.18513e+06     4.18124e+06     4.1781e+06      4.17551e+06     4.17329e+06     4.17163e+06     4.17033e+06     4.16923e+06     4.16849e+06     4.16775e+06     4.16719e+06     4.16664e+06     4.16627e+06     4.16608e+06     4.16571e+06     4.16553e+06     4.16553e+06     4.16534e+06     4.16516e+06     4.16516e+06     4.16497e+06     4.16497e+06     4.16497e+06     4.16497e+06     4.16497e+06     4.16497e+06     4.16479e+06     4.16479e+06     4.16479e+06     4.16479e+06     4.16479e+06     4.16479e+06     4.16479e+06     4.16479e+06     4.16479e+06     4.16479e+06     4.16479e+06     4.16479e+06     4.16479e+06     4.16479e+06     4.16479e+06     4.16479e+06     4.16479e+06     0               5.48787e+09     
36      7.19685673        6.59584962           1.322521           3.72525e+09     3.28191e+09     2.87858e+09     2.51311e+09     2.18339e+09     1.8872e+09      1.62241e+09     1.38691e+09     1.17859e+09     9.95331e+08     8.3511e+08      6.95902e+08     5.75761e+08     4.7281e+08      3.85231e+08     3.11318e+08     2.49433e+08     1.98088e+08     1.55844e+08     1.21412e+08     9.36438e+07     7.35653e+07     5.83128e+07     4.67807e+07     3.80648e+07     3.14702e+07     2.64758e+07     2.26805e+07     1.97774e+07     1.75488e+07     1.58241e+07     1.44922e+07     1.34515e+07     1.26335e+07     1.19895e+07     1.14847e+07     1.10793e+07     1.0762e+07      1.05065e+07     1.03008e+07     1.014e+07       1.00104e+07     9.90594e+06     9.82179e+06     9.75416e+06     9.69931e+06     9.65536e+06     9.62004e+06     9.59111e+06     9.5682e+06      9.54985e+06     9.53533e+06     9.52364e+06     9.51408e+06     9.50664e+06     9.50062e+06     9.49566e+06     9.49141e+06     9.48823e+06     9.48575e+06     9.48362e+06     9.48221e+06     9.48079e+06     9.47973e+06     9.47866e+06     9.47796e+06     9.4776e+06      9.47689e+06     9.47654e+06     9.47654e+06     9.47619e+06     9.47583e+06     9.47583e+06     9.47548e+06     9.47548e+06     9.47548e+06     9.47548e+06     9.47548e+06     9.47548e+06     9.47512e+06     9.47512e+06     9.47512e+06     9.47512e+06     9.47512e+06     9.47512e+06     9.47512e+06     9.47512e+06     9.47512e+06     9.47512e+06     9.47512e+06     9.47512e+06     9.47512e+06     9.47512e+06     9.47512e+06     9.47512e+06     9.47512e+06     1.85315e-284    3.96258e+09     
37      8.63988449        7.91837061           1.58769711         2.50067e+09     2.24112e+09     2.00145e+09     1.78081e+09     1.57833e+09     1.39313e+09     1.22435e+09     1.07115e+09     9.32662e+08     8.08002e+08     6.96331e+08     5.96776e+08     5.0849e+08      4.30636e+08     3.62373e+08     3.02899e+08     2.51411e+08     2.07161e+08     1.69387e+08     1.37387e+08     1.1051e+08      9.02805e+07     7.43149e+07     6.17926e+07     5.19961e+07     4.43432e+07     3.83716e+07     3.37097e+07     3.00591e+07     2.71973e+07     2.49436e+07     2.31729e+07     2.17719e+07     2.06587e+07     1.97746e+07     1.90742e+07     1.85106e+07     1.80646e+07     1.77053e+07     1.7416e+07      1.71872e+07     1.70027e+07     1.6854e+07      1.67342e+07     1.6638e+07      1.65599e+07     1.64974e+07     1.64471e+07     1.64059e+07     1.63733e+07     1.63472e+07     1.63262e+07     1.63094e+07     1.62956e+07     1.62849e+07     1.62762e+07     1.62691e+07     1.62629e+07     1.62584e+07     1.62548e+07     1.62517e+07     1.62497e+07     1.62476e+07     1.62461e+07     1.62446e+07     1.62435e+07     1.6243e+07      1.6242e+07      1.62415e+07     1.62415e+07     1.6241e+07      1.62405e+07     1.62405e+07     1.624e+07       1.624e+07       1.624e+07       1.624e+07       1.624e+07       1.624e+07       1.62395e+07     1.62395e+07     1.62395e+07     1.62395e+07     1.62395e+07     1.62395e+07     1.62395e+07     1.62395e+07     1.62395e+07     1.62395e+07     1.62395e+07     1.62395e+07     1.62395e+07     1.62395e+07     1.62395e+07     1.62395e+07     1.62395e+07     5.8199e-236     2.63816e+09     
38      10.372251         9.50606772           1.90604318         1.571e+09       1.42723e+09     1.29301e+09     1.16796e+09     1.05175e+09     9.44011e+08     8.44396e+08     7.52561e+08     6.68168e+08     5.90856e+08     5.20292e+08     4.56123e+08     3.98003e+08     3.4559e+08      2.98531e+08     2.5649e+08      2.19116e+08     1.86081e+08     1.57037e+08     1.31656e+08     1.09628e+08     9.24999e+07     7.85549e+07     6.72849e+07     5.82153e+07     5.0942e+07      4.51256e+07     4.04828e+07     3.67762e+07     3.38195e+07     3.14576e+07     2.95751e+07     2.807e+07       2.68634e+07     2.58982e+07     2.51266e+07     2.4505e+07      2.40083e+07     2.36081e+07     2.3286e+07      2.30285e+07     2.28209e+07     2.26537e+07     2.25189e+07     2.24106e+07     2.23228e+07     2.22524e+07     2.21959e+07     2.21496e+07     2.21129e+07     2.20834e+07     2.20596e+07     2.20405e+07     2.20248e+07     2.20127e+07     2.20028e+07     2.19947e+07     2.19877e+07     2.19825e+07     2.19784e+07     2.19749e+07     2.19726e+07     2.19703e+07     2.19686e+07     2.19668e+07     2.19657e+07     2.19651e+07     2.19639e+07     2.19633e+07     2.19633e+07     2.19628e+07     2.19622e+07     2.19622e+07     2.19616e+07     2.19616e+07     2.19616e+07     2.19616e+07     2.19616e+07     2.19616e+07     2.1961e+07      2.1961e+07      2.1961e+07      2.1961e+07      2.1961e+07      2.1961e+07      2.1961e+07      2.1961e+07      2.1961e+07      2.1961e+07      2.1961e+07      2.1961e+07      2.1961e+07      2.1961e+07      2.1961e+07      2.1961e+07      2.1961e+07      1.28559e-195    1.64657e+09     
39      12.4519708        11.4121109           2.28822019         9.3641e+08      8.59941e+08     7.87971e+08     7.20343e+08     6.56906e+08     5.97505e+08     5.41993e+08     4.90227e+08     4.42068e+08     3.97366e+08     3.55989e+08     3.17792e+08     2.82638e+08     2.50389e+08     2.20903e+08     1.94047e+08     1.69677e+08     1.47661e+08     1.27852e+08     1.10113e+08     9.43131e+07     8.17053e+07     7.11832e+07     6.24727e+07     5.53019e+07     4.94285e+07     4.46373e+07     4.07434e+07     3.75854e+07     3.50305e+07     3.29655e+07     3.13005e+07     2.99578e+07     2.88736e+07     2.8001e+07      2.72985e+07     2.67318e+07     2.62754e+07     2.59078e+07     2.56118e+07     2.53733e+07     2.5181e+07      2.50261e+07     2.49012e+07     2.48009e+07     2.47195e+07     2.46543e+07     2.46019e+07     2.4559e+07      2.4525e+07      2.44978e+07     2.44755e+07     2.44576e+07     2.4443e+07      2.44316e+07     2.44224e+07     2.44148e+07     2.44083e+07     2.44034e+07     2.43996e+07     2.43964e+07     2.43942e+07     2.4392e+07      2.43904e+07     2.43888e+07     2.43877e+07     2.43872e+07     2.43861e+07     2.43855e+07     2.43855e+07     2.4385e+07      2.43844e+07     2.43844e+07     2.43839e+07     2.43839e+07     2.43839e+07     2.43839e+07     2.43839e+07     2.43839e+07     2.43834e+07     2.43834e+07     2.43834e+07     2.43834e+07     2.43834e+07     2.43834e+07     2.43834e+07     2.43834e+07     2.43834e+07     2.43834e+07     2.43834e+07     2.43834e+07     2.43834e+07     2.43834e+07     2.43834e+07     2.43834e+07     2.43834e+07     4.59389e-162    9.7638e+08      
40      14.9486913        13.7003311           2.74702678         5.3538e+08      4.95882e+08     4.58492e+08     4.23138e+08     3.89752e+08     3.58264e+08     3.28608e+08     3.0072e+08      2.74541e+08     2.50007e+08     2.2706e+08      2.05641e+08     1.85691e+08     1.67155e+08     1.49975e+08     1.34097e+08     1.19463e+08     1.06021e+08     9.37114e+07     8.24784e+07     7.22707e+07     6.39603e+07     5.6889e+07      5.09242e+07     4.59251e+07     4.17615e+07     3.83114e+07     3.5467e+07      3.3131e+07      3.12198e+07     2.96606e+07     2.83915e+07     2.73612e+07     2.65243e+07     2.58476e+07     2.52995e+07     2.4857e+07      2.44984e+07     2.42096e+07     2.3977e+07      2.37883e+07     2.36362e+07     2.35136e+07     2.34149e+07     2.33355e+07     2.32712e+07     2.32196e+07     2.31781e+07     2.31442e+07     2.31173e+07     2.30957e+07     2.3078e+07      2.30638e+07     2.30521e+07     2.3043e+07      2.30357e+07     2.30297e+07     2.30245e+07     2.30206e+07     2.30176e+07     2.3015e+07      2.30132e+07     2.30115e+07     2.30102e+07     2.30089e+07     2.30081e+07     2.30076e+07     2.30068e+07     2.30063e+07     2.30063e+07     2.30059e+07     2.30055e+07     2.30055e+07     2.3005e+07      2.3005e+07      2.3005e+07      2.3005e+07      2.3005e+07      2.3005e+07      2.30046e+07     2.30046e+07     2.30046e+07     2.30046e+07     2.30046e+07     2.30046e+07     2.30046e+07     2.30046e+07     2.30046e+07     2.30046e+07     2.30046e+07     2.30046e+07     2.30046e+07     2.30046e+07     2.30046e+07     2.30046e+07     2.30046e+07     3.61768e-134    5.55943e+08     
41      17.9460244        16.4473579           3.29782778         2.96143e+08     2.76164e+08     2.57173e+08     2.39136e+08     2.22022e+08     2.05796e+08     1.9043e+08      1.75892e+08     1.62157e+08     1.49193e+08     1.36978e+08     1.25482e+08     1.14682e+08     1.04553e+08     9.507e+07       8.62109e+07     7.79513e+07     7.02694e+07     6.3141e+07      5.65437e+07     5.04569e+07     4.54254e+07     4.10805e+07     3.73623e+07     3.42029e+07     3.15376e+07     2.93018e+07     2.7438e+07      2.58924e+07     2.46167e+07     2.35683e+07     2.27088e+07     2.20072e+07     2.14347e+07     2.097e+07       2.0592e+07      2.02865e+07     2.00378e+07     1.98374e+07     1.9676e+07      1.95444e+07     1.94383e+07     1.93529e+07     1.9284e+07      1.92286e+07     1.91838e+07     1.91478e+07     1.91189e+07     1.90952e+07     1.90765e+07     1.90614e+07     1.9049e+07      1.9039e+07      1.90308e+07     1.90245e+07     1.90193e+07     1.90151e+07     1.90114e+07     1.90087e+07     1.90066e+07     1.90048e+07     1.90036e+07     1.90024e+07     1.90015e+07     1.90005e+07     1.89999e+07     1.89996e+07     1.8999e+07      1.89987e+07     1.89987e+07     1.89984e+07     1.89981e+07     1.89981e+07     1.89978e+07     1.89978e+07     1.89978e+07     1.89978e+07     1.89978e+07     1.89978e+07     1.89975e+07     1.89975e+07     1.89975e+07     1.89975e+07     1.89975e+07     1.89975e+07     1.89975e+07     1.89975e+07     1.89975e+07     1.89975e+07     1.89975e+07     1.89975e+07     1.89975e+07     1.89975e+07     1.89975e+07     1.89975e+07     1.89975e+07     5.52959e-111    3.06515e+08     
42      21.5443469        19.7451857           3.95906882         1.59558e+08     1.496e+08       1.40108e+08     1.31064e+08     1.22454e+08     1.14261e+08     1.0647e+08      9.90686e+07     9.20426e+07     8.53785e+07     7.90648e+07     7.30887e+07     6.74387e+07     6.21038e+07     5.70727e+07     5.23355e+07     4.78817e+07     4.37016e+07     3.97848e+07     3.61217e+07     3.2704e+07      2.98467e+07     2.73519e+07     2.51938e+07     2.3341e+07      2.17626e+07     2.04264e+07     1.93031e+07     1.83647e+07     1.75849e+07     1.69404e+07     1.64092e+07     1.59737e+07     1.56171e+07     1.53269e+07     1.50899e+07     1.48983e+07     1.47417e+07     1.46155e+07     1.4514e+07      1.44308e+07     1.43637e+07     1.43097e+07     1.42661e+07     1.42312e+07     1.42028e+07     1.418e+07       1.41618e+07     1.41468e+07     1.4135e+07      1.41254e+07     1.41176e+07     1.41112e+07     1.4106e+07      1.4102e+07      1.40987e+07     1.4096e+07      1.40937e+07     1.4092e+07      1.40906e+07     1.40895e+07     1.40887e+07     1.4088e+07      1.40874e+07     1.40868e+07     1.40864e+07     1.40862e+07     1.40858e+07     1.40856e+07     1.40856e+07     1.40855e+07     1.40853e+07     1.40853e+07     1.40851e+07     1.40851e+07     1.40851e+07     1.40851e+07     1.40851e+07     1.40851e+07     1.40849e+07     1.40849e+07     1.40849e+07     1.40849e+07     1.40849e+07     1.40849e+07     1.40849e+07     1.40849e+07     1.40849e+07     1.40849e+07     1.40849e+07     1.40849e+07     1.40849e+07     1.40849e+07     1.40849e+07     1.40849e+07     1.40849e+07     1.00464e-91     1.64717e+08     
43      25.8641621        23.7042545           4.75289403         8.41807e+07     7.92694e+07     7.45782e+07     7.00988e+07     6.58238e+07     6.17453e+07     5.78565e+07     5.41506e+07     5.06212e+07     4.72616e+07     4.40665e+07     4.10297e+07     3.81457e+07     3.54095e+07     3.28154e+07     3.03592e+07     2.80359e+07     2.5841e+07      2.37698e+07     2.18181e+07     1.99821e+07     1.84344e+07     1.70722e+07     1.58843e+07     1.48567e+07     1.39751e+07     1.32235e+07     1.25878e+07     1.20537e+07     1.16077e+07     1.12376e+07     1.09311e+07     1.06792e+07     1.04724e+07     1.03037e+07     1.01655e+07     1.00538e+07     9.96226e+06     9.88848e+06     9.82908e+06     9.78029e+06     9.74095e+06     9.70926e+06     9.68372e+06     9.6632e+06      9.64656e+06     9.63322e+06     9.6225e+06      9.61372e+06     9.60677e+06     9.60119e+06     9.59655e+06     9.59282e+06     9.58977e+06     9.58739e+06     9.58547e+06     9.58389e+06     9.58253e+06     9.58151e+06     9.58072e+06     9.58004e+06     9.57959e+06     9.57914e+06     9.5788e+06      9.57846e+06     9.57823e+06     9.57812e+06     9.57789e+06     9.57778e+06     9.57778e+06     9.57767e+06     9.57755e+06     9.57755e+06     9.57744e+06     9.57744e+06     9.57744e+06     9.57744e+06     9.57744e+06     9.57744e+06     9.57733e+06     9.57733e+06     9.57733e+06     9.57733e+06     9.57733e+06     9.57733e+06     9.57733e+06     9.57733e+06     9.57733e+06     9.57733e+06     9.57733e+06     9.57733e+06     9.57733e+06     9.57733e+06     9.57733e+06     9.57733e+06     9.57733e+06     9.81719e-76     8.67213e+07     
44      31.050135         28.4571485           5.70588758         4.36707e+07     4.12661e+07     3.89659e+07     3.67662e+07     3.46633e+07     3.26536e+07     3.07334e+07     2.88997e+07     2.71492e+07     2.54789e+07     2.3886e+07      2.23676e+07     2.0921e+07      1.95438e+07     1.82334e+07     1.69876e+07     1.58041e+07     1.46807e+07     1.36154e+07     1.2606e+07      1.16509e+07     1.08409e+07     1.01238e+07     9.49493e+06     8.94786e+06     8.47601e+06     8.07181e+06     7.7283e+06      7.43856e+06     7.19571e+06     6.99357e+06     6.82571e+06     6.68738e+06     6.57359e+06     6.48063e+06     6.40437e+06     6.34268e+06     6.292e+06       6.25117e+06     6.21829e+06     6.19123e+06     6.16941e+06     6.15183e+06     6.13767e+06     6.12628e+06     6.11705e+06     6.10965e+06     6.10371e+06     6.09884e+06     6.09498e+06     6.09188e+06     6.08931e+06     6.08723e+06     6.08553e+06     6.08421e+06     6.08314e+06     6.08226e+06     6.08151e+06     6.08094e+06     6.0805e+06      6.08013e+06     6.07988e+06     6.07962e+06     6.07944e+06     6.07925e+06     6.07912e+06     6.07906e+06     6.07893e+06     6.07887e+06     6.07887e+06     6.07881e+06     6.07874e+06     6.07874e+06     6.07868e+06     6.07868e+06     6.07868e+06     6.07868e+06     6.07868e+06     6.07868e+06     6.07862e+06     6.07862e+06     6.07862e+06     6.07862e+06     6.07862e+06     6.07862e+06     6.07862e+06     6.07862e+06     6.07862e+06     6.07862e+06     6.07862e+06     6.07862e+06     6.07862e+06     6.07862e+06     6.07862e+06     6.07862e+06     6.07862e+06     1.81441e-62     4.49133e+07     
45      37.2759372        34.1630361           6.84996401         2.23498e+07     2.11785e+07     2.0057e+07      1.89833e+07     1.79556e+07     1.69722e+07     1.60313e+07     1.51315e+07     1.42711e+07     1.34486e+07     1.26628e+07     1.19122e+07     1.11956e+07     1.05116e+07     9.85908e+06     9.23701e+06     8.64422e+06     8.07972e+06     7.54243e+06     7.0314e+06      6.54582e+06     6.13227e+06     5.7646e+06      5.44084e+06     5.15808e+06     4.91327e+06     4.70281e+06     4.52337e+06     4.37156e+06     4.24399e+06     4.13757e+06     4.04899e+06     3.97589e+06     3.91566e+06     3.86641e+06     3.82594e+06     3.7932e+06      3.76626e+06     3.74456e+06     3.72708e+06     3.71267e+06     3.70105e+06     3.69169e+06     3.68415e+06     3.67809e+06     3.67318e+06     3.66924e+06     3.66607e+06     3.66348e+06     3.66143e+06     3.65978e+06     3.6584e+06      3.6573e+06      3.65639e+06     3.65569e+06     3.65512e+06     3.65465e+06     3.65424e+06     3.65394e+06     3.65371e+06     3.65351e+06     3.65337e+06     3.65324e+06     3.65314e+06     3.65304e+06     3.65297e+06     3.65294e+06     3.65287e+06     3.65284e+06     3.65284e+06     3.6528e+06      3.65277e+06     3.65277e+06     3.65274e+06     3.65274e+06     3.65274e+06     3.65274e+06     3.65274e+06     3.65274e+06     3.6527e+06      3.6527e+06      3.6527e+06      3.6527e+06      3.6527e+06      3.6527e+06      3.6527e+06      3.6527e+06      3.6527e+06      3.6527e+06      3.6527e+06      3.6527e+06      3.6527e+06      3.6527e+06      3.6527e+06      3.6527e+06      3.6527e+06      1.80791e-51     2.29547e+07     
46      44.750063         41.0130001           8.22343699         1.13134e+07     1.07449e+07     1.02001e+07     9.67822e+06     9.17829e+06     8.69945e+06     8.2409e+06      7.80187e+06     7.38163e+06     6.97943e+06     6.59463e+06     6.22655e+06     5.87454e+06     5.53804e+06     5.21642e+06     4.9092e+06      4.61581e+06     4.33576e+06     4.06855e+06     3.8137e+06      3.57082e+06     3.36335e+06     3.17835e+06     3.01497e+06     2.87187e+06     2.74765e+06     2.64059e+06     2.54908e+06     2.47151e+06     2.4062e+06      2.35163e+06     2.30615e+06     2.26855e+06     2.23756e+06     2.21219e+06     2.19132e+06     2.17443e+06     2.16052e+06     2.14932e+06     2.1403e+06      2.13285e+06     2.12684e+06     2.12201e+06     2.11811e+06     2.11497e+06     2.11243e+06     2.1104e+06      2.10876e+06     2.10742e+06     2.10636e+06     2.10551e+06     2.1048e+06      2.10422e+06     2.10375e+06     2.10339e+06     2.1031e+06      2.10285e+06     2.10264e+06     2.10249e+06     2.10237e+06     2.10226e+06     2.10219e+06     2.10212e+06     2.10207e+06     2.10202e+06     2.10198e+06     2.10197e+06     2.10193e+06     2.10192e+06     2.10192e+06     2.1019e+06      2.10188e+06     2.10188e+06     2.10186e+06     2.10186e+06     2.10186e+06     2.10186e+06     2.10186e+06     2.10186e+06     2.10185e+06     2.10185e+06     2.10185e+06     2.10185e+06     2.10185e+06     2.10185e+06     2.10185e+06     2.10185e+06     2.10185e+06     2.10185e+06     2.10185e+06     2.10185e+06     2.10185e+06     2.10185e+06     2.10185e+06     2.10185e+06     2.10185e+06     2.32416e-42     1.16069e+07     
47      53.7228112        49.2364371           9.87230237         5.67601e+06     5.40075e+06     5.13687e+06     4.88392e+06     4.64148e+06     4.40913e+06     4.18648e+06     3.97315e+06     3.76879e+06     3.57303e+06     3.38558e+06     3.20608e+06     3.03423e+06     2.86976e+06     2.71237e+06     2.5618e+06      2.41781e+06     2.28013e+06     2.14854e+06     2.02279e+06     1.9027e+06      1.79989e+06     1.70804e+06     1.62674e+06     1.5554e+06      1.49335e+06     1.43978e+06     1.39391e+06     1.35498e+06     1.32215e+06     1.29469e+06     1.27177e+06     1.25282e+06     1.23718e+06     1.22437e+06     1.21383e+06     1.2053e+06      1.19827e+06     1.1926e+06      1.18804e+06     1.18427e+06     1.18123e+06     1.17878e+06     1.17681e+06     1.17522e+06     1.17394e+06     1.17291e+06     1.17208e+06     1.1714e+06      1.17086e+06     1.17043e+06     1.17007e+06     1.16978e+06     1.16954e+06     1.16936e+06     1.16921e+06     1.16909e+06     1.16898e+06     1.1689e+06      1.16884e+06     1.16879e+06     1.16875e+06     1.16872e+06     1.16869e+06     1.16866e+06     1.16865e+06     1.16864e+06     1.16862e+06     1.16861e+06     1.16861e+06     1.1686e+06      1.16859e+06     1.16859e+06     1.16859e+06     1.16859e+06     1.16859e+06     1.16859e+06     1.16859e+06     1.16859e+06     1.16858e+06     1.16858e+06     1.16858e+06     1.16858e+06     1.16858e+06     1.16858e+06     1.16858e+06     1.16858e+06     1.16858e+06     1.16858e+06     1.16858e+06     1.16858e+06     1.16858e+06     1.16858e+06     1.16858e+06     1.16858e+06     1.16858e+06     7.97423e-35     5.81804e+06     
48      64.4946677        59.1087394           11.8517785         2.82709e+06     2.69405e+06     2.56646e+06     2.44412e+06     2.32681e+06     2.21434e+06     2.10651e+06     2.00314e+06     1.90407e+06     1.8091e+06      1.71811e+06     1.63092e+06     1.54738e+06     1.46736e+06     1.39072e+06     1.31733e+06     1.24707e+06     1.17981e+06     1.11545e+06     1.05386e+06     994959          944462          899275          859227          824033          793383          766885          744174          724872          708584          694949          683561          674137          666357          659981          654732          650483          646978          644155          641882          640002          638488          637267          636283          635493          634852          634338          633925          633587          633319          633104          632924          632779          632661          632569          632494          632433          632380          632341          632310          632284          632266          632249          632236          632222          632214          632209          632201          632196          632196          632192          632187          632187          632183          632183          632183          632183          632183          632183          632179          632179          632179          632179          632179          632179          632179          632179          632179          632179          632179          632179          632179          632179          632179          632179          632179          1.33792e-28     2.89573e+06     
49      77.4263683        70.960518            14.2281556         1.39978e+06     1.33555e+06     1.27395e+06     1.21485e+06     1.15818e+06     1.10383e+06     1.0517e+06      1.00171e+06     953781          907822          863763          821524          781035          742229          705035          669398          635253          602545          571215          541209          512482          487828          465745          446153          428919          413896          400896          389745          380262          372254          365546          359941          355300          351468          348326          345739          343644          341916          340524          339403          338476          337728          337126          336641          336251          335935          335681          335478          335311          335179          335072          334984          334912          334854          334808          334772          334741          334715          334696          334681          334668          334659          334650          334644          334637          334633          334631          334627          334624          334624          334622          334620          334620          334618          334618          334618          334618          334618          334618          334616          334616          334616          334616          334616          334616          334616          334616          334616          334616          334616          334616          334616          334616          334616          334616          334616          1.81793e-23     1.43291e+06     
50      92.950979         85.1886736           17.0810155         689710          658730          629010          600497          573146          546909          521741          497600          474447          452240          430944          410521          390936          372158          354153          336893          320348          304489          289290          274724          260769          248783          238040          228502          220106          212783          206442          200999          196368          192456          189178          186437          184168          182293          180756          179490          178465          177619          176937          176388          175934          175568          175273          175036          174845          174690          174566          174466          174384          174320          174268          174224          174189          174161          174138          174120          174106          174093          174083          174076          174069          174065          174061          174058          174055          174052          174051          174049          174048          174048          174047          174046          174046          174045          174045          174045          174045          174045          174045          174044          174044          174044          174044          174044          174044          174044          174044          174044          174044          174044          174044          174044          174044          174044          174044          174044          3.04552e-19     705688          
51      111.588399        102.269689           20.5058967         338484          323549          309220          295472          282282          269628          257487          245839          234666          223948          213667          203805          194346          185273          176572          168227          160226          152554          145197          138144          131383          125574          120364          115736          111661          108104          105024          102378          100127          98224           96629.2         95295.6         94190.9         93278.2         92529.9         91913.3         91414.1         91002           90670.1         90402.7         90181.5         90003.2         89859.6         89743.8         89650.8         89575.3         89514.8         89466.3         89426.5         89394.9         89369.6         89348.4         89331.4         89317.4         89306.6         89297.8         89290.6         89284.4         89279.7         89276.1         89273           89271           89268.9         89267.3         89265.8         89264.8         89264.2         89263.2         89262.7         89262.7         89262.2         89261.7         89261.7         89261.1         89261.1         89261.1         89261.1         89261.1         89261.1         89260.6         89260.6         89260.6         89260.6         89260.6         89260.6         89260.6         89260.6         89260.6         89260.6         89260.6         89260.6         89260.6         89260.6         89260.6         89260.6         89260.6         8.92705e-16     346186          
52      133.962772        122.775586           24.6174943         165569          158373          151467          144841          138484          132384          126531          120915          115527          110357          105398          100641          96076.2         91697.9         87497.4         83468.6         79604.3         75898           72343.2         68933.9         65664.8         62854.9         60333.9         58094           56120.6         54398.1         52905.5         51623.6         50532.1         49609.5         48836.1         48189.2         47653.3         47210.5         46847.4         46548.2         46306           46105.9         45944.8         45815.1         45707.7         45621.2         45551.4         45495.2         45450.1         45413.4         45384.1         45360.5         45341.2         45325.9         45313.6         45303.3         45295           45288.3         45283           45278.7         45275.2         45272.2         45270           45268.2         45266.7         45265.7         45264.7         45263.9         45263.2         45262.7         45262.4         45261.9         45261.7         45261.7         45261.4         45261.2         45261.2         45260.9         45260.9         45260.9         45260.9         45260.9         45260.9         45260.7         45260.7         45260.7         45260.7         45260.7         45260.7         45260.7         45260.7         45260.7         45260.7         45260.7         45260.7         45260.7         45260.7         45260.7         45260.7         45260.7         6.12705e-13     169281          
53      160.823388        147.39308            29.5535002         80768.7         77301.8         73975           70782.6         67719.4         64779.9         61959.4         59252.9         56656           54164.2         51773.5         49479.7         47278.8         45167.3         43141.3         41197.8         39333.3         37544.8         35829           34183           32604.4         31247.2         30029.3         28946.8         27993           27160.2         26438.5         25818.4         25290.5         24844.1         24469.9         24156.8         23897.5         23683.1         23507.4         23362.5         23245.2         23148.4         23070.4         23007.6         22955.6         22913.7         22879.9         22852.7         22830.9         22813.1         22798.9         22787.5         22778.1         22770.7         22764.8         22759.8         22755.8         22752.5         22750           22747.9         22746.2         22744.7         22743.6         22742.8         22742.1         22741.6         22741.1         22740.7         22740.4         22740.1         22740           22739.8         22739.6         22739.6         22739.5         22739.4         22739.4         22739.3         22739.3         22739.3         22739.3         22739.3         22739.3         22739.2         22739.2         22739.2         22739.2         22739.2         22739.2         22739.2         22739.2         22739.2         22739.2         22739.2         22739.2         22739.2         22739.2         22739.2         22739.2         22739.2         1.25432e-10     82556.4         
54      193.069773        176.94658            35.4792151         39312.6         37642.8         36040.4         34502.7         33027.1         31611.1         30252.2         28948.3         27697.1         26496.4         25344.4         24238.9         23178.2         22160.4         21183.8         20246.8         19347.9         18485.4         17657.8         16863.9         16102.3         15447.4         14859.6         14337.1         13876.7         13474.5         13126           12826.6         12571.5         12355.9         12175.1         12023.8         11898.5         11794.9         11710           11640           11583.3         11536.5         11498.8         11468.5         11443.3         11423.1         11406.8         11393.6         11383           11374.5         11367.6         11362.1         11357.6         11354           11351.1         11348.7         11346.7         11345.2         11343.9         11342.9         11342.1         11341.4         11340.9         11340.5         11340.1         11339.9         11339.6         11339.5         11339.3         11339.2         11339.1         11339           11338.9         11338.9         11338.9         11338.8         11338.8         11338.8         11338.8         11338.8         11338.8         11338.8         11338.8         11338.7         11338.7         11338.7         11338.7         11338.7         11338.7         11338.7         11338.7         11338.7         11338.7         11338.7         11338.7         11338.7         11338.7         11338.7         11338.7         11338.7         9.35966e-09     40173.7         
55      231.781818        212.425795           42.5930837         19099.2         18295           17523.3         16782.7         16072.1         15390           14735.5         14107.5         13504.8         12926.4         12371.4         11838.8         11327.8         10837.4         10366.8         9915.24         9481.98         9066.28         8667.38         8284.63         7917.44         7601.65         7318.19         7066.19         6844.08         6650.1          6481.94         6337.46         6214.39         6110.34         6023.08         5950.08         5889.59         5839.6          5798.6          5764.8          5737.44         5714.85         5696.65         5681.99         5669.86         5660.08         5652.2          5645.85         5640.75         5636.61         5633.3          5630.63         5628.45         5626.72         5625.33         5624.17         5623.23         5622.47         5621.87         5621.39         5621            5620.66         5620.4          5620.2          5620.03         5619.92         5619.81         5619.72         5619.64         5619.58         5619.55         5619.49         5619.47         5619.47         5619.44         5619.41         5619.41         5619.38         5619.38         5619.38         5619.38         5619.38         5619.38         5619.35         5619.35         5619.35         5619.35         5619.35         5619.35         5619.35         5619.35         5619.35         5619.35         5619.35         5619.35         5619.35         5619.35         5619.35         5619.35         5619.35         3.00463e-07     19513.9         
56      278.25594         255.018879           51.1333401         9264.69         8877.45         8505.84         8149.2          7806.96         7478.52         7163.32         6860.83         6570.56         6291.99         6024.68         5768.16         5521.98         5285.76         5059.05         4841.52         4632.79         4432.49         4240.29         4055.84         3878.89         3726.69         3590.06         3468.59         3361.51         3267.99         3186.91         3117.25         3057.91         3007.72         2965.65         2930.44         2901.27         2877.15         2857.38         2841.08         2827.88         2816.99         2808.21         2801.14         2795.29         2790.57         2786.77         2783.7          2781.24         2779.25         2777.65         2776.36         2775.31         2774.48         2773.81         2773.25         2772.79         2772.43         2772.14         2771.91         2771.71         2771.55         2771.43         2771.33         2771.25         2771.19         2771.14         2771.1          2771.06         2771.03         2771.02         2770.99         2770.98         2770.98         2770.96         2770.95         2770.95         2770.93         2770.93         2770.93         2770.93         2770.93         2770.93         2770.92         2770.92         2770.92         2770.92         2770.92         2770.92         2770.92         2770.92         2770.92         2770.92         2770.92         2770.92         2770.92         2770.92         2770.92         2770.92         2770.92         4.75866e-06     9464.35         
57      334.048498        306.152219           61.3859869         4488.39         4301.95         4123.01         3951.29         3786.49         3628.34         3476.56         3330.89         3191.11         3056.96         2928.23         2804.69         2686.12         2572.35         2463.16         2358.39         2257.84         2161.36         2068.77         1979.91         1894.66         1821.33         1755.5          1696.97         1645.37         1600.3          1561.23         1527.65         1499.05         1474.86         1454.58         1437.61         1423.55         1411.93         1402.39         1394.54         1388.18         1382.92         1378.69         1375.28         1372.46         1370.19         1368.36         1366.88         1365.69         1364.73         1363.96         1363.34         1362.83         1362.43         1362.11         1361.84         1361.62         1361.44         1361.3          1361.19         1361.1          1361.02         1360.96         1360.91         1360.87         1360.85         1360.82         1360.8          1360.78         1360.77         1360.76         1360.75         1360.74         1360.74         1360.74         1360.73         1360.73         1360.72         1360.72         1360.72         1360.72         1360.72         1360.72         1360.72         1360.72         1360.72         1360.72         1360.72         1360.72         1360.72         1360.72         1360.72         1360.72         1360.72         1360.72         1360.72         1360.72         1360.72         1360.72         1360.72         4.16533e-05     4584.53         
58      401.027914        367.538206           73.6943719         2172.1          2082.35         1996.22         1913.54         1834.2          1758.05         1684.97         1614.83         1547.53         1482.93         1420.94         1361.45         1304.35         1249.57         1196.98         1146.52         1098.1          1051.63         1007.04         964.24          923.175         887.853         856.141         827.945         803.088         781.376         762.552         746.375         732.595         720.941         711.169         702.991         696.216         690.615         686.022         682.236         679.17          676.639         674.6           672.958         671.598         670.502         669.619         668.908         668.336         667.873         667.501         667.202         666.958         666.764         666.608         666.478         666.373         666.288         666.221         666.167         666.122         666.084         666.056         666.034         666.014         666.002         665.989         665.98          665.97          665.964         665.96          665.954         665.951         665.951         665.948         665.945         665.945         665.941         665.941         665.941         665.941         665.941         665.941         665.938         665.938         665.938         665.938         665.938         665.938         665.938         665.938         665.938         665.938         665.938         665.938         665.938         665.938         665.938         665.938         665.938         0.000221498     2218.37         
59      481.437242        441.232578           88.4706872         1050.09         1006.94         965.505         925.729         887.547         850.896         815.716         781.952         749.547         718.445         688.598         659.953         632.461         606.079         580.758         556.46          533.142         510.765         489.289         468.678         448.902         431.89          416.617         403.036         391.064         380.606         371.539         363.747         357.109         351.495         346.788         342.849         339.585         336.887         334.674         332.85          331.374         330.154         329.172         328.381         327.726         327.198         326.772         326.43          326.154         325.931         325.752         325.608         325.49          325.397         325.322         325.259         325.209         325.167         325.135         325.109         325.088         325.069         325.056         325.045         325.036         325.03          325.024         325.019         325.014         325.011         325.01          325.007         325.005         325.005         325.004         325.002         325.002         325.001         325.001         325.001         325.001         325.001         325.001         324.999         324.999         324.999         324.999         324.999         324.999         324.999         324.999         324.999         324.999         324.999         324.999         324.999         324.999         324.999         324.999         324.999         0.000774606     1072.33         
60      577.969288        529.703265           106.209773         507.044         486.359         466.48          447.38          429.033         411.414         394.496         378.252         362.659         347.69          333.324         319.534         306.299         293.597         281.406         269.706         258.478         247.703         237.362         227.437         217.914         209.722         202.367         195.827         190.061         185.025         180.658         176.905         173.708         171.005         168.737         166.84          165.268         163.969         162.903         162.024         161.313         160.726         160.253         159.872         159.556         159.302         159.097         158.932         158.799         158.692         158.605         158.536         158.479         158.434         158.398         158.368         158.344         158.324         158.308         158.296         158.286         158.277         158.27          158.265         158.261         158.258         158.255         158.252         158.25          158.249         158.248         158.247         158.246         158.246         158.245         158.244         158.244         158.244         158.244         158.244         158.244         158.244         158.244         158.243         158.243         158.243         158.243         158.243         158.243         158.243         158.243         158.243         158.243         158.243         158.243         158.243         158.243         158.243         158.243         158.243         0.00190452      517.696         
61      693.856788        635.913038           127.505688         244.37          234.522         225.039         215.912         207.132         198.69          190.575         182.778         175.288         168.093         161.185         154.552         148.184         142.071         136.203         130.572         125.166         119.979         115             110.221         105.636         101.691         98.1494         95.0001         92.2237         89.7985         87.6956         85.8885         84.349          83.047          81.9552         81.0416         80.2845         79.6587         79.1455         78.7224         78.3799         78.0971         77.8692         77.6857         77.5338         77.4113         77.3127         77.2332         77.1693         77.1175         77.0759         77.0426         77.0153         76.9936         76.9762         76.9617         76.9499         76.9404         76.9329         76.9269         76.9219         76.9176         76.9145         76.912          76.9098         76.9084         76.907          76.9059         76.9049         76.9042         76.9038         76.9031         76.9027         76.9027         76.9024         76.902          76.902          76.9017         76.9017         76.9017         76.9017         76.9017         76.9017         76.9013         76.9013         76.9013         76.9013         76.9013         76.9013         76.9013         76.9013         76.9013         76.9013         76.9013         76.9013         76.9013         76.9013         76.9013         76.9013         76.9013         0.00348363      249.434         
62      832.980665        763.418726           153.071606         117.396         112.763         108.288         103.969         99.8025         95.787          91.9192         88.1959         84.6136         81.1683         77.8564         74.6735         71.6154         68.6781         65.857          63.1484         60.548          58.0517         55.6554         53.3552         51.1478         49.2487         47.5436         46.0273         44.6905         43.5227         42.5102         41.64           40.8988         40.2718         39.7461         39.3062         38.9416         38.6403         38.3932         38.1894         38.0245         37.8883         37.7786         37.6902         37.6171         37.5581         37.5106         37.4723         37.4415         37.4166         37.3966         37.3805         37.3674         37.3569         37.3486         37.3416         37.3359         37.3313         37.3277         37.3248         37.3224         37.3204         37.3188         37.3176         37.3166         37.3159         37.3152         37.3147         37.3142         37.3139         37.3137         37.3134         37.3132         37.3132         37.313          37.3128         37.3128         37.3127         37.3127         37.3127         37.3127         37.3127         37.3127         37.3125         37.3125         37.3125         37.3125         37.3125         37.3125         37.3125         37.3125         37.3125         37.3125         37.3125         37.3125         37.3125         37.3125         37.3125         37.3125         37.3125         0.00497404      119.771         
63      1000              916.490332           167.019335         57.7716         55.5652         53.4242         51.3489         49.3396         47.3961         45.5181         43.7048         41.9555         40.2692         38.6448         37.0807         35.5757         34.1281         32.7362         31.3986         30.1133         28.8788         27.6931         26.5544         25.4614         24.5208         23.6762         22.925          22.2626         21.684          21.1823         20.7511         20.3837         20.0731         19.8125         19.5945         19.4138         19.2645         19.142          19.041          18.9593         18.8918         18.8374         18.7936         18.7574         18.7282         18.7046         18.6856         18.6704         18.658          18.6481         18.6402         18.6336         18.6285         18.6243         18.6208         18.618          18.6158         18.614          18.6125         18.6114         18.6103         18.6096         18.609          18.6085         18.6081         18.6078         18.6075         18.6073         18.6071         18.607          18.6069         18.6068         18.6068         18.6067         18.6066         18.6066         18.6065         18.6065         18.6065         18.6065         18.6065         18.6065         18.6064         18.6064         18.6064         18.6064         18.6064         18.6064         18.6064         18.6064         18.6064         18.6064         18.6064         18.6064         18.6064         18.6064         18.6064         18.6064         18.6064         0.00576787      58.8991         