This file contains the optical depth for each layer and waveband.
bin     cent_lambda[um]   low_int_lambda[um]   delta_lambda[um]   delta_tau_lay[0]   delta_tau_lay[1]   delta_tau_lay[2]   delta_tau_lay[3]   delta_tau_lay[4]   delta_tau_lay[5]   delta_tau_lay[6]   delta_tau_lay[7]   delta_tau_lay[8]   delta_tau_lay[9]   delta_tau_lay[10]   delta_tau_lay[11]   delta_tau_lay[12]   delta_tau_lay[13]   delta_tau_lay[14]   delta_tau_lay[15]   delta_tau_lay[16]   delta_tau_lay[17]   delta_tau_lay[18]   delta_tau_lay[19]   delta_tau_lay[20]   delta_tau_lay[21]   delta_tau_lay[22]   delta_tau_lay[23]   delta_tau_lay[24]   delta_tau_lay[25]   delta_tau_lay[26]   delta_tau_lay[27]   delta_tau_lay[28]   delta_tau_lay[29]   delta_tau_lay[30]   delta_tau_lay[31]   delta_tau_lay[32]   delta_tau_lay[33]   delta_tau_lay[34]   delta_tau_lay[35]   delta_tau_lay[36]   delta_tau_lay[37]   delta_tau_lay[38]   delta_tau_lay[39]   delta_tau_lay[40]   delta_tau_lay[41]   delta_tau_lay[42]   delta_tau_lay[43]   delta_tau_lay[44]   delta_tau_lay[45]   delta_tau_lay[46]   delta_tau_lay[47]   delta_tau_lay[48]   delta_tau_lay[49]   delta_tau_lay[50]   delta_tau_lay[51]   delta_tau_lay[52]   delta_tau_lay[53]   delta_tau_lay[54]   delta_tau_lay[55]   delta_tau_lay[56]   delta_tau_lay[57]   delta_tau_lay[58]   delta_tau_lay[59]   delta_tau_lay[60]   delta_tau_lay[61]   delta_tau_lay[62]   delta_tau_lay[63]   delta_tau_lay[64]   delta_tau_lay[65]   delta_tau_lay[66]   delta_tau_lay[67]   delta_tau_lay[68]   delta_tau_lay[69]   delta_tau_lay[70]   delta_tau_lay[71]   delta_tau_lay[72]   delta_tau_lay[73]   delta_tau_lay[74]   delta_tau_lay[75]   delta_tau_lay[76]   delta_tau_lay[77]   delta_tau_lay[78]   delta_tau_lay[79]   delta_tau_lay[80]   delta_tau_lay[81]   delta_tau_lay[82]   delta_tau_lay[83]   delta_tau_lay[84]   delta_tau_lay[85]   delta_tau_lay[86]   delta_tau_lay[87]   delta_tau_lay[88]   delta_tau_lay[89]   delta_tau_lay[90]   delta_tau_lay[91]   delta_tau_lay[92]   delta_tau_lay[93]   delta_tau_lay[94]   delta_tau_lay[95]   
0       0.01              0.00899745971        0.00200508058      19.3959             15.6306             12.5958             10.1498             8.17963             6.5908              5.31169             4.28018             3.44924             2.77957             2.23979             1.80503             1.45443             1.17215             0.944527            0.761154            0.613379            0.494258            0.398322            0.320956            0.258661            0.208433            0.167966            0.135357            0.109069            0.0878991           0.070827            0.0570795           0.0459959           0.0370654           0.0298697           0.0240684           0.019397            0.0156297           0.0125959           0.0101501           0.0081793           0.00659146          0.00531122          0.0042804           0.00344909          0.00277957          0.00223987          0.00180494          0.00145456          0.00117204          0.000944569         0.000761128         0.000613376         0.000494282         0.000398301         0.000320984         0.000258635         0.000208441         0.000167962         0.000135355         0.000109075         8.78939e-05         7.08327e-05         5.70741e-05         4.59974e-05         3.70649e-05         2.98692e-05         2.40701e-05         1.93957e-05         1.56309e-05         1.25948e-05         1.01504e-05         8.17928e-06         6.59131e-06         5.31164e-06         4.28009e-06         3.44933e-06         2.77937e-06         2.23991e-06         1.80496e-06         1.45452e-06         1.17214e-06         9.44496e-07         7.61175e-07         6.13337e-07         4.94288e-07         3.98309e-07         3.20972e-07         2.58661e-07         2.08424e-07         1.67971e-07         1.35348e-07         1.09076e-07         8.78965e-08         7.08297e-08         5.70798e-08         4.59932e-08         3.70667e-08         2.9868e-08          2.40701e-08         
1       0.0120050806      0.0110025403         0.00220609798      19.3959             15.6306             12.5958             10.1498             8.17963             6.5908              5.31169             4.28018             3.44924             2.77957             2.23979             1.80503             1.45443             1.17215             0.944527            0.761154            0.613379            0.494258            0.398322            0.320956            0.258661            0.208433            0.167966            0.135357            0.109069            0.0878991           0.070827            0.0570795           0.0459959           0.0370654           0.0298697           0.0240684           0.019397            0.0156297           0.0125959           0.0101501           0.0081793           0.00659146          0.00531122          0.0042804           0.00344909          0.00277957          0.00223987          0.00180494          0.00145456          0.00117204          0.000944569         0.000761128         0.000613376         0.000494282         0.000398301         0.000320984         0.000258635         0.000208441         0.000167962         0.000135355         0.000109075         8.78939e-05         7.08327e-05         5.70741e-05         4.59974e-05         3.70649e-05         2.98692e-05         2.40701e-05         1.93957e-05         1.56309e-05         1.25948e-05         1.01504e-05         8.17928e-06         6.59131e-06         5.31164e-06         4.28009e-06         3.44933e-06         2.77937e-06         2.23991e-06         1.80496e-06         1.45452e-06         1.17214e-06         9.44496e-07         7.61175e-07         6.13337e-07         4.94288e-07         3.98309e-07         3.20972e-07         2.58661e-07         2.08424e-07         1.67971e-07         1.35348e-07         1.09076e-07         8.78965e-08         7.08297e-08         5.70798e-08         4.59932e-08         3.70667e-08         2.9868e-08          2.40701e-08         
2       0.014412196       0.0132086383         0.00264843841      19.3959             15.6306             12.5958             10.1498             8.17963             6.5908              5.31169             4.28018             3.44924             2.77957             2.23979             1.80503             1.45443             1.17215             0.944527            0.761154            0.613379            0.494258            0.398322            0.320956            0.258661            0.208433            0.167966            0.135357            0.109069            0.0878991           0.070827            0.0570795           0.0459959           0.0370654           0.0298697           0.0240684           0.019397            0.0156297           0.0125959           0.0101501           0.0081793           0.00659146          0.00531122          0.0042804           0.00344909          0.00277957          0.00223987          0.00180494          0.00145456          0.00117204          0.000944569         0.000761128         0.000613376         0.000494282         0.000398301         0.000320984         0.000258635         0.000208441         0.000167962         0.000135355         0.000109075         8.78939e-05         7.08327e-05         5.70741e-05         4.59974e-05         3.70649e-05         2.98692e-05         2.40701e-05         1.93957e-05         1.56309e-05         1.25948e-05         1.01504e-05         8.17928e-06         6.59131e-06         5.31164e-06         4.28009e-06         3.44933e-06         2.77937e-06         2.23991e-06         1.80496e-06         1.45452e-06         1.17214e-06         9.44496e-07         7.61175e-07         6.13337e-07         4.94288e-07         3.98309e-07         3.20972e-07         2.58661e-07         2.08424e-07         1.67971e-07         1.35348e-07         1.09076e-07         8.78965e-08         7.08297e-08         5.70798e-08         4.59932e-08         3.70667e-08         2.9868e-08          2.40701e-08         
3       0.0173019574      0.0158570767         0.00317947165      19.3959             15.6306             12.5958             10.1498             8.17963             6.5908              5.31169             4.28018             3.44924             2.77957             2.23979             1.80503             1.45443             1.17215             0.944527            0.761154            0.613379            0.494258            0.398322            0.320956            0.258661            0.208433            0.167966            0.135357            0.109069            0.0878991           0.070827            0.0570795           0.0459959           0.0370654           0.0298697           0.0240684           0.019397            0.0156297           0.0125959           0.0101501           0.0081793           0.00659146          0.00531122          0.0042804           0.00344909          0.00277957          0.00223987          0.00180494          0.00145456          0.00117204          0.000944569         0.000761128         0.000613376         0.000494282         0.000398301         0.000320984         0.000258635         0.000208441         0.000167962         0.000135355         0.000109075         8.78939e-05         7.08327e-05         5.70741e-05         4.59974e-05         3.70649e-05         2.98692e-05         2.40701e-05         1.93957e-05         1.56309e-05         1.25948e-05         1.01504e-05         8.17928e-06         6.59131e-06         5.31164e-06         4.28009e-06         3.44933e-06         2.77937e-06         2.23991e-06         1.80496e-06         1.45452e-06         1.17214e-06         9.44496e-07         7.61175e-07         6.13337e-07         4.94288e-07         3.98309e-07         3.20972e-07         2.58661e-07         2.08424e-07         1.67971e-07         1.35348e-07         1.09076e-07         8.78965e-08         7.08297e-08         5.70798e-08         4.59932e-08         3.70667e-08         2.9868e-08          2.40701e-08         
4       0.0207711393      0.0190365483         0.00381698133      19.3959             15.6306             12.5958             10.1498             8.17963             6.5908              5.31169             4.28018             3.44924             2.77957             2.23979             1.80503             1.45443             1.17215             0.944527            0.761154            0.613379            0.494258            0.398322            0.320956            0.258661            0.208433            0.167966            0.135357            0.109069            0.0878991           0.070827            0.0570795           0.0459959           0.0370654           0.0298697           0.0240684           0.019397            0.0156297           0.0125959           0.0101501           0.0081793           0.00659146          0.00531122          0.0042804           0.00344909          0.00277957          0.00223987          0.00180494          0.00145456          0.00117204          0.000944569         0.000761128         0.000613376         0.000494282         0.000398301         0.000320984         0.000258635         0.000208441         0.000167962         0.000135355         0.000109075         8.78939e-05         7.08327e-05         5.70741e-05         4.59974e-05         3.70649e-05         2.98692e-05         2.40701e-05         1.93957e-05         1.56309e-05         1.25948e-05         1.01504e-05         8.17928e-06         6.59131e-06         5.31164e-06         4.28009e-06         3.44933e-06         2.77937e-06         2.23991e-06         1.80496e-06         1.45452e-06         1.17214e-06         9.44496e-07         7.61175e-07         6.13337e-07         4.94288e-07         3.98309e-07         3.20972e-07         2.58661e-07         2.08424e-07         1.67971e-07         1.35348e-07         1.09076e-07         8.78965e-08         7.08297e-08         5.70798e-08         4.59932e-08         3.70667e-08         2.9868e-08          2.40701e-08         
5       0.02493592        0.0228535297         0.00458231684      19.3959             15.6306             12.5958             10.1498             8.17963             6.5908              5.31169             4.28018             3.44924             2.77957             2.23979             1.80503             1.45443             1.17215             0.944527            0.761154            0.613379            0.494258            0.398322            0.320956            0.258661            0.208433            0.167966            0.135357            0.109069            0.0878991           0.070827            0.0570795           0.0459959           0.0370654           0.0298697           0.0240684           0.019397            0.0156297           0.0125959           0.0101501           0.0081793           0.00659146          0.00531122          0.0042804           0.00344909          0.00277957          0.00223987          0.00180494          0.00145456          0.00117204          0.000944569         0.000761128         0.000613376         0.000494282         0.000398301         0.000320984         0.000258635         0.000208441         0.000167962         0.000135355         0.000109075         8.78939e-05         7.08327e-05         5.70741e-05         4.59974e-05         3.70649e-05         2.98692e-05         2.40701e-05         1.93957e-05         1.56309e-05         1.25948e-05         1.01504e-05         8.17928e-06         6.59131e-06         5.31164e-06         4.28009e-06         3.44933e-06         2.77937e-06         2.23991e-06         1.80496e-06         1.45452e-06         1.17214e-06         9.44496e-07         7.61175e-07         6.13337e-07         4.94288e-07         3.98309e-07         3.20972e-07         2.58661e-07         2.08424e-07         1.67971e-07         1.35348e-07         1.09076e-07         8.78965e-08         7.08297e-08         5.70798e-08         4.59932e-08         3.70667e-08         2.9868e-08          2.40701e-08         
6       0.0299357729      0.0274358465         0.00550110829      19.3959             15.6306             12.5958             10.1498             8.17963             6.5908              5.31169             4.28018             3.44924             2.77957             2.23979             1.80503             1.45443             1.17215             0.944527            0.761154            0.613379            0.494258            0.398322            0.320956            0.258661            0.208433            0.167966            0.135357            0.109069            0.0878991           0.070827            0.0570795           0.0459959           0.0370654           0.0298697           0.0240684           0.019397            0.0156297           0.0125959           0.0101501           0.0081793           0.00659146          0.00531122          0.0042804           0.00344909          0.00277957          0.00223987          0.00180494          0.00145456          0.00117204          0.000944569         0.000761128         0.000613376         0.000494282         0.000398301         0.000320984         0.000258635         0.000208441         0.000167962         0.000135355         0.000109075         8.78939e-05         7.08327e-05         5.70741e-05         4.59974e-05         3.70649e-05         2.98692e-05         2.40701e-05         1.93957e-05         1.56309e-05         1.25948e-05         1.01504e-05         8.17928e-06         6.59131e-06         5.31164e-06         4.28009e-06         3.44933e-06         2.77937e-06         2.23991e-06         1.80496e-06         1.45452e-06         1.17214e-06         9.44496e-07         7.61175e-07         6.13337e-07         4.94288e-07         3.98309e-07         3.20972e-07         2.58661e-07         2.08424e-07         1.67971e-07         1.35348e-07         1.09076e-07         8.78965e-08         7.08297e-08         5.70798e-08         4.59932e-08         3.70667e-08         2.9868e-08          2.40701e-08         
7       0.0359381366      0.0329369548         0.00660412483      19.3959             15.6306             12.5958             10.1498             8.17963             6.5908              5.31169             4.28018             3.44924             2.77957             2.23979             1.80503             1.45443             1.17215             0.944527            0.761154            0.613379            0.494258            0.398322            0.320956            0.258661            0.208433            0.167966            0.135357            0.109069            0.0878991           0.070827            0.0570795           0.0459959           0.0370654           0.0298697           0.0240684           0.019397            0.0156297           0.0125959           0.0101501           0.0081793           0.00659146          0.00531122          0.0042804           0.00344909          0.00277957          0.00223987          0.00180494          0.00145456          0.00117204          0.000944569         0.000761128         0.000613376         0.000494282         0.000398301         0.000320984         0.000258635         0.000208441         0.000167962         0.000135355         0.000109075         8.78939e-05         7.08327e-05         5.70741e-05         4.59974e-05         3.70649e-05         2.98692e-05         2.40701e-05         1.93957e-05         1.56309e-05         1.25948e-05         1.01504e-05         8.17928e-06         6.59131e-06         5.31164e-06         4.28009e-06         3.44933e-06         2.77937e-06         2.23991e-06         1.80496e-06         1.45452e-06         1.17214e-06         9.44496e-07         7.61175e-07         6.13337e-07         4.94288e-07         3.98309e-07         3.20972e-07         2.58661e-07         2.08424e-07         1.67971e-07         1.35348e-07         1.09076e-07         8.78965e-08         7.08297e-08         5.70798e-08         4.59932e-08         3.70667e-08         2.9868e-08          2.40701e-08         
8       0.0431440226      0.0395410796         0.00792830508      19.3959             15.6306             12.5958             10.1498             8.17963             6.5908              5.31169             4.28018             3.44924             2.77957             2.23979             1.80503             1.45443             1.17215             0.944527            0.761154            0.613379            0.494258            0.398322            0.320956            0.258661            0.208433            0.167966            0.135357            0.109069            0.0878991           0.070827            0.0570795           0.0459959           0.0370654           0.0298697           0.0240684           0.019397            0.0156297           0.0125959           0.0101501           0.0081793           0.00659146          0.00531122          0.0042804           0.00344909          0.00277957          0.00223987          0.00180494          0.00145456          0.00117204          0.000944569         0.000761128         0.000613376         0.000494282         0.000398301         0.000320984         0.000258635         0.000208441         0.000167962         0.000135355         0.000109075         8.78939e-05         7.08327e-05         5.70741e-05         4.59974e-05         3.70649e-05         2.98692e-05         2.40701e-05         1.93957e-05         1.56309e-05         1.25948e-05         1.01504e-05         8.17928e-06         6.59131e-06         5.31164e-06         4.28009e-06         3.44933e-06         2.77937e-06         2.23991e-06         1.80496e-06         1.45452e-06         1.17214e-06         9.44496e-07         7.61175e-07         6.13337e-07         4.94288e-07         3.98309e-07         3.20972e-07         2.58661e-07         2.08424e-07         1.67971e-07         1.35348e-07         1.09076e-07         8.78965e-08         7.08297e-08         5.70798e-08         4.59932e-08         3.70667e-08         2.9868e-08          2.40701e-08         
9       0.0517947468      0.0474693847         0.00951799413      19.3959             15.6306             12.5958             10.1498             8.17963             6.5908              5.31169             4.28018             3.44924             2.77957             2.23979             1.80503             1.45443             1.17215             0.944527            0.761154            0.613379            0.494258            0.398322            0.320956            0.258661            0.208433            0.167966            0.135357            0.109069            0.0878991           0.070827            0.0570795           0.0459959           0.0370654           0.0298697           0.0240684           0.019397            0.0156297           0.0125959           0.0101501           0.0081793           0.00659146          0.00531122          0.0042804           0.00344909          0.00277957          0.00223987          0.00180494          0.00145456          0.00117204          0.000944569         0.000761128         0.000613376         0.000494282         0.000398301         0.000320984         0.000258635         0.000208441         0.000167962         0.000135355         0.000109075         8.78939e-05         7.08327e-05         5.70741e-05         4.59974e-05         3.70649e-05         2.98692e-05         2.40701e-05         1.93957e-05         1.56309e-05         1.25948e-05         1.01504e-05         8.17928e-06         6.59131e-06         5.31164e-06         4.28009e-06         3.44933e-06         2.77937e-06         2.23991e-06         1.80496e-06         1.45452e-06         1.17214e-06         9.44496e-07         7.61175e-07         6.13337e-07         4.94288e-07         3.98309e-07         3.20972e-07         2.58661e-07         2.08424e-07         1.67971e-07         1.35348e-07         1.09076e-07         8.78965e-08         7.08297e-08         5.70798e-08         4.59932e-08         3.70667e-08         2.9868e-08          2.40701e-08         
10      0.0621800109      0.0569873788         0.0114264286       19.3959             15.6306             12.5958             10.1498             8.17963             6.5908              5.31169             4.28018             3.44924             2.77957             2.23979             1.80503             1.45443             1.17215             0.944527            0.761154            0.613379            0.494258            0.398322            0.320956            0.258661            0.208433            0.167966            0.135357            0.109069            0.0878991           0.070827            0.0570795           0.0459959           0.0370654           0.0298697           0.0240684           0.019397            0.0156297           0.0125959           0.0101501           0.0081793           0.00659146          0.00531122          0.0042804           0.00344909          0.00277957          0.00223987          0.00180494          0.00145456          0.00117204          0.000944569         0.000761128         0.000613376         0.000494282         0.000398301         0.000320984         0.000258635         0.000208441         0.000167962         0.000135355         0.000109075         8.78939e-05         7.08327e-05         5.70741e-05         4.59974e-05         3.70649e-05         2.98692e-05         2.40701e-05         1.93957e-05         1.56309e-05         1.25948e-05         1.01504e-05         8.17928e-06         6.59131e-06         5.31164e-06         4.28009e-06         3.44933e-06         2.77937e-06         2.23991e-06         1.80496e-06         1.45452e-06         1.17214e-06         9.44496e-07         7.61175e-07         6.13337e-07         4.94288e-07         3.98309e-07         3.20972e-07         2.58661e-07         2.08424e-07         1.67971e-07         1.35348e-07         1.09076e-07         8.78965e-08         7.08297e-08         5.70798e-08         4.59932e-08         3.70667e-08         2.9868e-08          2.40701e-08         
11      0.0746476041      0.0684138075         0.0137175197       19.3959             15.6306             12.5958             10.1498             8.17963             6.5908              5.31169             4.28018             3.44924             2.77957             2.23979             1.80503             1.45443             1.17215             0.944527            0.761154            0.613379            0.494258            0.398322            0.320956            0.258661            0.208433            0.167966            0.135357            0.109069            0.0878991           0.070827            0.0570795           0.0459959           0.0370654           0.0298697           0.0240684           0.019397            0.0156297           0.0125959           0.0101501           0.0081793           0.00659146          0.00531122          0.0042804           0.00344909          0.00277957          0.00223987          0.00180494          0.00145456          0.00117204          0.000944569         0.000761128         0.000613376         0.000494282         0.000398301         0.000320984         0.000258635         0.000208441         0.000167962         0.000135355         0.000109075         8.78939e-05         7.08327e-05         5.70741e-05         4.59974e-05         3.70649e-05         2.98692e-05         2.40701e-05         1.93957e-05         1.56309e-05         1.25948e-05         1.01504e-05         8.17928e-06         6.59131e-06         5.31164e-06         4.28009e-06         3.44933e-06         2.77937e-06         2.23991e-06         1.80496e-06         1.45452e-06         1.17214e-06         9.44496e-07         7.61175e-07         6.13337e-07         4.94288e-07         3.98309e-07         3.20972e-07         2.58661e-07         2.08424e-07         1.67971e-07         1.35348e-07         1.09076e-07         8.78965e-08         7.08297e-08         5.70798e-08         4.59932e-08         3.70667e-08         2.9868e-08          2.40701e-08         
12      0.0896150502      0.0821313271         0.0164679929       19.3959             15.6306             12.5958             10.1498             8.17963             6.5908              5.31169             4.28018             3.44924             2.77957             2.23979             1.80503             1.45443             1.17215             0.944527            0.761154            0.613379            0.494258            0.398322            0.320956            0.258661            0.208433            0.167966            0.135357            0.109069            0.0878991           0.070827            0.0570795           0.0459959           0.0370654           0.0298697           0.0240684           0.019397            0.0156297           0.0125959           0.0101501           0.0081793           0.00659146          0.00531122          0.0042804           0.00344909          0.00277957          0.00223987          0.00180494          0.00145456          0.00117204          0.000944569         0.000761128         0.000613376         0.000494282         0.000398301         0.000320984         0.000258635         0.000208441         0.000167962         0.000135355         0.000109075         8.78939e-05         7.08327e-05         5.70741e-05         4.59974e-05         3.70649e-05         2.98692e-05         2.40701e-05         1.93957e-05         1.56309e-05         1.25948e-05         1.01504e-05         8.17928e-06         6.59131e-06         5.31164e-06         4.28009e-06         3.44933e-06         2.77937e-06         2.23991e-06         1.80496e-06         1.45452e-06         1.17214e-06         9.44496e-07         7.61175e-07         6.13337e-07         4.94288e-07         3.98309e-07         3.20972e-07         2.58661e-07         2.08424e-07         1.67971e-07         1.35348e-07         1.09076e-07         8.78965e-08         7.08297e-08         5.70798e-08         4.59932e-08         3.70667e-08         2.9868e-08          2.40701e-08         
13      0.10758359        0.09859932           0.0197699582       19.3959             15.6306             12.5958             10.1498             8.17963             6.5908              5.31169             4.28018             3.44924             2.77957             2.23979             1.80503             1.45443             1.17215             0.944527            0.761154            0.613379            0.494258            0.398322            0.320956            0.258661            0.208433            0.167966            0.135357            0.109069            0.0878991           0.070827            0.0570795           0.0459959           0.0370654           0.0298697           0.0240684           0.019397            0.0156297           0.0125959           0.0101501           0.0081793           0.00659146          0.00531122          0.0042804           0.00344909          0.00277957          0.00223987          0.00180494          0.00145456          0.00117204          0.000944569         0.000761128         0.000613376         0.000494282         0.000398301         0.000320984         0.000258635         0.000208441         0.000167962         0.000135355         0.000109075         8.78939e-05         7.08327e-05         5.70741e-05         4.59974e-05         3.70649e-05         2.98692e-05         2.40701e-05         1.93957e-05         1.56309e-05         1.25948e-05         1.01504e-05         8.17928e-06         6.59131e-06         5.31164e-06         4.28009e-06         3.44933e-06         2.77937e-06         2.23991e-06         1.80496e-06         1.45452e-06         1.17214e-06         9.44496e-07         7.61175e-07         6.13337e-07         4.94288e-07         3.98309e-07         3.20972e-07         2.58661e-07         2.08424e-07         1.67971e-07         1.35348e-07         1.09076e-07         8.78965e-08         7.08297e-08         5.70798e-08         4.59932e-08         3.70667e-08         2.9868e-08          2.40701e-08         
14      0.129154967       0.118369278          0.0237339941       19.3959             15.6306             12.5958             10.1498             8.17963             6.5908              5.31169             4.28018             3.44924             2.77957             2.23979             1.80503             1.45443             1.17215             0.944527            0.761154            0.613379            0.494258            0.398322            0.320956            0.258661            0.208433            0.167966            0.135357            0.109069            0.0878991           0.070827            0.0570795           0.0459959           0.0370654           0.0298697           0.0240684           0.019397            0.0156297           0.0125959           0.0101501           0.0081793           0.00659146          0.00531122          0.0042804           0.00344909          0.00277957          0.00223987          0.00180494          0.00145456          0.00117204          0.000944569         0.000761128         0.000613376         0.000494282         0.000398301         0.000320984         0.000258635         0.000208441         0.000167962         0.000135355         0.000109075         8.78939e-05         7.08327e-05         5.70741e-05         4.59974e-05         3.70649e-05         2.98692e-05         2.40701e-05         1.93957e-05         1.56309e-05         1.25948e-05         1.01504e-05         8.17928e-06         6.59131e-06         5.31164e-06         4.28009e-06         3.44933e-06         2.77937e-06         2.23991e-06         1.80496e-06         1.45452e-06         1.17214e-06         9.44496e-07         7.61175e-07         6.13337e-07         4.94288e-07         3.98309e-07         3.20972e-07         2.58661e-07         2.08424e-07         1.67971e-07         1.35348e-07         1.09076e-07         8.78965e-08         7.08297e-08         5.70798e-08         4.59932e-08         3.70667e-08         2.9868e-08          2.40701e-08         
15      0.155051578       0.142103272          0.0284928511       19.3959             15.6306             12.5958             10.1498             8.17963             6.5908              5.31169             4.28018             3.44924             2.77957             2.23979             1.80503             1.45443             1.17215             0.944527            0.761154            0.613379            0.494258            0.398322            0.320956            0.258661            0.208433            0.167966            0.135357            0.109069            0.0878991           0.070827            0.0570795           0.0459959           0.0370654           0.0298697           0.0240684           0.019397            0.0156297           0.0125959           0.0101501           0.0081793           0.00659146          0.00531122          0.0042804           0.00344909          0.00277957          0.00223987          0.00180494          0.00145456          0.00117204          0.000944569         0.000761128         0.000613376         0.000494282         0.000398301         0.000320984         0.000258635         0.000208441         0.000167962         0.000135355         0.000109075         8.78939e-05         7.08327e-05         5.70741e-05         4.59974e-05         3.70649e-05         2.98692e-05         2.40701e-05         1.93957e-05         1.56309e-05         1.25948e-05         1.01504e-05         8.17928e-06         6.59131e-06         5.31164e-06         4.28009e-06         3.44933e-06         2.77937e-06         2.23991e-06         1.80496e-06         1.45452e-06         1.17214e-06         9.44496e-07         7.61175e-07         6.13337e-07         4.94288e-07         3.98309e-07         3.20972e-07         2.58661e-07         2.08424e-07         1.67971e-07         1.35348e-07         1.09076e-07         8.78965e-08         7.08297e-08         5.70798e-08         4.59932e-08         3.70667e-08         2.9868e-08          2.40701e-08         
16      0.186140669       0.170596123          0.0342058974       19.3959             15.6306             12.5958             10.1498             8.17963             6.5908              5.31169             4.28018             3.44924             2.77957             2.23979             1.80503             1.45443             1.17215             0.944527            0.761154            0.613379            0.494258            0.398322            0.320956            0.258661            0.208433            0.167966            0.135357            0.109069            0.0878991           0.070827            0.0570795           0.0459959           0.0370654           0.0298697           0.0240684           0.019397            0.0156297           0.0125959           0.0101501           0.0081793           0.00659146          0.00531122          0.0042804           0.00344909          0.00277957          0.00223987          0.00180494          0.00145456          0.00117204          0.000944569         0.000761128         0.000613376         0.000494282         0.000398301         0.000320984         0.000258635         0.000208441         0.000167962         0.000135355         0.000109075         8.78939e-05         7.08327e-05         5.70741e-05         4.59974e-05         3.70649e-05         2.98692e-05         2.40701e-05         1.93957e-05         1.56309e-05         1.25948e-05         1.01504e-05         8.17928e-06         6.59131e-06         5.31164e-06         4.28009e-06         3.44933e-06         2.77937e-06         2.23991e-06         1.80496e-06         1.45452e-06         1.17214e-06         9.44496e-07         7.61175e-07         6.13337e-07         4.94288e-07         3.98309e-07         3.20972e-07         2.58661e-07         2.08424e-07         1.67971e-07         1.35348e-07         1.09076e-07         8.78965e-08         7.08297e-08         5.70798e-08         4.59932e-08         3.70667e-08         2.9868e-08          2.40701e-08         
17      0.223463373       0.204802021          0.0410644554       19.3959             15.6306             12.5958             10.1498             8.17963             6.5908              5.31169             4.28018             3.44924             2.77957             2.23979             1.80503             1.45443             1.17215             0.944527            0.761154            0.613379            0.494258            0.398322            0.320956            0.258661            0.208433            0.167966            0.135357            0.109069            0.0878991           0.070827            0.0570795           0.0459959           0.0370654           0.0298697           0.0240684           0.019397            0.0156297           0.0125959           0.0101501           0.0081793           0.00659146          0.00531122          0.0042804           0.00344909          0.00277957          0.00223987          0.00180494          0.00145456          0.00117204          0.000944569         0.000761128         0.000613376         0.000494282         0.000398301         0.000320984         0.000258635         0.000208441         0.000167962         0.000135355         0.000109075         8.78939e-05         7.08327e-05         5.70741e-05         4.59974e-05         3.70649e-05         2.98692e-05         2.40701e-05         1.93957e-05         1.56309e-05         1.25948e-05         1.01504e-05         8.17928e-06         6.59131e-06         5.31164e-06         4.28009e-06         3.44933e-06         2.77937e-06         2.23991e-06         1.80496e-06         1.45452e-06         1.17214e-06         9.44496e-07         7.61175e-07         6.13337e-07         4.94288e-07         3.98309e-07         3.20972e-07         2.58661e-07         2.08424e-07         1.67971e-07         1.35348e-07         1.09076e-07         8.78965e-08         7.08297e-08         5.70798e-08         4.59932e-08         3.70667e-08         2.9868e-08          2.40701e-08         
18      0.26826958        0.245866476          0.0492982096       19.3959             15.6306             12.5958             10.1498             8.17963             6.5908              5.31169             4.28018             3.44924             2.77957             2.23979             1.80503             1.45443             1.17215             0.944527            0.761154            0.613379            0.494258            0.398322            0.320956            0.258661            0.208433            0.167966            0.135357            0.109069            0.0878991           0.070827            0.0570795           0.0459959           0.0370654           0.0298697           0.0240684           0.019397            0.0156297           0.0125959           0.0101501           0.0081793           0.00659146          0.00531122          0.0042804           0.00344909          0.00277957          0.00223987          0.00180494          0.00145456          0.00117204          0.000944569         0.000761128         0.000613376         0.000494282         0.000398301         0.000320984         0.000258635         0.000208441         0.000167962         0.000135355         0.000109075         8.78939e-05         7.08327e-05         5.70741e-05         4.59974e-05         3.70649e-05         2.98692e-05         2.40701e-05         1.93957e-05         1.56309e-05         1.25948e-05         1.01504e-05         8.17928e-06         6.59131e-06         5.31164e-06         4.28009e-06         3.44933e-06         2.77937e-06         2.23991e-06         1.80496e-06         1.45452e-06         1.17214e-06         9.44496e-07         7.61175e-07         6.13337e-07         4.94288e-07         3.98309e-07         3.20972e-07         2.58661e-07         2.08424e-07         1.67971e-07         1.35348e-07         1.09076e-07         8.78965e-08         7.08297e-08         5.70798e-08         4.59932e-08         3.70667e-08         2.9868e-08          2.40701e-08         
19      0.322059792       0.295164686          0.0591828978       19.3959             15.6306             12.5958             10.1498             8.17963             6.5908              5.31169             4.28018             3.44924             2.77957             2.23979             1.80503             1.45443             1.17215             0.944527            0.761154            0.613379            0.494258            0.398322            0.320956            0.258661            0.208433            0.167966            0.135357            0.109069            0.0878991           0.070827            0.0570795           0.0459959           0.0370654           0.0298697           0.0240684           0.019397            0.0156297           0.0125959           0.0101501           0.0081793           0.00659146          0.00531122          0.0042804           0.00344909          0.00277957          0.00223987          0.00180494          0.00145456          0.00117204          0.000944569         0.000761128         0.000613376         0.000494282         0.000398301         0.000320984         0.000258635         0.000208441         0.000167962         0.000135355         0.000109075         8.78939e-05         7.08327e-05         5.70741e-05         4.59974e-05         3.70649e-05         2.98692e-05         2.40701e-05         1.93957e-05         1.56309e-05         1.25948e-05         1.01504e-05         8.17928e-06         6.59131e-06         5.31164e-06         4.28009e-06         3.44933e-06         2.77937e-06         2.23991e-06         1.80496e-06         1.45452e-06         1.17214e-06         9.44496e-07         7.61175e-07         6.13337e-07         4.94288e-07         3.98309e-07         3.20972e-07         2.58661e-07         2.08424e-07         1.67971e-07         1.35348e-07         1.09076e-07         8.78965e-08         7.08297e-08         5.70798e-08         4.59932e-08         3.70667e-08         2.9868e-08          2.40701e-08         
20      0.386635375       0.354347584          0.0710495457       19.3959             15.6306             12.5958             10.1498             8.17963             6.5908              5.31169             4.28018             3.44924             2.77957             2.23979             1.80503             1.45443             1.17215             0.944527            0.761154            0.613379            0.494258            0.398322            0.320956            0.258661            0.208433            0.167966            0.135357            0.109069            0.0878991           0.070827            0.0570795           0.0459959           0.0370654           0.0298697           0.0240684           0.019397            0.0156297           0.0125959           0.0101501           0.0081793           0.00659146          0.00531122          0.0042804           0.00344909          0.00277957          0.00223987          0.00180494          0.00145456          0.00117204          0.000944569         0.000761128         0.000613376         0.000494282         0.000398301         0.000320984         0.000258635         0.000208441         0.000167962         0.000135355         0.000109075         8.78939e-05         7.08327e-05         5.70741e-05         4.59974e-05         3.70649e-05         2.98692e-05         2.40701e-05         1.93957e-05         1.56309e-05         1.25948e-05         1.01504e-05         8.17928e-06         6.59131e-06         5.31164e-06         4.28009e-06         3.44933e-06         2.77937e-06         2.23991e-06         1.80496e-06         1.45452e-06         1.17214e-06         9.44496e-07         7.61175e-07         6.13337e-07         4.94288e-07         3.98309e-07         3.20972e-07         2.58661e-07         2.08424e-07         1.67971e-07         1.35348e-07         1.09076e-07         8.78965e-08         7.08297e-08         5.70798e-08         4.59932e-08         3.70667e-08         2.9868e-08          2.40701e-08         
21      0.464158883       0.425397129          0.0852955522       19.3959             15.6306             12.5958             10.1498             8.17963             6.5908              5.31169             4.28018             3.44924             2.77957             2.23979             1.80503             1.45443             1.17215             0.944527            0.761154            0.613379            0.494258            0.398322            0.320956            0.258661            0.208433            0.167966            0.135357            0.109069            0.0878991           0.070827            0.0570795           0.0459959           0.0370654           0.0298697           0.0240684           0.019397            0.0156297           0.0125959           0.0101501           0.0081793           0.00659146          0.00531122          0.0042804           0.00344909          0.00277957          0.00223987          0.00180494          0.00145456          0.00117204          0.000944569         0.000761128         0.000613376         0.000494282         0.000398301         0.000320984         0.000258635         0.000208441         0.000167962         0.000135355         0.000109075         8.78939e-05         7.08327e-05         5.70741e-05         4.59974e-05         3.70649e-05         2.98692e-05         2.40701e-05         1.93957e-05         1.56309e-05         1.25948e-05         1.01504e-05         8.17928e-06         6.59131e-06         5.31164e-06         4.28009e-06         3.44933e-06         2.77937e-06         2.23991e-06         1.80496e-06         1.45452e-06         1.17214e-06         9.44496e-07         7.61175e-07         6.13337e-07         4.94288e-07         3.98309e-07         3.20972e-07         2.58661e-07         2.08424e-07         1.67971e-07         1.35348e-07         1.09076e-07         8.78965e-08         7.08297e-08         5.70798e-08         4.59932e-08         3.70667e-08         2.9868e-08          2.40701e-08         
22      0.55722648        0.510692681          0.102397998        19.3959             15.6306             12.5958             10.1498             8.17963             6.5908              5.31169             4.28018             3.44924             2.77957             2.23979             1.80503             1.45443             1.17215             0.944527            0.761154            0.613379            0.494258            0.398322            0.320956            0.258661            0.208433            0.167966            0.135357            0.109069            0.0878991           0.070827            0.0570795           0.0459959           0.0370654           0.0298697           0.0240684           0.019397            0.0156297           0.0125959           0.0101501           0.0081793           0.00659146          0.00531122          0.0042804           0.00344909          0.00277957          0.00223987          0.00180494          0.00145456          0.00117204          0.000944569         0.000761128         0.000613376         0.000494282         0.000398301         0.000320984         0.000258635         0.000208441         0.000167962         0.000135355         0.000109075         8.78939e-05         7.08327e-05         5.70741e-05         4.59974e-05         3.70649e-05         2.98692e-05         2.40701e-05         1.93957e-05         1.56309e-05         1.25948e-05         1.01504e-05         8.17928e-06         6.59131e-06         5.31164e-06         4.28009e-06         3.44933e-06         2.77937e-06         2.23991e-06         1.80496e-06         1.45452e-06         1.17214e-06         9.44496e-07         7.61175e-07         6.13337e-07         4.94288e-07         3.98309e-07         3.20972e-07         2.58661e-07         2.08424e-07         1.67971e-07         1.35348e-07         1.09076e-07         8.78965e-08         7.08297e-08         5.70798e-08         4.59932e-08         3.70667e-08         2.9868e-08          2.40701e-08         
23      0.668954879       0.613090679          0.122929621        19.3959             15.6306             12.5958             10.1498             8.17963             6.5908              5.31169             4.28018             3.44924             2.77957             2.23979             1.80503             1.45443             1.17215             0.944527            0.761154            0.613379            0.494258            0.398322            0.320956            0.258661            0.208433            0.167966            0.135357            0.109069            0.0878991           0.070827            0.0570795           0.0459959           0.0370654           0.0298697           0.0240684           0.019397            0.0156297           0.0125959           0.0101501           0.0081793           0.00659146          0.00531122          0.0042804           0.00344909          0.00277957          0.00223987          0.00180494          0.00145456          0.00117204          0.000944569         0.000761128         0.000613376         0.000494282         0.000398301         0.000320984         0.000258635         0.000208441         0.000167962         0.000135355         0.000109075         8.78939e-05         7.08327e-05         5.70741e-05         4.59974e-05         3.70649e-05         2.98692e-05         2.40701e-05         1.93957e-05         1.56309e-05         1.25948e-05         1.01504e-05         8.17928e-06         6.59131e-06         5.31164e-06         4.28009e-06         3.44933e-06         2.77937e-06         2.23991e-06         1.80496e-06         1.45452e-06         1.17214e-06         9.44496e-07         7.61175e-07         6.13337e-07         4.94288e-07         3.98309e-07         3.20972e-07         2.58661e-07         2.08424e-07         1.67971e-07         1.35348e-07         1.09076e-07         8.78965e-08         7.08297e-08         5.70798e-08         4.59932e-08         3.70667e-08         2.9868e-08          2.40701e-08         
24      0.803085722       0.7360203            0.147578001        19.3959             15.6306             12.5958             10.1498             8.17963             6.5908              5.31169             4.28018             3.44924             2.77957             2.23979             1.80503             1.45443             1.17215             0.944527            0.761154            0.613379            0.494258            0.398322            0.320956            0.258661            0.208433            0.167966            0.135357            0.109069            0.0878991           0.070827            0.0570795           0.0459959           0.0370654           0.0298697           0.0240684           0.019397            0.0156297           0.0125959           0.0101501           0.0081793           0.00659146          0.00531122          0.0042804           0.00344909          0.00277957          0.00223987          0.00180494          0.00145456          0.00117204          0.000944569         0.000761128         0.000613376         0.000494282         0.000398301         0.000320984         0.000258635         0.000208441         0.000167962         0.000135355         0.000109075         8.78939e-05         7.08327e-05         5.70741e-05         4.59974e-05         3.70649e-05         2.98692e-05         2.40701e-05         1.93957e-05         1.56309e-05         1.25948e-05         1.01504e-05         8.17928e-06         6.59131e-06         5.31164e-06         4.28009e-06         3.44933e-06         2.77937e-06         2.23991e-06         1.80496e-06         1.45452e-06         1.17214e-06         9.44496e-07         7.61175e-07         6.13337e-07         4.94288e-07         3.98309e-07         3.20972e-07         2.58661e-07         2.08424e-07         1.67971e-07         1.35348e-07         1.09076e-07         8.78965e-08         7.08297e-08         5.70798e-08         4.59932e-08         3.70667e-08         2.9868e-08          2.40701e-08         
25      0.96411088        0.883598301          0.177168579        19.3959             15.6306             12.5958             10.1498             8.17963             6.5908              5.31169             4.28018             3.44924             2.77957             2.23979             1.80503             1.45443             1.17215             0.944527            0.761154            0.613379            0.494258            0.398322            0.320956            0.258661            0.208433            0.167966            0.135357            0.109069            0.0878991           0.070827            0.0570795           0.0459959           0.0370654           0.0298697           0.0240684           0.019397            0.0156297           0.0125959           0.0101501           0.0081793           0.00659146          0.00531122          0.0042804           0.00344909          0.00277957          0.00223987          0.00180494          0.00145456          0.00117204          0.000944569         0.000761128         0.000613376         0.000494282         0.000398301         0.000320984         0.000258635         0.000208441         0.000167962         0.000135355         0.000109075         8.78939e-05         7.08327e-05         5.70741e-05         4.59974e-05         3.70649e-05         2.98692e-05         2.40701e-05         1.93957e-05         1.56309e-05         1.25948e-05         1.01504e-05         8.17928e-06         6.59131e-06         5.31164e-06         4.28009e-06         3.44933e-06         2.77937e-06         2.23991e-06         1.80496e-06         1.45452e-06         1.17214e-06         9.44496e-07         7.61175e-07         6.13337e-07         4.94288e-07         3.98309e-07         3.20972e-07         2.58661e-07         2.08424e-07         1.67971e-07         1.35348e-07         1.09076e-07         8.78965e-08         7.08297e-08         5.70798e-08         4.59932e-08         3.70667e-08         2.9868e-08          2.40701e-08         
26      1.15742288        1.06076688           0.212692307        19.3959             15.6306             12.5958             10.1498             8.17963             6.5908              5.31169             4.28018             3.44924             2.77957             2.23979             1.80503             1.45443             1.17215             0.944527            0.761154            0.613379            0.494258            0.398322            0.320956            0.258661            0.208433            0.167966            0.135357            0.109069            0.0878991           0.070827            0.0570795           0.0459959           0.0370654           0.0298697           0.0240684           0.019397            0.0156297           0.0125959           0.0101501           0.0081793           0.00659146          0.00531122          0.0042804           0.00344909          0.00277957          0.00223987          0.00180494          0.00145456          0.00117204          0.000944569         0.000761128         0.000613376         0.000494282         0.000398301         0.000320984         0.000258635         0.000208441         0.000167962         0.000135355         0.000109075         8.78939e-05         7.08327e-05         5.70741e-05         4.59974e-05         3.70649e-05         2.98692e-05         2.40701e-05         1.93957e-05         1.56309e-05         1.25948e-05         1.01504e-05         8.17928e-06         6.59131e-06         5.31164e-06         4.28009e-06         3.44933e-06         2.77937e-06         2.23991e-06         1.80496e-06         1.45452e-06         1.17214e-06         9.44496e-07         7.61175e-07         6.13337e-07         4.94288e-07         3.98309e-07         3.20972e-07         2.58661e-07         2.08424e-07         1.67971e-07         1.35348e-07         1.09076e-07         8.78965e-08         7.08297e-08         5.70798e-08         4.59932e-08         3.70667e-08         2.9868e-08          2.40701e-08         
27      1.38949549        1.27345919           0.255338828        19.3959             15.6306             12.5958             10.1498             8.17963             6.5908              5.31169             4.28018             3.44924             2.77957             2.23979             1.80503             1.45443             1.17215             0.944527            0.761154            0.613379            0.494258            0.398322            0.320956            0.258661            0.208433            0.167966            0.135357            0.109069            0.0878991           0.070827            0.0570795           0.0459959           0.0370654           0.0298697           0.0240684           0.019397            0.0156297           0.0125959           0.0101501           0.0081793           0.00659146          0.00531122          0.0042804           0.00344909          0.00277957          0.00223987          0.00180494          0.00145456          0.00117204          0.000944569         0.000761128         0.000613376         0.000494282         0.000398301         0.000320984         0.000258635         0.000208441         0.000167962         0.000135355         0.000109075         8.78939e-05         7.08327e-05         5.70741e-05         4.59974e-05         3.70649e-05         2.98692e-05         2.40701e-05         1.93957e-05         1.56309e-05         1.25948e-05         1.01504e-05         8.17928e-06         6.59131e-06         5.31164e-06         4.28009e-06         3.44933e-06         2.77937e-06         2.23991e-06         1.80496e-06         1.45452e-06         1.17214e-06         9.44496e-07         7.61175e-07         6.13337e-07         4.94288e-07         3.98309e-07         3.20972e-07         2.58661e-07         2.08424e-07         1.67971e-07         1.35348e-07         1.09076e-07         8.78965e-08         7.08297e-08         5.70798e-08         4.59932e-08         3.70667e-08         2.9868e-08          2.40701e-08         
28      1.66810054        1.52879802           0.306536321        19.3959             15.6306             12.5958             10.1498             8.17963             6.5908              5.31169             4.28018             3.44924             2.77957             2.23979             1.80503             1.45443             1.17215             0.944527            0.761154            0.613379            0.494258            0.398322            0.320956            0.258661            0.208433            0.167966            0.135357            0.109069            0.0878991           0.070827            0.0570795           0.0459959           0.0370654           0.0298697           0.0240684           0.019397            0.0156297           0.0125959           0.0101501           0.0081793           0.00659146          0.00531122          0.0042804           0.00344909          0.00277957          0.00223987          0.00180494          0.00145456          0.00117204          0.000944569         0.000761128         0.000613376         0.000494282         0.000398301         0.000320984         0.000258635         0.000208441         0.000167962         0.000135355         0.000109075         8.78939e-05         7.08327e-05         5.70741e-05         4.59974e-05         3.70649e-05         2.98692e-05         2.40701e-05         1.93957e-05         1.56309e-05         1.25948e-05         1.01504e-05         8.17928e-06         6.59131e-06         5.31164e-06         4.28009e-06         3.44933e-06         2.77937e-06         2.23991e-06         1.80496e-06         1.45452e-06         1.17214e-06         9.44496e-07         7.61175e-07         6.13337e-07         4.94288e-07         3.98309e-07         3.20972e-07         2.58661e-07         2.08424e-07         1.67971e-07         1.35348e-07         1.09076e-07         8.78965e-08         7.08297e-08         5.70798e-08         4.59932e-08         3.70667e-08         2.9868e-08          2.40701e-08         
29      2.00256814        1.83533434           0.367999323        19.3959             15.6306             12.5958             10.1498             8.17963             6.5908              5.31169             4.28018             3.44924             2.77957             2.23979             1.80503             1.45443             1.17215             0.944527            0.761154            0.613379            0.494258            0.398322            0.320956            0.258661            0.208433            0.167966            0.135357            0.109069            0.0878991           0.070827            0.0570795           0.0459959           0.0370654           0.0298697           0.0240684           0.019397            0.0156297           0.0125959           0.0101501           0.0081793           0.00659146          0.00531122          0.0042804           0.00344909          0.00277957          0.00223987          0.00180494          0.00145456          0.00117204          0.000944569         0.000761128         0.000613376         0.000494282         0.000398301         0.000320984         0.000258635         0.000208441         0.000167962         0.000135355         0.000109075         8.78939e-05         7.08327e-05         5.70741e-05         4.59974e-05         3.70649e-05         2.98692e-05         2.40701e-05         1.93957e-05         1.56309e-05         1.25948e-05         1.01504e-05         8.17928e-06         6.59131e-06         5.31164e-06         4.28009e-06         3.44933e-06         2.77937e-06         2.23991e-06         1.80496e-06         1.45452e-06         1.17214e-06         9.44496e-07         7.61175e-07         6.13337e-07         4.94288e-07         3.98309e-07         3.20972e-07         2.58661e-07         2.08424e-07         1.67971e-07         1.35348e-07         1.09076e-07         8.78965e-08         7.08297e-08         5.70798e-08         4.59932e-08         3.70667e-08         2.9868e-08          2.40701e-08         
30      2.40409918        2.20333366           0.441786153        19.3959             15.6306             12.5958             10.1498             8.17963             6.5908              5.31169             4.28018             3.44924             2.77957             2.23979             1.80503             1.45443             1.17215             0.944527            0.761154            0.613379            0.494258            0.398322            0.320956            0.258661            0.208433            0.167966            0.135357            0.109069            0.0878991           0.070827            0.0570795           0.0459959           0.0370654           0.0298697           0.0240684           0.019397            0.0156297           0.0125959           0.0101501           0.0081793           0.00659146          0.00531122          0.0042804           0.00344909          0.00277957          0.00223987          0.00180494          0.00145456          0.00117204          0.000944569         0.000761128         0.000613376         0.000494282         0.000398301         0.000320984         0.000258635         0.000208441         0.000167962         0.000135355         0.000109075         8.78939e-05         7.08327e-05         5.70741e-05         4.59974e-05         3.70649e-05         2.98692e-05         2.40701e-05         1.93957e-05         1.56309e-05         1.25948e-05         1.01504e-05         8.17928e-06         6.59131e-06         5.31164e-06         4.28009e-06         3.44933e-06         2.77937e-06         2.23991e-06         1.80496e-06         1.45452e-06         1.17214e-06         9.44496e-07         7.61175e-07         6.13337e-07         4.94288e-07         3.98309e-07         3.20972e-07         2.58661e-07         2.08424e-07         1.67971e-07         1.35348e-07         1.09076e-07         8.78965e-08         7.08297e-08         5.70798e-08         4.59932e-08         3.70667e-08         2.9868e-08          2.40701e-08         
31      2.88614044        2.64511981           0.530367836        19.3959             15.6306             12.5958             10.1498             8.17963             6.5908              5.31169             4.28018             3.44924             2.77957             2.23979             1.80503             1.45443             1.17215             0.944527            0.761154            0.613379            0.494258            0.398322            0.320956            0.258661            0.208433            0.167966            0.135357            0.109069            0.0878991           0.070827            0.0570795           0.0459959           0.0370654           0.0298697           0.0240684           0.019397            0.0156297           0.0125959           0.0101501           0.0081793           0.00659146          0.00531122          0.0042804           0.00344909          0.00277957          0.00223987          0.00180494          0.00145456          0.00117204          0.000944569         0.000761128         0.000613376         0.000494282         0.000398301         0.000320984         0.000258635         0.000208441         0.000167962         0.000135355         0.000109075         8.78939e-05         7.08327e-05         5.70741e-05         4.59974e-05         3.70649e-05         2.98692e-05         2.40701e-05         1.93957e-05         1.56309e-05         1.25948e-05         1.01504e-05         8.17928e-06         6.59131e-06         5.31164e-06         4.28009e-06         3.44933e-06         2.77937e-06         2.23991e-06         1.80496e-06         1.45452e-06         1.17214e-06         9.44496e-07         7.61175e-07         6.13337e-07         4.94288e-07         3.98309e-07         3.20972e-07         2.58661e-07         2.08424e-07         1.67971e-07         1.35348e-07         1.09076e-07         8.78965e-08         7.08297e-08         5.70798e-08         4.59932e-08         3.70667e-08         2.9868e-08          2.40701e-08         
32      3.46483486        3.17548765           0.636710861        19.3959             15.6306             12.5958             10.1498             8.17963             6.5908              5.31169             4.28018             3.44924             2.77957             2.23979             1.80503             1.45443             1.17215             0.944527            0.761154            0.613379            0.494258            0.398322            0.320956            0.258661            0.208433            0.167966            0.135357            0.109069            0.0878991           0.070827            0.0570795           0.0459959           0.0370654           0.0298697           0.0240684           0.019397            0.0156297           0.0125959           0.0101501           0.0081793           0.00659146          0.00531122          0.0042804           0.00344909          0.00277957          0.00223987          0.00180494          0.00145456          0.00117204          0.000944569         0.000761128         0.000613376         0.000494282         0.000398301         0.000320984         0.000258635         0.000208441         0.000167962         0.000135355         0.000109075         8.78939e-05         7.08327e-05         5.70741e-05         4.59974e-05         3.70649e-05         2.98692e-05         2.40701e-05         1.93957e-05         1.56309e-05         1.25948e-05         1.01504e-05         8.17928e-06         6.59131e-06         5.31164e-06         4.28009e-06         3.44933e-06         2.77937e-06         2.23991e-06         1.80496e-06         1.45452e-06         1.17214e-06         9.44496e-07         7.61175e-07         6.13337e-07         4.94288e-07         3.98309e-07         3.20972e-07         2.58661e-07         2.08424e-07         1.67971e-07         1.35348e-07         1.09076e-07         8.78965e-08         7.08297e-08         5.70798e-08         4.59932e-08         3.70667e-08         2.9868e-08          2.40701e-08         
33      4.15956216        3.81219851           0.764376519        19.3959             15.6306             12.5958             10.1498             8.17963             6.5908              5.31169             4.28018             3.44924             2.77957             2.23979             1.80503             1.45443             1.17215             0.944527            0.761154            0.613379            0.494258            0.398322            0.320956            0.258661            0.208433            0.167966            0.135357            0.109069            0.0878991           0.070827            0.0570795           0.0459959           0.0370654           0.0298697           0.0240684           0.019397            0.0156297           0.0125959           0.0101501           0.0081793           0.00659146          0.00531122          0.0042804           0.00344909          0.00277957          0.00223987          0.00180494          0.00145456          0.00117204          0.000944569         0.000761128         0.000613376         0.000494282         0.000398301         0.000320984         0.000258635         0.000208441         0.000167962         0.000135355         0.000109075         8.78939e-05         7.08327e-05         5.70741e-05         4.59974e-05         3.70649e-05         2.98692e-05         2.40701e-05         1.93957e-05         1.56309e-05         1.25948e-05         1.01504e-05         8.17928e-06         6.59131e-06         5.31164e-06         4.28009e-06         3.44933e-06         2.77937e-06         2.23991e-06         1.80496e-06         1.45452e-06         1.17214e-06         9.44496e-07         7.61175e-07         6.13337e-07         4.94288e-07         3.98309e-07         3.20972e-07         2.58661e-07         2.08424e-07         1.67971e-07         1.35348e-07         1.09076e-07         8.78965e-08         7.08297e-08         5.70798e-08         4.59932e-08         3.70667e-08         2.9868e-08          2.40701e-08         
34      4.99358789        4.57657503           0.91764017         19.3959             15.6306             12.5958             10.1498             8.17963             6.5908              5.31169             4.28018             3.44924             2.77957             2.23979             1.80503             1.45443             1.17215             0.944527            0.761154            0.613379            0.494258            0.398322            0.320956            0.258661            0.208433            0.167966            0.135357            0.109069            0.0878991           0.070827            0.0570795           0.0459959           0.0370654           0.0298697           0.0240684           0.019397            0.0156297           0.0125959           0.0101501           0.0081793           0.00659146          0.00531122          0.0042804           0.00344909          0.00277957          0.00223987          0.00180494          0.00145456          0.00117204          0.000944569         0.000761128         0.000613376         0.000494282         0.000398301         0.000320984         0.000258635         0.000208441         0.000167962         0.000135355         0.000109075         8.78939e-05         7.08327e-05         5.70741e-05         4.59974e-05         3.70649e-05         2.98692e-05         2.40701e-05         1.93957e-05         1.56309e-05         1.25948e-05         1.01504e-05         8.17928e-06         6.59131e-06         5.31164e-06         4.28009e-06         3.44933e-06         2.77937e-06         2.23991e-06         1.80496e-06         1.45452e-06         1.17214e-06         9.44496e-07         7.61175e-07         6.13337e-07         4.94288e-07         3.98309e-07         3.20972e-07         2.58661e-07         2.08424e-07         1.67971e-07         1.35348e-07         1.09076e-07         8.78965e-08         7.08297e-08         5.70798e-08         4.59932e-08         3.70667e-08         2.9868e-08          2.40701e-08         
35      5.9948425         5.4942152            1.10163442         19.3959             15.6306             12.5958             10.1498             8.17963             6.5908              5.31169             4.28018             3.44924             2.77957             2.23979             1.80503             1.45443             1.17215             0.944527            0.761154            0.613379            0.494258            0.398322            0.320956            0.258661            0.208433            0.167966            0.135357            0.109069            0.0878991           0.070827            0.0570795           0.0459959           0.0370654           0.0298697           0.0240684           0.019397            0.0156297           0.0125959           0.0101501           0.0081793           0.00659146          0.00531122          0.0042804           0.00344909          0.00277957          0.00223987          0.00180494          0.00145456          0.00117204          0.000944569         0.000761128         0.000613376         0.000494282         0.000398301         0.000320984         0.000258635         0.000208441         0.000167962         0.000135355         0.000109075         8.78939e-05         7.08327e-05         5.70741e-05         4.59974e-05         3.70649e-05         2.98692e-05         2.40701e-05         1.93957e-05         1.56309e-05         1.25948e-05         1.01504e-05         8.17928e-06         6.59131e-06         5.31164e-06         4.28009e-06         3.44933e-06         2.77937e-06         2.23991e-06         1.80496e-06         1.45452e-06         1.17214e-06         9.44496e-07         7.61175e-07         6.13337e-07         4.94288e-07         3.98309e-07         3.20972e-07         2.58661e-07         2.08424e-07         1.67971e-07         1.35348e-07         1.09076e-07         8.78965e-08         7.08297e-08         5.70798e-08         4.59932e-08         3.70667e-08         2.9868e-08          2.40701e-08         
36      7.19685673        6.59584962           1.322521           19.3959             15.6306             12.5958             10.1498             8.17963             6.5908              5.31169             4.28018             3.44924             2.77957             2.23979             1.80503             1.45443             1.17215             0.944527            0.761154            0.613379            0.494258            0.398322            0.320956            0.258661            0.208433            0.167966            0.135357            0.109069            0.0878991           0.070827            0.0570795           0.0459959           0.0370654           0.0298697           0.0240684           0.019397            0.0156297           0.0125959           0.0101501           0.0081793           0.00659146          0.00531122          0.0042804           0.00344909          0.00277957          0.00223987          0.00180494          0.00145456          0.00117204          0.000944569         0.000761128         0.000613376         0.000494282         0.000398301         0.000320984         0.000258635         0.000208441         0.000167962         0.000135355         0.000109075         8.78939e-05         7.08327e-05         5.70741e-05         4.59974e-05         3.70649e-05         2.98692e-05         2.40701e-05         1.93957e-05         1.56309e-05         1.25948e-05         1.01504e-05         8.17928e-06         6.59131e-06         5.31164e-06         4.28009e-06         3.44933e-06         2.77937e-06         2.23991e-06         1.80496e-06         1.45452e-06         1.17214e-06         9.44496e-07         7.61175e-07         6.13337e-07         4.94288e-07         3.98309e-07         3.20972e-07         2.58661e-07         2.08424e-07         1.67971e-07         1.35348e-07         1.09076e-07         8.78965e-08         7.08297e-08         5.70798e-08         4.59932e-08         3.70667e-08         2.9868e-08          2.40701e-08         
37      8.63988449        7.91837061           1.58769711         19.3959             15.6306             12.5958             10.1498             8.17963             6.5908              5.31169             4.28018             3.44924             2.77957             2.23979             1.80503             1.45443             1.17215             0.944527            0.761154            0.613379            0.494258            0.398322            0.320956            0.258661            0.208433            0.167966            0.135357            0.109069            0.0878991           0.070827            0.0570795           0.0459959           0.0370654           0.0298697           0.0240684           0.019397            0.0156297           0.0125959           0.0101501           0.0081793           0.00659146          0.00531122          0.0042804           0.00344909          0.00277957          0.00223987          0.00180494          0.00145456          0.00117204          0.000944569         0.000761128         0.000613376         0.000494282         0.000398301         0.000320984         0.000258635         0.000208441         0.000167962         0.000135355         0.000109075         8.78939e-05         7.08327e-05         5.70741e-05         4.59974e-05         3.70649e-05         2.98692e-05         2.40701e-05         1.93957e-05         1.56309e-05         1.25948e-05         1.01504e-05         8.17928e-06         6.59131e-06         5.31164e-06         4.28009e-06         3.44933e-06         2.77937e-06         2.23991e-06         1.80496e-06         1.45452e-06         1.17214e-06         9.44496e-07         7.61175e-07         6.13337e-07         4.94288e-07         3.98309e-07         3.20972e-07         2.58661e-07         2.08424e-07         1.67971e-07         1.35348e-07         1.09076e-07         8.78965e-08         7.08297e-08         5.70798e-08         4.59932e-08         3.70667e-08         2.9868e-08          2.40701e-08         
38      10.372251         9.50606772           1.90604318         19.3959             15.6306             12.5958             10.1498             8.17963             6.5908              5.31169             4.28018             3.44924             2.77957             2.23979             1.80503             1.45443             1.17215             0.944527            0.761154            0.613379            0.494258            0.398322            0.320956            0.258661            0.208433            0.167966            0.135357            0.109069            0.0878991           0.070827            0.0570795           0.0459959           0.0370654           0.0298697           0.0240684           0.019397            0.0156297           0.0125959           0.0101501           0.0081793           0.00659146          0.00531122          0.0042804           0.00344909          0.00277957          0.00223987          0.00180494          0.00145456          0.00117204          0.000944569         0.000761128         0.000613376         0.000494282         0.000398301         0.000320984         0.000258635         0.000208441         0.000167962         0.000135355         0.000109075         8.78939e-05         7.08327e-05         5.70741e-05         4.59974e-05         3.70649e-05         2.98692e-05         2.40701e-05         1.93957e-05         1.56309e-05         1.25948e-05         1.01504e-05         8.17928e-06         6.59131e-06         5.31164e-06         4.28009e-06         3.44933e-06         2.77937e-06         2.23991e-06         1.80496e-06         1.45452e-06         1.17214e-06         9.44496e-07         7.61175e-07         6.13337e-07         4.94288e-07         3.98309e-07         3.20972e-07         2.58661e-07         2.08424e-07         1.67971e-07         1.35348e-07         1.09076e-07         8.78965e-08         7.08297e-08         5.70798e-08         4.59932e-08         3.70667e-08         2.9868e-08          2.40701e-08         
39      12.4519708        11.4121109           2.28822019         19.3959             15.6306             12.5958             10.1498             8.17963             6.5908              5.31169             4.28018             3.44924             2.77957             2.23979             1.80503             1.45443             1.17215             0.944527            0.761154            0.613379            0.494258            0.398322            0.320956            0.258661            0.208433            0.167966            0.135357            0.109069            0.0878991           0.070827            0.0570795           0.0459959           0.0370654           0.0298697           0.0240684           0.019397            0.0156297           0.0125959           0.0101501           0.0081793           0.00659146          0.00531122          0.0042804           0.00344909          0.00277957          0.00223987          0.00180494          0.00145456          0.00117204          0.000944569         0.000761128         0.000613376         0.000494282         0.000398301         0.000320984         0.000258635         0.000208441         0.000167962         0.000135355         0.000109075         8.78939e-05         7.08327e-05         5.70741e-05         4.59974e-05         3.70649e-05         2.98692e-05         2.40701e-05         1.93957e-05         1.56309e-05         1.25948e-05         1.01504e-05         8.17928e-06         6.59131e-06         5.31164e-06         4.28009e-06         3.44933e-06         2.77937e-06         2.23991e-06         1.80496e-06         1.45452e-06         1.17214e-06         9.44496e-07         7.61175e-07         6.13337e-07         4.94288e-07         3.98309e-07         3.20972e-07         2.58661e-07         2.08424e-07         1.67971e-07         1.35348e-07         1.09076e-07         8.78965e-08         7.08297e-08         5.70798e-08         4.59932e-08         3.70667e-08         2.9868e-08          2.40701e-08         
40      14.9486913        13.7003311           2.74702678         19.3959             15.6306             12.5958             10.1498             8.17963             6.5908              5.31169             4.28018             3.44924             2.77957             2.23979             1.80503             1.45443             1.17215             0.944527            0.761154            0.613379            0.494258            0.398322            0.320956            0.258661            0.208433            0.167966            0.135357            0.109069            0.0878991           0.070827            0.0570795           0.0459959           0.0370654           0.0298697           0.0240684           0.019397            0.0156297           0.0125959           0.0101501           0.0081793           0.00659146          0.00531122          0.0042804           0.00344909          0.00277957          0.00223987          0.00180494          0.00145456          0.00117204          0.000944569         0.000761128         0.000613376         0.000494282         0.000398301         0.000320984         0.000258635         0.000208441         0.000167962         0.000135355         0.000109075         8.78939e-05         7.08327e-05         5.70741e-05         4.59974e-05         3.70649e-05         2.98692e-05         2.40701e-05         1.93957e-05         1.56309e-05         1.25948e-05         1.01504e-05         8.17928e-06         6.59131e-06         5.31164e-06         4.28009e-06         3.44933e-06         2.77937e-06         2.23991e-06         1.80496e-06         1.45452e-06         1.17214e-06         9.44496e-07         7.61175e-07         6.13337e-07         4.94288e-07         3.98309e-07         3.20972e-07         2.58661e-07         2.08424e-07         1.67971e-07         1.35348e-07         1.09076e-07         8.78965e-08         7.08297e-08         5.70798e-08         4.59932e-08         3.70667e-08         2.9868e-08          2.40701e-08         
41      17.9460244        16.4473579           3.29782778         19.3959             15.6306             12.5958             10.1498             8.17963             6.5908              5.31169             4.28018             3.44924             2.77957             2.23979             1.80503             1.45443             1.17215             0.944527            0.761154            0.613379            0.494258            0.398322            0.320956            0.258661            0.208433            0.167966            0.135357            0.109069            0.0878991           0.070827            0.0570795           0.0459959           0.0370654           0.0298697           0.0240684           0.019397            0.0156297           0.0125959           0.0101501           0.0081793           0.00659146          0.00531122          0.0042804           0.00344909          0.00277957          0.00223987          0.00180494          0.00145456          0.00117204          0.000944569         0.000761128         0.000613376         0.000494282         0.000398301         0.000320984         0.000258635         0.000208441         0.000167962         0.000135355         0.000109075         8.78939e-05         7.08327e-05         5.70741e-05         4.59974e-05         3.70649e-05         2.98692e-05         2.40701e-05         1.93957e-05         1.56309e-05         1.25948e-05         1.01504e-05         8.17928e-06         6.59131e-06         5.31164e-06         4.28009e-06         3.44933e-06         2.77937e-06         2.23991e-06         1.80496e-06         1.45452e-06         1.17214e-06         9.44496e-07         7.61175e-07         6.13337e-07         4.94288e-07         3.98309e-07         3.20972e-07         2.58661e-07         2.08424e-07         1.67971e-07         1.35348e-07         1.09076e-07         8.78965e-08         7.08297e-08         5.70798e-08         4.59932e-08         3.70667e-08         2.9868e-08          2.40701e-08         
42      21.5443469        19.7451857           3.95906882         19.3959             15.6306             12.5958             10.1498             8.17963             6.5908              5.31169             4.28018             3.44924             2.77957             2.23979             1.80503             1.45443             1.17215             0.944527            0.761154            0.613379            0.494258            0.398322            0.320956            0.258661            0.208433            0.167966            0.135357            0.109069            0.0878991           0.070827            0.0570795           0.0459959           0.0370654           0.0298697           0.0240684           0.019397            0.0156297           0.0125959           0.0101501           0.0081793           0.00659146          0.00531122          0.0042804           0.00344909          0.00277957          0.00223987          0.00180494          0.00145456          0.00117204          0.000944569         0.000761128         0.000613376         0.000494282         0.000398301         0.000320984         0.000258635         0.000208441         0.000167962         0.000135355         0.000109075         8.78939e-05         7.08327e-05         5.70741e-05         4.59974e-05         3.70649e-05         2.98692e-05         2.40701e-05         1.93957e-05         1.56309e-05         1.25948e-05         1.01504e-05         8.17928e-06         6.59131e-06         5.31164e-06         4.28009e-06         3.44933e-06         2.77937e-06         2.23991e-06         1.80496e-06         1.45452e-06         1.17214e-06         9.44496e-07         7.61175e-07         6.13337e-07         4.94288e-07         3.98309e-07         3.20972e-07         2.58661e-07         2.08424e-07         1.67971e-07         1.35348e-07         1.09076e-07         8.78965e-08         7.08297e-08         5.70798e-08         4.59932e-08         3.70667e-08         2.9868e-08          2.40701e-08         
43      25.8641621        23.7042545           4.75289403         19.3959             15.6306             12.5958             10.1498             8.17963             6.5908              5.31169             4.28018             3.44924             2.77957             2.23979             1.80503             1.45443             1.17215             0.944527            0.761154            0.613379            0.494258            0.398322            0.320956            0.258661            0.208433            0.167966            0.135357            0.109069            0.0878991           0.070827            0.0570795           0.0459959           0.0370654           0.0298697           0.0240684           0.019397            0.0156297           0.0125959           0.0101501           0.0081793           0.00659146          0.00531122          0.0042804           0.00344909          0.00277957          0.00223987          0.00180494          0.00145456          0.00117204          0.000944569         0.000761128         0.000613376         0.000494282         0.000398301         0.000320984         0.000258635         0.000208441         0.000167962         0.000135355         0.000109075         8.78939e-05         7.08327e-05         5.70741e-05         4.59974e-05         3.70649e-05         2.98692e-05         2.40701e-05         1.93957e-05         1.56309e-05         1.25948e-05         1.01504e-05         8.17928e-06         6.59131e-06         5.31164e-06         4.28009e-06         3.44933e-06         2.77937e-06         2.23991e-06         1.80496e-06         1.45452e-06         1.17214e-06         9.44496e-07         7.61175e-07         6.13337e-07         4.94288e-07         3.98309e-07         3.20972e-07         2.58661e-07         2.08424e-07         1.67971e-07         1.35348e-07         1.09076e-07         8.78965e-08         7.08297e-08         5.70798e-08         4.59932e-08         3.70667e-08         2.9868e-08          2.40701e-08         
44      31.050135         28.4571485           5.70588758         19.3959             15.6306             12.5958             10.1498             8.17963             6.5908              5.31169             4.28018             3.44924             2.77957             2.23979             1.80503             1.45443             1.17215             0.944527            0.761154            0.613379            0.494258            0.398322            0.320956            0.258661            0.208433            0.167966            0.135357            0.109069            0.0878991           0.070827            0.0570795           0.0459959           0.0370654           0.0298697           0.0240684           0.019397            0.0156297           0.0125959           0.0101501           0.0081793           0.00659146          0.00531122          0.0042804           0.00344909          0.00277957          0.00223987          0.00180494          0.00145456          0.00117204          0.000944569         0.000761128         0.000613376         0.000494282         0.000398301         0.000320984         0.000258635         0.000208441         0.000167962         0.000135355         0.000109075         8.78939e-05         7.08327e-05         5.70741e-05         4.59974e-05         3.70649e-05         2.98692e-05         2.40701e-05         1.93957e-05         1.56309e-05         1.25948e-05         1.01504e-05         8.17928e-06         6.59131e-06         5.31164e-06         4.28009e-06         3.44933e-06         2.77937e-06         2.23991e-06         1.80496e-06         1.45452e-06         1.17214e-06         9.44496e-07         7.61175e-07         6.13337e-07         4.94288e-07         3.98309e-07         3.20972e-07         2.58661e-07         2.08424e-07         1.67971e-07         1.35348e-07         1.09076e-07         8.78965e-08         7.08297e-08         5.70798e-08         4.59932e-08         3.70667e-08         2.9868e-08          2.40701e-08         
45      37.2759372        34.1630361           6.84996401         19.3959             15.6306             12.5958             10.1498             8.17963             6.5908              5.31169             4.28018             3.44924             2.77957             2.23979             1.80503             1.45443             1.17215             0.944527            0.761154            0.613379            0.494258            0.398322            0.320956            0.258661            0.208433            0.167966            0.135357            0.109069            0.0878991           0.070827            0.0570795           0.0459959           0.0370654           0.0298697           0.0240684           0.019397            0.0156297           0.0125959           0.0101501           0.0081793           0.00659146          0.00531122          0.0042804           0.00344909          0.00277957          0.00223987          0.00180494          0.00145456          0.00117204          0.000944569         0.000761128         0.000613376         0.000494282         0.000398301         0.000320984         0.000258635         0.000208441         0.000167962         0.000135355         0.000109075         8.78939e-05         7.08327e-05         5.70741e-05         4.59974e-05         3.70649e-05         2.98692e-05         2.40701e-05         1.93957e-05         1.56309e-05         1.25948e-05         1.01504e-05         8.17928e-06         6.59131e-06         5.31164e-06         4.28009e-06         3.44933e-06         2.77937e-06         2.23991e-06         1.80496e-06         1.45452e-06         1.17214e-06         9.44496e-07         7.61175e-07         6.13337e-07         4.94288e-07         3.98309e-07         3.20972e-07         2.58661e-07         2.08424e-07         1.67971e-07         1.35348e-07         1.09076e-07         8.78965e-08         7.08297e-08         5.70798e-08         4.59932e-08         3.70667e-08         2.9868e-08          2.40701e-08         
46      44.750063         41.0130001           8.22343699         19.3959             15.6306             12.5958             10.1498             8.17963             6.5908              5.31169             4.28018             3.44924             2.77957             2.23979             1.80503             1.45443             1.17215             0.944527            0.761154            0.613379            0.494258            0.398322            0.320956            0.258661            0.208433            0.167966            0.135357            0.109069            0.0878991           0.070827            0.0570795           0.0459959           0.0370654           0.0298697           0.0240684           0.019397            0.0156297           0.0125959           0.0101501           0.0081793           0.00659146          0.00531122          0.0042804           0.00344909          0.00277957          0.00223987          0.00180494          0.00145456          0.00117204          0.000944569         0.000761128         0.000613376         0.000494282         0.000398301         0.000320984         0.000258635         0.000208441         0.000167962         0.000135355         0.000109075         8.78939e-05         7.08327e-05         5.70741e-05         4.59974e-05         3.70649e-05         2.98692e-05         2.40701e-05         1.93957e-05         1.56309e-05         1.25948e-05         1.01504e-05         8.17928e-06         6.59131e-06         5.31164e-06         4.28009e-06         3.44933e-06         2.77937e-06         2.23991e-06         1.80496e-06         1.45452e-06         1.17214e-06         9.44496e-07         7.61175e-07         6.13337e-07         4.94288e-07         3.98309e-07         3.20972e-07         2.58661e-07         2.08424e-07         1.67971e-07         1.35348e-07         1.09076e-07         8.78965e-08         7.08297e-08         5.70798e-08         4.59932e-08         3.70667e-08         2.9868e-08          2.40701e-08         
47      53.7228112        49.2364371           9.87230237         19.3959             15.6306             12.5958             10.1498             8.17963             6.5908              5.31169             4.28018             3.44924             2.77957             2.23979             1.80503             1.45443             1.17215             0.944527            0.761154            0.613379            0.494258            0.398322            0.320956            0.258661            0.208433            0.167966            0.135357            0.109069            0.0878991           0.070827            0.0570795           0.0459959           0.0370654           0.0298697           0.0240684           0.019397            0.0156297           0.0125959           0.0101501           0.0081793           0.00659146          0.00531122          0.0042804           0.00344909          0.00277957          0.00223987          0.00180494          0.00145456          0.00117204          0.000944569         0.000761128         0.000613376         0.000494282         0.000398301         0.000320984         0.000258635         0.000208441         0.000167962         0.000135355         0.000109075         8.78939e-05         7.08327e-05         5.70741e-05         4.59974e-05         3.70649e-05         2.98692e-05         2.40701e-05         1.93957e-05         1.56309e-05         1.25948e-05         1.01504e-05         8.17928e-06         6.59131e-06         5.31164e-06         4.28009e-06         3.44933e-06         2.77937e-06         2.23991e-06         1.80496e-06         1.45452e-06         1.17214e-06         9.44496e-07         7.61175e-07         6.13337e-07         4.94288e-07         3.98309e-07         3.20972e-07         2.58661e-07         2.08424e-07         1.67971e-07         1.35348e-07         1.09076e-07         8.78965e-08         7.08297e-08         5.70798e-08         4.59932e-08         3.70667e-08         2.9868e-08          2.40701e-08         
48      64.4946677        59.1087394           11.8517785         19.3959             15.6306             12.5958             10.1498             8.17963             6.5908              5.31169             4.28018             3.44924             2.77957             2.23979             1.80503             1.45443             1.17215             0.944527            0.761154            0.613379            0.494258            0.398322            0.320956            0.258661            0.208433            0.167966            0.135357            0.109069            0.0878991           0.070827            0.0570795           0.0459959           0.0370654           0.0298697           0.0240684           0.019397            0.0156297           0.0125959           0.0101501           0.0081793           0.00659146          0.00531122          0.0042804           0.00344909          0.00277957          0.00223987          0.00180494          0.00145456          0.00117204          0.000944569         0.000761128         0.000613376         0.000494282         0.000398301         0.000320984         0.000258635         0.000208441         0.000167962         0.000135355         0.000109075         8.78939e-05         7.08327e-05         5.70741e-05         4.59974e-05         3.70649e-05         2.98692e-05         2.40701e-05         1.93957e-05         1.56309e-05         1.25948e-05         1.01504e-05         8.17928e-06         6.59131e-06         5.31164e-06         4.28009e-06         3.44933e-06         2.77937e-06         2.23991e-06         1.80496e-06         1.45452e-06         1.17214e-06         9.44496e-07         7.61175e-07         6.13337e-07         4.94288e-07         3.98309e-07         3.20972e-07         2.58661e-07         2.08424e-07         1.67971e-07         1.35348e-07         1.09076e-07         8.78965e-08         7.08297e-08         5.70798e-08         4.59932e-08         3.70667e-08         2.9868e-08          2.40701e-08         
49      77.4263683        70.960518            14.2281556         19.3959             15.6306             12.5958             10.1498             8.17963             6.5908              5.31169             4.28018             3.44924             2.77957             2.23979             1.80503             1.45443             1.17215             0.944527            0.761154            0.613379            0.494258            0.398322            0.320956            0.258661            0.208433            0.167966            0.135357            0.109069            0.0878991           0.070827            0.0570795           0.0459959           0.0370654           0.0298697           0.0240684           0.019397            0.0156297           0.0125959           0.0101501           0.0081793           0.00659146          0.00531122          0.0042804           0.00344909          0.00277957          0.00223987          0.00180494          0.00145456          0.00117204          0.000944569         0.000761128         0.000613376         0.000494282         0.000398301         0.000320984         0.000258635         0.000208441         0.000167962         0.000135355         0.000109075         8.78939e-05         7.08327e-05         5.70741e-05         4.59974e-05         3.70649e-05         2.98692e-05         2.40701e-05         1.93957e-05         1.56309e-05         1.25948e-05         1.01504e-05         8.17928e-06         6.59131e-06         5.31164e-06         4.28009e-06         3.44933e-06         2.77937e-06         2.23991e-06         1.80496e-06         1.45452e-06         1.17214e-06         9.44496e-07         7.61175e-07         6.13337e-07         4.94288e-07         3.98309e-07         3.20972e-07         2.58661e-07         2.08424e-07         1.67971e-07         1.35348e-07         1.09076e-07         8.78965e-08         7.08297e-08         5.70798e-08         4.59932e-08         3.70667e-08         2.9868e-08          2.40701e-08         
50      92.950979         85.1886736           17.0810155         19.3959             15.6306             12.5958             10.1498             8.17963             6.5908              5.31169             4.28018             3.44924             2.77957             2.23979             1.80503             1.45443             1.17215             0.944527            0.761154            0.613379            0.494258            0.398322            0.320956            0.258661            0.208433            0.167966            0.135357            0.109069            0.0878991           0.070827            0.0570795           0.0459959           0.0370654           0.0298697           0.0240684           0.019397            0.0156297           0.0125959           0.0101501           0.0081793           0.00659146          0.00531122          0.0042804           0.00344909          0.00277957          0.00223987          0.00180494          0.00145456          0.00117204          0.000944569         0.000761128         0.000613376         0.000494282         0.000398301         0.000320984         0.000258635         0.000208441         0.000167962         0.000135355         0.000109075         8.78939e-05         7.08327e-05         5.70741e-05         4.59974e-05         3.70649e-05         2.98692e-05         2.40701e-05         1.93957e-05         1.56309e-05         1.25948e-05         1.01504e-05         8.17928e-06         6.59131e-06         5.31164e-06         4.28009e-06         3.44933e-06         2.77937e-06         2.23991e-06         1.80496e-06         1.45452e-06         1.17214e-06         9.44496e-07         7.61175e-07         6.13337e-07         4.94288e-07         3.98309e-07         3.20972e-07         2.58661e-07         2.08424e-07         1.67971e-07         1.35348e-07         1.09076e-07         8.78965e-08         7.08297e-08         5.70798e-08         4.59932e-08         3.70667e-08         2.9868e-08          2.40701e-08         
51      111.588399        102.269689           20.5058967         19.3959             15.6306             12.5958             10.1498             8.17963             6.5908              5.31169             4.28018             3.44924             2.77957             2.23979             1.80503             1.45443             1.17215             0.944527            0.761154            0.613379            0.494258            0.398322            0.320956            0.258661            0.208433            0.167966            0.135357            0.109069            0.0878991           0.070827            0.0570795           0.0459959           0.0370654           0.0298697           0.0240684           0.019397            0.0156297           0.0125959           0.0101501           0.0081793           0.00659146          0.00531122          0.0042804           0.00344909          0.00277957          0.00223987          0.00180494          0.00145456          0.00117204          0.000944569         0.000761128         0.000613376         0.000494282         0.000398301         0.000320984         0.000258635         0.000208441         0.000167962         0.000135355         0.000109075         8.78939e-05         7.08327e-05         5.70741e-05         4.59974e-05         3.70649e-05         2.98692e-05         2.40701e-05         1.93957e-05         1.56309e-05         1.25948e-05         1.01504e-05         8.17928e-06         6.59131e-06         5.31164e-06         4.28009e-06         3.44933e-06         2.77937e-06         2.23991e-06         1.80496e-06         1.45452e-06         1.17214e-06         9.44496e-07         7.61175e-07         6.13337e-07         4.94288e-07         3.98309e-07         3.20972e-07         2.58661e-07         2.08424e-07         1.67971e-07         1.35348e-07         1.09076e-07         8.78965e-08         7.08297e-08         5.70798e-08         4.59932e-08         3.70667e-08         2.9868e-08          2.40701e-08         
52      133.962772        122.775586           24.6174943         19.3959             15.6306             12.5958             10.1498             8.17963             6.5908              5.31169             4.28018             3.44924             2.77957             2.23979             1.80503             1.45443             1.17215             0.944527            0.761154            0.613379            0.494258            0.398322            0.320956            0.258661            0.208433            0.167966            0.135357            0.109069            0.0878991           0.070827            0.0570795           0.0459959           0.0370654           0.0298697           0.0240684           0.019397            0.0156297           0.0125959           0.0101501           0.0081793           0.00659146          0.00531122          0.0042804           0.00344909          0.00277957          0.00223987          0.00180494          0.00145456          0.00117204          0.000944569         0.000761128         0.000613376         0.000494282         0.000398301         0.000320984         0.000258635         0.000208441         0.000167962         0.000135355         0.000109075         8.78939e-05         7.08327e-05         5.70741e-05         4.59974e-05         3.70649e-05         2.98692e-05         2.40701e-05         1.93957e-05         1.56309e-05         1.25948e-05         1.01504e-05         8.17928e-06         6.59131e-06         5.31164e-06         4.28009e-06         3.44933e-06         2.77937e-06         2.23991e-06         1.80496e-06         1.45452e-06         1.17214e-06         9.44496e-07         7.61175e-07         6.13337e-07         4.94288e-07         3.98309e-07         3.20972e-07         2.58661e-07         2.08424e-07         1.67971e-07         1.35348e-07         1.09076e-07         8.78965e-08         7.08297e-08         5.70798e-08         4.59932e-08         3.70667e-08         2.9868e-08          2.40701e-08         
53      160.823388        147.39308            29.5535002         19.3959             15.6306             12.5958             10.1498             8.17963             6.5908              5.31169             4.28018             3.44924             2.77957             2.23979             1.80503             1.45443             1.17215             0.944527            0.761154            0.613379            0.494258            0.398322            0.320956            0.258661            0.208433            0.167966            0.135357            0.109069            0.0878991           0.070827            0.0570795           0.0459959           0.0370654           0.0298697           0.0240684           0.019397            0.0156297           0.0125959           0.0101501           0.0081793           0.00659146          0.00531122          0.0042804           0.00344909          0.00277957          0.00223987          0.00180494          0.00145456          0.00117204          0.000944569         0.000761128         0.000613376         0.000494282         0.000398301         0.000320984         0.000258635         0.000208441         0.000167962         0.000135355         0.000109075         8.78939e-05         7.08327e-05         5.70741e-05         4.59974e-05         3.70649e-05         2.98692e-05         2.40701e-05         1.93957e-05         1.56309e-05         1.25948e-05         1.01504e-05         8.17928e-06         6.59131e-06         5.31164e-06         4.28009e-06         3.44933e-06         2.77937e-06         2.23991e-06         1.80496e-06         1.45452e-06         1.17214e-06         9.44496e-07         7.61175e-07         6.13337e-07         4.94288e-07         3.98309e-07         3.20972e-07         2.58661e-07         2.08424e-07         1.67971e-07         1.35348e-07         1.09076e-07         8.78965e-08         7.08297e-08         5.70798e-08         4.59932e-08         3.70667e-08         2.9868e-08          2.40701e-08         
54      193.069773        176.94658            35.4792151         19.3959             15.6306             12.5958             10.1498             8.17963             6.5908              5.31169             4.28018             3.44924             2.77957             2.23979             1.80503             1.45443             1.17215             0.944527            0.761154            0.613379            0.494258            0.398322            0.320956            0.258661            0.208433            0.167966            0.135357            0.109069            0.0878991           0.070827            0.0570795           0.0459959           0.0370654           0.0298697           0.0240684           0.019397            0.0156297           0.0125959           0.0101501           0.0081793           0.00659146          0.00531122          0.0042804           0.00344909          0.00277957          0.00223987          0.00180494          0.00145456          0.00117204          0.000944569         0.000761128         0.000613376         0.000494282         0.000398301         0.000320984         0.000258635         0.000208441         0.000167962         0.000135355         0.000109075         8.78939e-05         7.08327e-05         5.70741e-05         4.59974e-05         3.70649e-05         2.98692e-05         2.40701e-05         1.93957e-05         1.56309e-05         1.25948e-05         1.01504e-05         8.17928e-06         6.59131e-06         5.31164e-06         4.28009e-06         3.44933e-06         2.77937e-06         2.23991e-06         1.80496e-06         1.45452e-06         1.17214e-06         9.44496e-07         7.61175e-07         6.13337e-07         4.94288e-07         3.98309e-07         3.20972e-07         2.58661e-07         2.08424e-07         1.67971e-07         1.35348e-07         1.09076e-07         8.78965e-08         7.08297e-08         5.70798e-08         4.59932e-08         3.70667e-08         2.9868e-08          2.40701e-08         
55      231.781818        212.425795           42.5930837         19.3959             15.6306             12.5958             10.1498             8.17963             6.5908              5.31169             4.28018             3.44924             2.77957             2.23979             1.80503             1.45443             1.17215             0.944527            0.761154            0.613379            0.494258            0.398322            0.320956            0.258661            0.208433            0.167966            0.135357            0.109069            0.0878991           0.070827            0.0570795           0.0459959           0.0370654           0.0298697           0.0240684           0.019397            0.0156297           0.0125959           0.0101501           0.0081793           0.00659146          0.00531122          0.0042804           0.00344909          0.00277957          0.00223987          0.00180494          0.00145456          0.00117204          0.000944569         0.000761128         0.000613376         0.000494282         0.000398301         0.000320984         0.000258635         0.000208441         0.000167962         0.000135355         0.000109075         8.78939e-05         7.08327e-05         5.70741e-05         4.59974e-05         3.70649e-05         2.98692e-05         2.40701e-05         1.93957e-05         1.56309e-05         1.25948e-05         1.01504e-05         8.17928e-06         6.59131e-06         5.31164e-06         4.28009e-06         3.44933e-06         2.77937e-06         2.23991e-06         1.80496e-06         1.45452e-06         1.17214e-06         9.44496e-07         7.61175e-07         6.13337e-07         4.94288e-07         3.98309e-07         3.20972e-07         2.58661e-07         2.08424e-07         1.67971e-07         1.35348e-07         1.09076e-07         8.78965e-08         7.08297e-08         5.70798e-08         4.59932e-08         3.70667e-08         2.9868e-08          2.40701e-08         
56      278.25594         255.018879           51.1333401         19.3959             15.6306             12.5958             10.1498             8.17963             6.5908              5.31169             4.28018             3.44924             2.77957             2.23979             1.80503             1.45443             1.17215             0.944527            0.761154            0.613379            0.494258            0.398322            0.320956            0.258661            0.208433            0.167966            0.135357            0.109069            0.0878991           0.070827            0.0570795           0.0459959           0.0370654           0.0298697           0.0240684           0.019397            0.0156297           0.0125959           0.0101501           0.0081793           0.00659146          0.00531122          0.0042804           0.00344909          0.00277957          0.00223987          0.00180494          0.00145456          0.00117204          0.000944569         0.000761128         0.000613376         0.000494282         0.000398301         0.000320984         0.000258635         0.000208441         0.000167962         0.000135355         0.000109075         8.78939e-05         7.08327e-05         5.70741e-05         4.59974e-05         3.70649e-05         2.98692e-05         2.40701e-05         1.93957e-05         1.56309e-05         1.25948e-05         1.01504e-05         8.17928e-06         6.59131e-06         5.31164e-06         4.28009e-06         3.44933e-06         2.77937e-06         2.23991e-06         1.80496e-06         1.45452e-06         1.17214e-06         9.44496e-07         7.61175e-07         6.13337e-07         4.94288e-07         3.98309e-07         3.20972e-07         2.58661e-07         2.08424e-07         1.67971e-07         1.35348e-07         1.09076e-07         8.78965e-08         7.08297e-08         5.70798e-08         4.59932e-08         3.70667e-08         2.9868e-08          2.40701e-08         
57      334.048498        306.152219           61.3859869         19.3959             15.6306             12.5958             10.1498             8.17963             6.5908              5.31169             4.28018             3.44924             2.77957             2.23979             1.80503             1.45443             1.17215             0.944527            0.761154            0.613379            0.494258            0.398322            0.320956            0.258661            0.208433            0.167966            0.135357            0.109069            0.0878991           0.070827            0.0570795           0.0459959           0.0370654           0.0298697           0.0240684           0.019397            0.0156297           0.0125959           0.0101501           0.0081793           0.00659146          0.00531122          0.0042804           0.00344909          0.00277957          0.00223987          0.00180494          0.00145456          0.00117204          0.000944569         0.000761128         0.000613376         0.000494282         0.000398301         0.000320984         0.000258635         0.000208441         0.000167962         0.000135355         0.000109075         8.78939e-05         7.08327e-05         5.70741e-05         4.59974e-05         3.70649e-05         2.98692e-05         2.40701e-05         1.93957e-05         1.56309e-05         1.25948e-05         1.01504e-05         8.17928e-06         6.59131e-06         5.31164e-06         4.28009e-06         3.44933e-06         2.77937e-06         2.23991e-06         1.80496e-06         1.45452e-06         1.17214e-06         9.44496e-07         7.61175e-07         6.13337e-07         4.94288e-07         3.98309e-07         3.20972e-07         2.58661e-07         2.08424e-07         1.67971e-07         1.35348e-07         1.09076e-07         8.78965e-08         7.08297e-08         5.70798e-08         4.59932e-08         3.70667e-08         2.9868e-08          2.40701e-08         
58      401.027914        367.538206           73.6943719         19.3959             15.6306             12.5958             10.1498             8.17963             6.5908              5.31169             4.28018             3.44924             2.77957             2.23979             1.80503             1.45443             1.17215             0.944527            0.761154            0.613379            0.494258            0.398322            0.320956            0.258661            0.208433            0.167966            0.135357            0.109069            0.0878991           0.070827            0.0570795           0.0459959           0.0370654           0.0298697           0.0240684           0.019397            0.0156297           0.0125959           0.0101501           0.0081793           0.00659146          0.00531122          0.0042804           0.00344909          0.00277957          0.00223987          0.00180494          0.00145456          0.00117204          0.000944569         0.000761128         0.000613376         0.000494282         0.000398301         0.000320984         0.000258635         0.000208441         0.000167962         0.000135355         0.000109075         8.78939e-05         7.08327e-05         5.70741e-05         4.59974e-05         3.70649e-05         2.98692e-05         2.40701e-05         1.93957e-05         1.56309e-05         1.25948e-05         1.01504e-05         8.17928e-06         6.59131e-06         5.31164e-06         4.28009e-06         3.44933e-06         2.77937e-06         2.23991e-06         1.80496e-06         1.45452e-06         1.17214e-06         9.44496e-07         7.61175e-07         6.13337e-07         4.94288e-07         3.98309e-07         3.20972e-07         2.58661e-07         2.08424e-07         1.67971e-07         1.35348e-07         1.09076e-07         8.78965e-08         7.08297e-08         5.70798e-08         4.59932e-08         3.70667e-08         2.9868e-08          2.40701e-08         
59      481.437242        441.232578           88.4706872         19.3959             15.6306             12.5958             10.1498             8.17963             6.5908              5.31169             4.28018             3.44924             2.77957             2.23979             1.80503             1.45443             1.17215             0.944527            0.761154            0.613379            0.494258            0.398322            0.320956            0.258661            0.208433            0.167966            0.135357            0.109069            0.0878991           0.070827            0.0570795           0.0459959           0.0370654           0.0298697           0.0240684           0.019397            0.0156297           0.0125959           0.0101501           0.0081793           0.00659146          0.00531122          0.0042804           0.00344909          0.00277957          0.00223987          0.00180494          0.00145456          0.00117204          0.000944569         0.000761128         0.000613376         0.000494282         0.000398301         0.000320984         0.000258635         0.000208441         0.000167962         0.000135355         0.000109075         8.78939e-05         7.08327e-05         5.70741e-05         4.59974e-05         3.70649e-05         2.98692e-05         2.40701e-05         1.93957e-05         1.56309e-05         1.25948e-05         1.01504e-05         8.17928e-06         6.59131e-06         5.31164e-06         4.28009e-06         3.44933e-06         2.77937e-06         2.23991e-06         1.80496e-06         1.45452e-06         1.17214e-06         9.44496e-07         7.61175e-07         6.13337e-07         4.94288e-07         3.98309e-07         3.20972e-07         2.58661e-07         2.08424e-07         1.67971e-07         1.35348e-07         1.09076e-07         8.78965e-08         7.08297e-08         5.70798e-08         4.59932e-08         3.70667e-08         2.9868e-08          2.40701e-08         
60      577.969288        529.703265           106.209773         19.3959             15.6306             12.5958             10.1498             8.17963             6.5908              5.31169             4.28018             3.44924             2.77957             2.23979             1.80503             1.45443             1.17215             0.944527            0.761154            0.613379            0.494258            0.398322            0.320956            0.258661            0.208433            0.167966            0.135357            0.109069            0.0878991           0.070827            0.0570795           0.0459959           0.0370654           0.0298697           0.0240684           0.019397            0.0156297           0.0125959           0.0101501           0.0081793           0.00659146          0.00531122          0.0042804           0.00344909          0.00277957          0.00223987          0.00180494          0.00145456          0.00117204          0.000944569         0.000761128         0.000613376         0.000494282         0.000398301         0.000320984         0.000258635         0.000208441         0.000167962         0.000135355         0.000109075         8.78939e-05         7.08327e-05         5.70741e-05         4.59974e-05         3.70649e-05         2.98692e-05         2.40701e-05         1.93957e-05         1.56309e-05         1.25948e-05         1.01504e-05         8.17928e-06         6.59131e-06         5.31164e-06         4.28009e-06         3.44933e-06         2.77937e-06         2.23991e-06         1.80496e-06         1.45452e-06         1.17214e-06         9.44496e-07         7.61175e-07         6.13337e-07         4.94288e-07         3.98309e-07         3.20972e-07         2.58661e-07         2.08424e-07         1.67971e-07         1.35348e-07         1.09076e-07         8.78965e-08         7.08297e-08         5.70798e-08         4.59932e-08         3.70667e-08         2.9868e-08          2.40701e-08         
61      693.856788        635.913038           127.505688         19.3959             15.6306             12.5958             10.1498             8.17963             6.5908              5.31169             4.28018             3.44924             2.77957             2.23979             1.80503             1.45443             1.17215             0.944527            0.761154            0.613379            0.494258            0.398322            0.320956            0.258661            0.208433            0.167966            0.135357            0.109069            0.0878991           0.070827            0.0570795           0.0459959           0.0370654           0.0298697           0.0240684           0.019397            0.0156297           0.0125959           0.0101501           0.0081793           0.00659146          0.00531122          0.0042804           0.00344909          0.00277957          0.00223987          0.00180494          0.00145456          0.00117204          0.000944569         0.000761128         0.000613376         0.000494282         0.000398301         0.000320984         0.000258635         0.000208441         0.000167962         0.000135355         0.000109075         8.78939e-05         7.08327e-05         5.70741e-05         4.59974e-05         3.70649e-05         2.98692e-05         2.40701e-05         1.93957e-05         1.56309e-05         1.25948e-05         1.01504e-05         8.17928e-06         6.59131e-06         5.31164e-06         4.28009e-06         3.44933e-06         2.77937e-06         2.23991e-06         1.80496e-06         1.45452e-06         1.17214e-06         9.44496e-07         7.61175e-07         6.13337e-07         4.94288e-07         3.98309e-07         3.20972e-07         2.58661e-07         2.08424e-07         1.67971e-07         1.35348e-07         1.09076e-07         8.78965e-08         7.08297e-08         5.70798e-08         4.59932e-08         3.70667e-08         2.9868e-08          2.40701e-08         
62      832.980665        763.418726           153.071606         19.3959             15.6306             12.5958             10.1498             8.17963             6.5908              5.31169             4.28018             3.44924             2.77957             2.23979             1.80503             1.45443             1.17215             0.944527            0.761154            0.613379            0.494258            0.398322            0.320956            0.258661            0.208433            0.167966            0.135357            0.109069            0.0878991           0.070827            0.0570795           0.0459959           0.0370654           0.0298697           0.0240684           0.019397            0.0156297           0.0125959           0.0101501           0.0081793           0.00659146          0.00531122          0.0042804           0.00344909          0.00277957          0.00223987          0.00180494          0.00145456          0.00117204          0.000944569         0.000761128         0.000613376         0.000494282         0.000398301         0.000320984         0.000258635         0.000208441         0.000167962         0.000135355         0.000109075         8.78939e-05         7.08327e-05         5.70741e-05         4.59974e-05         3.70649e-05         2.98692e-05         2.40701e-05         1.93957e-05         1.56309e-05         1.25948e-05         1.01504e-05         8.17928e-06         6.59131e-06         5.31164e-06         4.28009e-06         3.44933e-06         2.77937e-06         2.23991e-06         1.80496e-06         1.45452e-06         1.17214e-06         9.44496e-07         7.61175e-07         6.13337e-07         4.94288e-07         3.98309e-07         3.20972e-07         2.58661e-07         2.08424e-07         1.67971e-07         1.35348e-07         1.09076e-07         8.78965e-08         7.08297e-08         5.70798e-08         4.59932e-08         3.70667e-08         2.9868e-08          2.40701e-08         
63      1000              916.490332           167.019335         19.3959             15.6306             12.5958             10.1498             8.17963             6.5908              5.31169             4.28018             3.44924             2.77957             2.23979             1.80503             1.45443             1.17215             0.944527            0.761154            0.613379            0.494258            0.398322            0.320956            0.258661            0.208433            0.167966            0.135357            0.109069            0.0878991           0.070827            0.0570795           0.0459959           0.0370654           0.0298697           0.0240684           0.019397            0.0156297           0.0125959           0.0101501           0.0081793           0.00659146          0.00531122          0.0042804           0.00344909          0.00277957          0.00223987          0.00180494          0.00145456          0.00117204          0.000944569         0.000761128         0.000613376         0.000494282         0.000398301         0.000320984         0.000258635         0.000208441         0.000167962         0.000135355         0.000109075         8.78939e-05         7.08327e-05         5.70741e-05         4.59974e-05         3.70649e-05         2.98692e-05         2.40701e-05         1.93957e-05         1.56309e-05         1.25948e-05         1.01504e-05         8.17928e-06         6.59131e-06         5.31164e-06         4.28009e-06         3.44933e-06         2.77937e-06         2.23991e-06         1.80496e-06         1.45452e-06         1.17214e-06         9.44496e-07         7.61175e-07         6.13337e-07         4.94288e-07         3.98309e-07         3.20972e-07         2.58661e-07         2.08424e-07         1.67971e-07         1.35348e-07         1.09076e-07         8.78965e-08         7.08297e-08         5.70798e-08         4.59932e-08         3.70667e-08         2.9868e-08          2.40701e-08         