This file contains the Planck (blackbody) function at each interface. 
Planck function given in [erg s^-1 cm^-3 sr^-1].
bin     cent_lambda[um]   low_int_lambda[um]   delta_lambda[um]   B_int[0]   B_int[1]   B_int[2]   B_int[3]   B_int[4]   B_int[5]   B_int[6]   B_int[7]   B_int[8]   B_int[9]   B_int[10]   B_int[11]   B_int[12]   B_int[13]   B_int[14]   B_int[15]   B_int[16]   B_int[17]   B_int[18]   B_int[19]   B_int[20]   B_int[21]   B_int[22]   B_int[23]   B_int[24]   B_int[25]   B_int[26]   B_int[27]   B_int[28]   B_int[29]   B_int[30]   B_int[31]   B_int[32]   B_int[33]   B_int[34]   B_int[35]   B_int[36]   B_int[37]   B_int[38]   B_int[39]   B_int[40]   B_int[41]   B_int[42]   B_int[43]   B_int[44]   B_int[45]   B_int[46]   B_int[47]   B_int[48]   B_int[49]   B_int[50]   B_int[51]   B_int[52]   B_int[53]   B_int[54]   B_int[55]   B_int[56]   B_int[57]   B_int[58]   B_int[59]   B_int[60]   B_int[61]   B_int[62]   B_int[63]   B_int[64]   B_int[65]   B_int[66]   B_int[67]   B_int[68]   B_int[69]   B_int[70]   B_int[71]   B_int[72]   B_int[73]   B_int[74]   B_int[75]   B_int[76]   B_int[77]   B_int[78]   B_int[79]   B_int[80]   B_int[81]   B_int[82]   B_int[83]   B_int[84]   B_int[85]   B_int[86]   B_int[87]   B_int[88]   B_int[89]   B_int[90]   B_int[91]   B_int[92]   B_int[93]   B_int[94]   B_int[95]   B_int[96]   
0       0.01              0.00899745971        0.00200508058      0               0               0               0               0               0               0               0               0               0               0               0               0               0               0               0               0               0               0               0               0               0               0               0               0               0               0               0               0               0               0               0               0               0               0               0               0               0               0               0               0               0               0               0               0               0               0               0               0               0               0               0               0               0               0               0               0               0               0               0               0               0               0               0               0               0               0               0               0               0               0               0               0               0               0               0               0               0               0               0               0               0               0               0               0               0               0               0               0               0               0               0               0               0               0               0               0               
1       0.0120050806      0.0110025403         0.00220609798      0               0               0               0               0               0               0               0               0               0               0               0               0               0               0               0               0               0               0               0               0               0               0               0               0               0               0               0               0               0               0               0               0               0               0               0               0               0               0               0               0               0               0               0               0               0               0               0               0               0               0               0               0               0               0               0               0               0               0               0               0               0               0               0               0               0               0               0               0               0               0               0               0               0               0               0               0               0               0               0               0               0               0               0               0               0               0               0               0               0               0               0               0               0               0               0               0               
2       0.014412196       0.0132086383         0.00264843841      0               0               0               0               0               0               0               0               0               0               0               0               0               0               0               0               0               0               0               0               0               0               0               0               0               0               0               0               0               0               0               0               0               0               0               0               0               0               0               0               0               0               0               0               0               0               0               0               0               0               0               0               0               0               0               0               0               0               0               0               0               0               0               0               0               0               0               0               0               0               0               0               0               0               0               0               0               0               0               0               0               0               0               0               0               0               0               0               0               0               0               0               0               0               0               0               0               
3       0.0173019574      0.0158570767         0.00317947165      0               0               0               0               0               0               0               0               0               0               0               0               0               0               0               0               0               0               0               0               0               0               0               0               0               0               0               0               0               0               0               0               0               0               0               0               0               0               0               0               0               0               0               0               0               0               0               0               0               0               0               0               0               0               0               0               0               0               0               0               0               0               0               0               0               0               0               0               0               0               0               0               0               0               0               0               0               0               0               0               0               0               0               0               0               0               0               0               0               0               0               0               0               0               0               0               0               
4       0.0207711393      0.0190365483         0.00381698133      0               0               0               0               0               0               0               0               0               0               0               0               0               0               0               0               0               0               0               0               0               0               0               0               0               0               0               0               0               0               0               0               0               0               0               0               0               0               0               0               0               0               0               0               0               0               0               0               0               0               0               0               0               0               0               0               0               0               0               0               0               0               0               0               0               0               0               0               0               0               0               0               0               0               0               0               0               0               0               0               0               0               0               0               0               0               0               0               0               0               0               0               0               0               0               0               0               
5       0.02493592        0.0228535297         0.00458231684      1.40643e-298    0               0               0               0               0               0               0               0               0               0               0               0               0               0               0               0               0               0               0               0               0               0               0               0               0               0               0               0               0               0               0               0               0               0               0               0               0               0               0               0               0               0               0               0               0               0               0               0               0               0               0               0               0               0               0               0               0               0               0               0               0               0               0               0               0               0               0               0               0               0               0               0               0               0               0               0               0               0               0               0               0               0               0               0               0               0               0               0               0               0               0               0               0               0               0               0               
6       0.0299357729      0.0274358465         0.00550110829      1.09667e-245    1.41592e-256    3.04733e-268    3.11139e-280    6.07826e-293    0               0               0               0               0               0               0               0               0               0               0               0               0               0               0               0               0               0               0               0               0               0               0               0               0               0               0               0               0               0               0               0               0               0               0               0               0               0               0               0               0               0               0               0               0               0               0               0               0               0               0               0               0               0               0               0               0               0               0               0               0               0               0               0               0               0               0               0               0               0               0               0               0               0               0               0               0               0               0               0               0               0               0               0               0               0               0               0               0               0               0               0               
7       0.0359381366      0.0329369548         0.00660412483      1.11544e-201    9.31229e-211    1.79338e-220    1.77312e-230    4.69453e-241    6.59486e-252    2.00707e-263    3.68531e-275    1.21849e-287    2.68236e-300    0               0               0               0               0               0               0               0               0               0               0               0               0               0               0               0               0               0               0               0               0               0               0               0               0               0               0               0               0               0               0               0               0               0               0               0               0               0               0               0               0               0               0               0               0               0               0               0               0               0               0               0               0               0               0               0               0               0               0               0               0               0               0               0               0               0               0               0               0               0               0               0               0               0               0               0               0               0               0               0               0               0               0               0               0               0               0               
8       0.0431440226      0.0395410796         0.00792830508      4.50706e-165    1.21592e-172    9.85508e-181    4.42778e-189    6.94832e-198    6.13757e-207    1.60025e-216    2.57212e-226    1.05188e-236    2.80619e-247    1.8514e-258     2.10581e-270    2.04737e-282    2.81601e-295    0               0               0               0               0               0               0               0               0               0               0               0               0               0               0               0               0               0               0               0               0               0               0               0               0               0               0               0               0               0               0               0               0               0               0               0               0               0               0               0               0               0               0               0               0               0               0               0               0               0               0               0               0               0               0               0               0               0               0               0               0               0               0               0               0               0               0               0               0               0               0               0               0               0               0               0               0               0               0               0               0               0               0               
9       0.0517947468      0.0474693847         0.00951799413      1.24517e-134    6.08861e-141    1.10884e-147    1.20418e-154    5.63081e-162    1.57488e-169    1.66178e-177    1.11515e-185    2.50908e-194    3.68606e-203    1.78184e-212    2.1202e-222     2.02763e-232    4.01205e-243    9.05665e-254    4.03896e-265    3.41817e-277    2.87455e-289    2.4907e-302     0               0               0               0               0               0               0               0               0               0               0               0               0               0               0               0               0               0               0               0               0               0               0               0               0               0               0               0               0               0               0               0               0               0               0               0               0               0               0               0               0               0               0               0               0               0               0               0               0               0               0               0               0               0               0               0               0               0               0               0               0               0               0               0               0               0               0               0               0               0               0               0               0               0               0               0               0               0               
10      0.0621800109      0.0569873788         0.0114264286       2.5169e-109     1.37736e-114    3.34409e-120    5.18198e-126    4.07714e-132    2.03735e-138    4.6631e-145     7.0476e-152     4.44564e-159    1.86301e-166    3.21458e-174    1.81729e-182    7.96836e-191    9.8535e-200     1.23717e-208    4.19867e-218    3.82762e-228    2.90977e-238    3.49714e-249    3.749e-260      4.82139e-272    1.50307e-283    4.0644e-294     7.6833e-305     0               0               0               0               0               0               0               0               0               0               0               0               0               0               0               0               0               0               0               0               0               0               0               0               0               0               0               0               0               0               0               0               0               0               0               0               0               0               0               0               0               0               0               0               0               0               0               0               0               0               0               0               0               0               0               0               0               0               0               0               0               0               0               0               0               0               0               0               0               0               0               0               0               
11      0.0746476041      0.0684138075         0.0137175197       2.68107e-88     1.09847e-92     2.30309e-97     3.27901e-102    2.6999e-107     1.49513e-112    4.42024e-118    8.99025e-124    9.07512e-130    6.26193e-136    2.12054e-142    2.95417e-149    3.1453e-156     1.21344e-163    4.37827e-171    5.50704e-179    2.45264e-187    8.16497e-196    6.25771e-205    4.50671e-214    6.27533e-224    1.61645e-233    2.3108e-242     2.77326e-251    2.92012e-259    2.56627e-267    5.33626e-274    1.02537e-280    1.01122e-285    1.22398e-290    1.70765e-295    2.02315e-298    2.39642e-301    5.50618e-304    0               0               0               0               0               0               0               0               0               0               0               0               0               0               0               0               0               0               0               0               0               0               0               0               0               0               0               0               0               0               0               0               0               0               0               0               0               0               0               0               0               0               0               0               0               0               0               0               0               0               0               0               0               0               0               0               0               0               0               0               0               0               0               
12      0.0896150502      0.0821313271         0.0164679929       7.79652e-71     1.71034e-74     2.15781e-78     1.95425e-82     1.1349e-86      4.67468e-91     1.16041e-95     2.06624e-100    2.094e-105      1.50225e-110    6.07028e-116    1.20822e-121    1.8394e-127     1.24133e-133    7.42612e-140    1.90189e-146    2.14243e-153    1.70799e-160    4.30688e-168    1.00351e-175    6.70333e-184    6.82114e-192    2.68506e-199    1.07143e-206    2.29632e-213    4.8349e-220     1.25193e-225    3.34914e-231    2.06623e-235    1.65045e-239    1.61115e-243    5.21353e-246    1.72019e-248    1.11466e-250    1.10328e-252    9.58478e-255    2.79205e-255    4.30837e-257    2.32318e-257    7.24261e-258    1.96703e-259    1.54213e-259    1.19968e-259    9.23743e-260    7.0167e-260     5.22474e-260    3.77909e-260    2.61925e-260    1.6793e-260     9.20753e-261    3.16105e-261    7.88096e-262    7.73391e-262    7.61469e-262    7.51931e-262    7.4438e-262     7.3822e-262     7.33054e-262    7.28881e-262    7.25702e-262    7.23119e-262    7.21132e-262    7.19542e-262    7.18151e-262    7.16959e-262    7.15965e-262    7.15369e-262    7.14773e-262    7.14177e-262    7.13978e-262    7.13779e-262    7.13382e-262    7.13183e-262    7.12985e-262    7.12786e-262    7.12786e-262    7.12786e-262    7.12786e-262    7.12786e-262    7.12587e-262    7.12388e-262    7.12388e-262    7.12388e-262    7.12388e-262    7.12388e-262    7.12388e-262    7.12388e-262    7.12388e-262    7.12388e-262    7.12388e-262    7.12388e-262    7.12388e-262    7.12388e-262    7.12388e-262    7.12388e-262    7.12388e-262    7.12388e-262    
13      0.10758359        0.09859932           0.0197699582       2.4363e-56      2.1638e-59      1.21624e-62     5.15433e-66     1.52086e-69     3.34022e-73     4.86725e-77     5.29864e-81     3.65893e-85     1.85723e-89     5.91882e-94     1.07091e-98     1.49937e-103    1.09348e-108    6.85426e-114    2.16976e-119    3.57696e-125    4.11565e-131    1.93544e-137    8.09301e-144    1.31921e-150    2.86873e-157    1.8113e-163     1.31837e-169    3.49482e-175    1.02761e-180    2.18076e-185    5.21099e-190    1.48884e-193    5.72356e-197    2.8108e-200     2.11495e-202    1.65548e-204    2.52098e-206    5.89206e-208    1.23742e-209    3.67949e-210    1.37532e-211    7.4653e-212     2.40085e-212    1.57625e-213    1.23791e-213    9.65229e-214    7.45509e-214    5.68679e-214    4.25991e-214    3.10877e-214    2.18523e-214    1.43678e-214    8.32765e-215    3.51302e-215    1.61194e-215    1.58202e-215    1.55776e-215    1.53836e-215    1.523e-215      1.51046e-215    1.49995e-215    1.49146e-215    1.48499e-215    1.47974e-215    1.4757e-215     1.47246e-215    1.46963e-215    1.46721e-215    1.46519e-215    1.46397e-215    1.46276e-215    1.46155e-215    1.46114e-215    1.46074e-215    1.45993e-215    1.45953e-215    1.45912e-215    1.45872e-215    1.45872e-215    1.45872e-215    1.45872e-215    1.45872e-215    1.45831e-215    1.45791e-215    1.45791e-215    1.45791e-215    1.45791e-215    1.45791e-215    1.45791e-215    1.45791e-215    1.45791e-215    1.45791e-215    1.45791e-215    1.45791e-215    1.45791e-215    1.45791e-215    1.45791e-215    1.45791e-215    1.45791e-215    1.45791e-215    
14      0.129154967       0.118369278          0.0237339941       2.56187e-44     7.29675e-47     1.4229e-49      2.18363e-52     2.49239e-55     2.21054e-58     1.40437e-61     6.92506e-65     2.36091e-68     6.14273e-72     1.09379e-75     1.23669e-79     1.10205e-83     5.81791e-88     2.60363e-92     6.71777e-97     1.02912e-101    1.11476e-106    6.02507e-112    2.80019e-117    6.38103e-123    1.77815e-128    1.14953e-133    9.24827e-139    2.00535e-143    5.24156e-148    6.4418e-152     9.48633e-156    9.79555e-159    1.3933e-161     2.60891e-164    4.00697e-166    6.54296e-168    2.02085e-169    9.52346e-171    4.14128e-172    1.2785e-172     9.78081e-174    5.37583e-174    1.82796e-174    2.41032e-175    1.89934e-175    1.48751e-175    1.15568e-175    8.88616e-176    6.73119e-176    4.99267e-176    3.59786e-176    2.4675e-176     1.55528e-176    8.28142e-177    5.37627e-177    5.27754e-177    5.19749e-177    5.13345e-177    5.08275e-177    5.04139e-177    5.00671e-177    4.97869e-177    4.95734e-177    4.94e-177       4.92665e-177    4.91598e-177    4.90664e-177    4.89864e-177    4.89197e-177    4.88796e-177    4.88396e-177    4.87996e-177    4.87862e-177    4.87729e-177    4.87462e-177    4.87329e-177    4.87195e-177    4.87062e-177    4.87062e-177    4.87062e-177    4.87062e-177    4.87062e-177    4.86929e-177    4.86795e-177    4.86795e-177    4.86795e-177    4.86795e-177    4.86795e-177    4.86795e-177    4.86795e-177    4.86795e-177    4.86795e-177    4.86795e-177    4.86795e-177    4.86795e-177    4.86795e-177    4.86795e-177    4.86795e-177    4.86795e-177    4.86795e-177    
15      0.155051578       0.142103272          0.0284928511       2.34634e-34     1.76467e-36     9.69478e-39     4.34975e-41     1.53088e-43     4.34783e-46     9.40497e-49     1.63521e-51     2.10546e-54     2.14404e-57     1.60078e-60     8.29014e-64     3.459e-67       9.47233e-71     2.19511e-74     3.26092e-78     3.18508e-82     2.26291e-86     9.34114e-91     3.2519e-95      6.56011e-100    1.53049e-104    6.96521e-109    4.08634e-113    5.13967e-117    8.18954e-121    4.36874e-124    2.9074e-127     8.84441e-130    3.73961e-132    2.11509e-134    5.96903e-136    1.83276e-137    1.01529e-138    8.42888e-140    6.65197e-141    2.17719e-141    2.9423e-142     1.65045e-142    6.09957e-143    1.36974e-143    1.08547e-143    8.56372e-144    6.71768e-144    5.23199e-144    4.03315e-144    3.06599e-144    2.29005e-144    1.66122e-144    1.15374e-144    7.49222e-145    5.84401e-145    5.73865e-145    5.65322e-145    5.58487e-145    5.53077e-145    5.48663e-145    5.44961e-145    5.41971e-145    5.39692e-145    5.37841e-145    5.36418e-145    5.35279e-145    5.34282e-145    5.33428e-145    5.32716e-145    5.32288e-145    5.31861e-145    5.31434e-145    5.31292e-145    5.31149e-145    5.30865e-145    5.30722e-145    5.3058e-145     5.30437e-145    5.30437e-145    5.30437e-145    5.30437e-145    5.30437e-145    5.30295e-145    5.30153e-145    5.30153e-145    5.30153e-145    5.30153e-145    5.30153e-145    5.30153e-145    5.30153e-145    5.30153e-145    5.30153e-145    5.30153e-145    5.30153e-145    5.30153e-145    5.30153e-145    5.30153e-145    5.30153e-145    5.30153e-145    5.30153e-145    
16      0.186140669       0.170596123          0.0342058974       4.13343e-26     6.98134e-28     9.08616e-30     9.96974e-32     8.95922e-34     6.71395e-36     4.02611e-38     2.00232e-40     7.79228e-43     2.47812e-45     6.10795e-48     1.11993e-50     1.69346e-53     1.82342e-56     1.67194e-59     1.06976e-62     4.8744e-66      1.67343e-69     3.74651e-73     7.03447e-77     8.63973e-81     1.18407e-84     2.77044e-88     8.40552e-92     4.60497e-95     3.26855e-98     5.95515e-101    1.38258e-103    1.04625e-105    1.09612e-107    1.54064e-109    7.33334e-111    3.88244e-112    3.48511e-113    4.55258e-114    5.83102e-115    2.06571e-115    4.34763e-116    2.51094e-116    1.03164e-116    3.43101e-117    2.74188e-117    2.18648e-117    1.73895e-117    1.37878e-117    1.08815e-117    8.53689e-118    6.6558e-118     5.13134e-118    3.90108e-118    2.92043e-118    2.50916e-118    2.46519e-118    2.42955e-118    2.40103e-118    2.37845e-118    2.36003e-118    2.34459e-118    2.33211e-118    2.3226e-118     2.31488e-118    2.30894e-118    2.30419e-118    2.30003e-118    2.29646e-118    2.29349e-118    2.29171e-118    2.28993e-118    2.28815e-118    2.28755e-118    2.28696e-118    2.28577e-118    2.28517e-118    2.28458e-118    2.28399e-118    2.28399e-118    2.28399e-118    2.28399e-118    2.28399e-118    2.28339e-118    2.2828e-118     2.2828e-118     2.2828e-118     2.2828e-118     2.2828e-118     2.2828e-118     2.2828e-118     2.2828e-118     2.2828e-118     2.2828e-118     2.2828e-118     2.2828e-118     2.2828e-118     2.2828e-118     2.2828e-118     2.2828e-118     2.2828e-118     
17      0.223463373       0.204802021          0.0410644554       2.71006e-19     8.98107e-21     2.39702e-22     5.54193e-24     1.08688e-25     1.8286e-27      2.5621e-29      3.06079e-31     2.99108e-33     2.45977e-35     1.63986e-37     8.59853e-40     3.80503e-42     1.2795e-44      3.70496e-47     8.01232e-50     1.31424e-52     1.68485e-55     1.538e-58       1.18307e-61     6.50596e-65     3.8995e-68      3.60045e-71     4.25667e-74     7.99432e-77     1.94931e-79     9.93349e-82     6.48651e-84     1.06053e-85     2.3662e-87      7.02503e-89     5.25184e-90     4.44526e-91     5.95048e-92     1.11614e-92     2.11274e-93     8.23204e-94     2.43234e-94     1.45837e-94     6.73912e-95     2.97242e-95     2.40226e-95     1.94274e-95     1.57247e-95     1.27447e-95     1.03401e-95     8.40025e-96     6.8439e-96      5.58261e-96     4.56473e-96     3.75337e-96     3.39987e-96     3.34267e-96     3.29629e-96     3.25919e-96     3.22982e-96     3.20586e-96     3.18576e-96     3.16953e-96     3.15716e-96     3.14711e-96     3.13938e-96     3.1332e-96      3.12779e-96     3.12315e-96     3.11929e-96     3.11697e-96     3.11465e-96     3.11233e-96     3.11156e-96     3.11078e-96     3.10924e-96     3.10846e-96     3.10769e-96     3.10692e-96     3.10692e-96     3.10692e-96     3.10692e-96     3.10692e-96     3.10615e-96     3.10537e-96     3.10537e-96     3.10537e-96     3.10537e-96     3.10537e-96     3.10537e-96     3.10537e-96     3.10537e-96     3.10537e-96     3.10537e-96     3.10537e-96     3.10537e-96     3.10537e-96     3.10537e-96     3.10537e-96     3.10537e-96     3.10537e-96     
18      0.26826958        0.245866476          0.0492982096       1.14611e-13     6.65921e-15     3.23211e-16     1.39061e-17     5.22298e-19     1.72411e-20     4.89596e-22     1.2144e-23      2.55413e-25     4.63904e-27     7.08554e-29     8.89916e-31     9.64176e-33     8.36075e-35     6.32912e-37     3.77863e-39     1.79915e-41     6.93395e-44     2.03578e-46     5.09374e-49     9.73735e-52     1.99627e-54     5.81969e-57     2.12409e-59     1.11881e-61     7.56346e-64     9.12277e-66     1.40137e-67     4.39703e-69     1.84203e-70     1.00995e-71     1.11563e-72     1.41088e-73     2.63178e-74     6.59639e-75     1.7083e-75      7.38456e-76     2.82283e-76     1.76823e-76     9.18825e-77     4.95342e-77     4.05892e-77     3.338e-77       2.75711e-77     2.2896e-77      1.91236e-77     1.60803e-77     1.36386e-77     1.16598e-77     1.00629e-77     8.79004e-78     8.20933e-78     8.07847e-78     7.97236e-78     7.88747e-78     7.82027e-78     7.76544e-78     7.71946e-78     7.68232e-78     7.65403e-78     7.63104e-78     7.61335e-78     7.59921e-78     7.58683e-78     7.57621e-78     7.56737e-78     7.56207e-78     7.55676e-78     7.55146e-78     7.54969e-78     7.54792e-78     7.54438e-78     7.54261e-78     7.54084e-78     7.53908e-78     7.53908e-78     7.53908e-78     7.53908e-78     7.53908e-78     7.53731e-78     7.53554e-78     7.53554e-78     7.53554e-78     7.53554e-78     7.53554e-78     7.53554e-78     7.53554e-78     7.53554e-78     7.53554e-78     7.53554e-78     7.53554e-78     7.53554e-78     7.53554e-78     7.53554e-78     7.53554e-78     7.53554e-78     7.53554e-78     
19      0.322059792       0.295164686          0.0591828978       4.94355e-09     4.58508e-10     3.66162e-11     2.64317e-12     1.70525e-13     9.87061e-15     5.04669e-16     2.30141e-17     9.16255e-19     3.22193e-20     9.81749e-22     2.54942e-23     5.82729e-25     1.11127e-26     1.87734e-28     2.61327e-30     3.02054e-32     2.91738e-34     2.26216e-36     1.51707e-38     8.17799e-41     4.67257e-43     3.56441e-45     3.31529e-47     4.13823e-49     6.50093e-51     1.61376e-52     5.03016e-54     2.73959e-55     1.94046e-56     1.75955e-57     2.72254e-58     4.84111e-59     1.19042e-59     3.77127e-60     1.25529e-60     6.02727e-61     2.80159e-61     1.84011e-61     1.06572e-61     6.6297e-62      5.51884e-62     4.62354e-62     3.90214e-62     3.32155e-62     2.85307e-62     2.47512e-62     2.17189e-62     1.92615e-62     1.72783e-62     1.56976e-62     1.49382e-62     1.47157e-62     1.45352e-62     1.43908e-62     1.42765e-62     1.41832e-62     1.4105e-62      1.40419e-62     1.39937e-62     1.39546e-62     1.39246e-62     1.39005e-62     1.38794e-62     1.38614e-62     1.38463e-62     1.38373e-62     1.38283e-62     1.38193e-62     1.38163e-62     1.38133e-62     1.38072e-62     1.38042e-62     1.38012e-62     1.37982e-62     1.37982e-62     1.37982e-62     1.37982e-62     1.37982e-62     1.37952e-62     1.37922e-62     1.37922e-62     1.37922e-62     1.37922e-62     1.37922e-62     1.37922e-62     1.37922e-62     1.37922e-62     1.37922e-62     1.37922e-62     1.37922e-62     1.37922e-62     1.37922e-62     1.37922e-62     1.37922e-62     1.37922e-62     1.37922e-62     
20      0.386635375       0.354347584          0.0710495457       3.18557e-05     4.3618e-06      5.27311e-07     5.85782e-08     5.92947e-09     5.48e-10        4.57136e-11     3.46279e-12     2.34523e-13     1.43036e-14     7.74797e-16     3.68143e-17     1.56788e-18     5.76013e-20     1.90216e-21     5.36187e-23     1.29667e-24     2.69489e-26     4.68581e-28     7.16043e-30     9.15146e-32     1.22854e-33     2.09388e-35     4.23648e-37     1.08789e-38     3.43436e-40     1.56032e-41     8.73474e-43     7.58127e-44     8.31996e-45     1.14015e-45     2.35692e-46     5.58439e-47     1.72919e-47     6.63247e-48     2.69944e-48     1.43298e-48     7.73591e-49     5.33228e-49     3.39634e-49     2.34347e-49     1.98417e-49     1.69458e-49     1.46125e-49     1.27345e-49     1.12192e-49     9.99674e-50     9.01595e-50     8.2211e-50      7.57965e-50     7.06835e-50     6.80904e-50     6.71547e-50     6.63959e-50     6.5789e-50      6.53084e-50     6.49164e-50     6.45876e-50     6.43221e-50     6.41198e-50     6.39554e-50     6.38289e-50     6.37278e-50     6.36392e-50     6.35634e-50     6.35001e-50     6.34622e-50     6.34243e-50     6.33863e-50     6.33737e-50     6.3361e-50      6.33358e-50     6.33231e-50     6.33105e-50     6.32978e-50     6.32978e-50     6.32978e-50     6.32978e-50     6.32978e-50     6.32852e-50     6.32725e-50     6.32725e-50     6.32725e-50     6.32725e-50     6.32725e-50     6.32725e-50     6.32725e-50     6.32725e-50     6.32725e-50     6.32725e-50     6.32725e-50     6.32725e-50     6.32725e-50     6.32725e-50     6.32725e-50     6.32725e-50     6.32725e-50     
21      0.464158883       0.425397129          0.0852955522       0.0421422       0.00798187      0.00136287      0.000216811     3.19325e-05     4.35795e-06     5.46431e-07     6.3176e-08      6.65904e-09     6.42659e-10     5.6214e-11      4.4152e-12      3.15869e-13     2.00251e-14     1.15701e-15     5.87165e-17     2.62537e-18     1.0336e-19      3.51786e-21     1.06916e-22     2.8049e-24      7.67351e-26     2.55906e-27     9.88086e-29     4.63584e-30     2.6093e-31      1.96613e-32     1.78726e-33     2.29842e-34     3.63378e-35     6.99235e-36     1.8519e-36      5.58014e-37     2.09466e-37     9.40504e-38     4.49943e-38     2.61873e-38     1.58749e-38     1.1467e-38      7.91672e-39     5.89689e-39     5.08016e-39     4.42192e-39     3.89153e-39     3.46467e-39     3.12023e-39     2.84235e-39     2.61941e-39     2.43874e-39     2.29294e-39     2.17671e-39     2.11447e-39     2.08801e-39     2.06655e-39     2.04939e-39     2.0358e-39      2.02471e-39     2.01541e-39     2.0079e-39      2.00218e-39     1.99753e-39     1.99396e-39     1.99109e-39     1.98859e-39     1.98645e-39     1.98466e-39     1.98358e-39     1.98251e-39     1.98144e-39     1.98108e-39     1.98072e-39     1.98001e-39     1.97965e-39     1.97929e-39     1.97894e-39     1.97894e-39     1.97894e-39     1.97894e-39     1.97894e-39     1.97858e-39     1.97822e-39     1.97822e-39     1.97822e-39     1.97822e-39     1.97822e-39     1.97822e-39     1.97822e-39     1.97822e-39     1.97822e-39     1.97822e-39     1.97822e-39     1.97822e-39     1.97822e-39     1.97822e-39     1.97822e-39     1.97822e-39     1.97822e-39     
22      0.55722648        0.510692681          0.102397998        14.9084         3.70031         0.842366        0.180745        0.0363796       0.00686969      0.00120934      0.000198867     3.02946e-05     4.28553e-06     5.58743e-07     6.66691e-08     7.34843e-09     7.33557e-10     6.75899e-11     5.5984e-12      4.17562e-13     2.79967e-14     1.66595e-15     8.98666e-17     4.29258e-18     2.12538e-19     1.241e-20       8.2038e-22      6.36655e-23     5.7887e-24      6.65992e-25     9.04644e-26     1.61998e-26     3.47237e-27     8.83673e-28     2.88987e-28     1.06412e-28     4.69132e-29     2.4004e-29      1.30842e-29     8.26535e-30     5.4883e-30      4.14173e-30     3.05717e-30     2.41257e-30     2.11419e-30     1.87371e-30     1.67994e-30     1.524e-30       1.39816e-30     1.29664e-30     1.2152e-30      1.14919e-30     1.09592e-30     1.05346e-30     1.0295e-30      1.0179e-30      1.00849e-30     1.00097e-30     9.95013e-31     9.90154e-31     9.86079e-31     9.82787e-31     9.80279e-31     9.78242e-31     9.76674e-31     9.7542e-31      9.74323e-31     9.73383e-31     9.72599e-31     9.72129e-31     9.71659e-31     9.71188e-31     9.71032e-31     9.70875e-31     9.70561e-31     9.70405e-31     9.70248e-31     9.70091e-31     9.70091e-31     9.70091e-31     9.70091e-31     9.70091e-31     9.69934e-31     9.69778e-31     9.69778e-31     9.69778e-31     9.69778e-31     9.69778e-31     9.69778e-31     9.69778e-31     9.69778e-31     9.69778e-31     9.69778e-31     9.69778e-31     9.69778e-31     9.69778e-31     9.69778e-31     9.69778e-31     9.69778e-31     9.69778e-31     
23      0.668954879       0.613090679          0.122929621        1756.18         546.173         158.033         43.5171         11.3628         2.81262         0.656846        0.144871        0.0299904       0.00583449      0.00106071      0.00017924      2.83216e-05     4.12518e-06     5.60965e-07     6.98808e-08     7.98074e-09     8.33813e-10     7.89723e-11     6.8746e-12      5.41045e-13     4.3916e-14      4.09083e-15     4.23105e-16     4.99712e-17     6.7652e-18      1.10871e-18     2.10109e-19     4.9699e-20      1.37298e-20     4.40027e-21     1.72058e-21     7.48605e-22     3.77478e-22     2.15354e-22     1.30492e-22     8.85363e-23     6.32099e-23     4.96362e-23     3.87035e-23     3.19331e-23     2.84418e-23     2.56281e-23     2.33608e-23     2.15361e-23     2.00638e-23     1.88759e-23     1.79229e-23     1.71506e-23     1.65273e-23     1.60305e-23     1.5736e-23      1.5578e-23      1.545e-23       1.53475e-23     1.52664e-23     1.52003e-23     1.51448e-23     1.50999e-23     1.50658e-23     1.5038e-23      1.50167e-23     1.49996e-23     1.49847e-23     1.49719e-23     1.49612e-23     1.49548e-23     1.49484e-23     1.4942e-23      1.49399e-23     1.49377e-23     1.49334e-23     1.49313e-23     1.49292e-23     1.4927e-23      1.4927e-23      1.4927e-23      1.4927e-23      1.4927e-23      1.49249e-23     1.49228e-23     1.49228e-23     1.49228e-23     1.49228e-23     1.49228e-23     1.49228e-23     1.49228e-23     1.49228e-23     1.49228e-23     1.49228e-23     1.49228e-23     1.49228e-23     1.49228e-23     1.49228e-23     1.49228e-23     1.49228e-23     1.49228e-23     
24      0.803085722       0.7360203            0.147578001        82591.1         31013.8         10963.8         3718.34         1206.42         374.29          110.639         31.1719         8.33251         2.11427         0.507075        0.11448         0.0244211       0.00487168      0.000916517     0.000160404     2.61196e-05     3.94875e-06     5.50579e-07     7.14312e-08     8.5229e-09      1.0443e-09      1.43583e-10     2.15575e-11     3.61403e-12     6.81007e-13     1.49986e-13     3.74679e-14     1.11943e-14     3.82089e-15     1.48163e-15     6.73676e-16     3.36705e-16     1.89932e-16     1.18671e-16     7.8385e-17      5.65503e-17     4.28007e-17     3.48196e-17     2.83914e-17     2.42573e-17     2.1933e-17      2.00598e-17     1.85504e-17     1.73357e-17     1.63554e-17     1.55646e-17     1.49302e-17     1.4416e-17      1.40011e-17     1.36704e-17     1.34653e-17     1.3346e-17      1.32492e-17     1.31718e-17     1.31106e-17     1.30606e-17     1.30186e-17     1.29848e-17     1.2959e-17      1.2938e-17      1.29219e-17     1.2909e-17      1.28977e-17     1.2888e-17      1.288e-17       1.28751e-17     1.28703e-17     1.28655e-17     1.28639e-17     1.28622e-17     1.2859e-17      1.28574e-17     1.28558e-17     1.28542e-17     1.28542e-17     1.28542e-17     1.28542e-17     1.28542e-17     1.28526e-17     1.2851e-17      1.2851e-17      1.2851e-17      1.2851e-17      1.2851e-17      1.2851e-17      1.2851e-17      1.2851e-17      1.2851e-17      1.2851e-17      1.2851e-17      1.2851e-17      1.2851e-17      1.2851e-17      1.2851e-17      1.2851e-17      1.2851e-17      
25      0.96411088        0.883598301          0.177168579        1.80147e+06     792152          331154          133697          52016.8         19491.6         7015.15         2425.01         802.376         254.127         76.7947         22.0724         6.04773         1.56779         0.386669        0.0898369       0.019658        0.00404311      0.000777787     0.000140735     2.37517e-05     4.10132e-06     7.80032e-07     1.59733e-07     3.58609e-08     8.89443e-09     2.50724e-09     7.87769e-10     2.86246e-10     1.16535e-10     5.29068e-11     2.73125e-11     1.5317e-11      9.48807e-12     6.39658e-12     4.53407e-12     3.44649e-12     2.73523e-12     2.29514e-12     1.94069e-12     1.70486e-12     1.56273e-12     1.44818e-12     1.35588e-12     1.28159e-12     1.22165e-12     1.1733e-12      1.1345e-12      1.10306e-12     1.07769e-12     1.05746e-12     1.0444e-12      1.0363e-12      1.02973e-12     1.02447e-12     1.0203e-12      1.01691e-12     1.01406e-12     1.01176e-12     1.01001e-12     1.00858e-12     1.00749e-12     1.00661e-12     1.00584e-12     1.00519e-12     1.00464e-12     1.00431e-12     1.00398e-12     1.00365e-12     1.00354e-12     1.00343e-12     1.00322e-12     1.00311e-12     1.003e-12       1.00289e-12     1.00289e-12     1.00289e-12     1.00289e-12     1.00289e-12     1.00278e-12     1.00267e-12     1.00267e-12     1.00267e-12     1.00267e-12     1.00267e-12     1.00267e-12     1.00267e-12     1.00267e-12     1.00267e-12     1.00267e-12     1.00267e-12     1.00267e-12     1.00267e-12     1.00267e-12     1.00267e-12     1.00267e-12     1.00267e-12     
26      1.15742288        1.06076688           0.212692307        2.06308e+07     1.03571e+07     4.98357e+06     2.32872e+06     1.05496e+06     463056          196513          80614.6         31883.5         12155           4455.66         1566.65         529.059         170.653         52.7656         15.5274         4.34681         1.15554         0.290637        0.0694013       0.0156382       0.00359386      0.000895716     0.000237534     6.80268e-05     2.12033e-05     7.34397e-06     2.7916e-06      1.19493e-06     5.63435e-07     2.91501e-07     1.67411e-07     1.03306e-07     6.91912e-08     4.97105e-08     3.73389e-08     2.96633e-08     2.44732e-08     2.10929e-08     1.83702e-08     1.65034e-08     1.53134e-08     1.43544e-08     1.35816e-08     1.29597e-08     1.24578e-08     1.2053e-08      1.17282e-08     1.14649e-08     1.12525e-08     1.10832e-08     1.09699e-08     1.08958e-08     1.08357e-08     1.07877e-08     1.07496e-08     1.07186e-08     1.06926e-08     1.06715e-08     1.06555e-08     1.06425e-08     1.06325e-08     1.06245e-08     1.06175e-08     1.06115e-08     1.06065e-08     1.06035e-08     1.06005e-08     1.05974e-08     1.05964e-08     1.05954e-08     1.05934e-08     1.05924e-08     1.05914e-08     1.05904e-08     1.05904e-08     1.05904e-08     1.05904e-08     1.05904e-08     1.05894e-08     1.05884e-08     1.05884e-08     1.05884e-08     1.05884e-08     1.05884e-08     1.05884e-08     1.05884e-08     1.05884e-08     1.05884e-08     1.05884e-08     1.05884e-08     1.05884e-08     1.05884e-08     1.05884e-08     1.05884e-08     1.05884e-08     1.05884e-08     
27      1.38949549        1.27345919           0.255338828        1.37522e+08     7.71713e+07     4.17903e+07     2.20792e+07     1.13658e+07     5.69723e+06     2.77628e+06     1.31476e+06     603878          268916          115883          48231.2         19401.5         7512.5          2806.36         1006.1          345.976         113.941         35.8375         10.7872         3.09352         0.902281        0.281739        0.0926774       0.0325151       0.0122566       0.00504135      0.00224503      0.0011021       0.000587323     0.00033864      0.00021266      0.000142074     0.000101564     7.69579e-05     6.06317e-05     4.99896e-05     4.25811e-05     3.75518e-05     3.35011e-05     3.06493e-05     2.87471e-05     2.72141e-05     2.59788e-05     2.49846e-05     2.41824e-05     2.35353e-05     2.30161e-05     2.25953e-05     2.22557e-05     2.1985e-05      2.17983e-05     2.16709e-05     2.15676e-05     2.14849e-05     2.14195e-05     2.13661e-05     2.13214e-05     2.12852e-05     2.12577e-05     2.12353e-05     2.12181e-05     2.12043e-05     2.11922e-05     2.11819e-05     2.11733e-05     2.11681e-05     2.1163e-05      2.11578e-05     2.11561e-05     2.11544e-05     2.11509e-05     2.11492e-05     2.11475e-05     2.11458e-05     2.11458e-05     2.11458e-05     2.11458e-05     2.11458e-05     2.1144e-05      2.11423e-05     2.11423e-05     2.11423e-05     2.11423e-05     2.11423e-05     2.11423e-05     2.11423e-05     2.11423e-05     2.11423e-05     2.11423e-05     2.11423e-05     2.11423e-05     2.11423e-05     2.11423e-05     2.11423e-05     2.11423e-05     2.11423e-05     
28      1.66810054        1.52879802           0.306536321        5.81582e+08     3.58398e+08     2.14356e+08     1.2557e+08      7.19707e+07     4.03363e+07     2.20772e+07     1.17957e+07     6.14287e+06     3.11671e+06     1.53834e+06     737540          343567          155035          67860.7         28702.3         11724           4618.61         1751.05         639.639         224.38          79.8568         30.0978         11.8507         4.92521         2.17515         1.03276         0.524668        0.288837        0.170463        0.107544        0.072783        0.0519424       0.0392067       0.0310612       0.0254561       0.0216517       0.0189358       0.0170291       0.0154934       0.0143871       0.0136215       0.0130045       0.0125073       0.0121072       0.0117844       0.0115239       0.0113149       0.0111455       0.0110089       0.0108999       0.0108227       0.0107682       0.010724        0.0106887       0.0106607       0.0106379       0.0106187       0.0106033       0.0105915       0.0105819       0.0105746       0.0105687       0.0105635       0.0105591       0.0105554       0.0105532       0.010551        0.0105488       0.010548        0.0105473       0.0105458       0.0105451       0.0105444       0.0105436       0.0105436       0.0105436       0.0105436       0.0105436       0.0105429       0.0105421       0.0105421       0.0105421       0.0105421       0.0105421       0.0105421       0.0105421       0.0105421       0.0105421       0.0105421       0.0105421       0.0105421       0.0105421       0.0105421       0.0105421       0.0105421       0.0105421       
29      2.00256814        1.83533434           0.367999323        1.67757e+09     1.11848e+09     7.27246e+08     4.64669e+08     2.91504e+08     1.79453e+08     1.08298e+08     6.4042e+07      3.7065e+07      2.09857e+07     1.16098e+07     6.26837e+06     3.30302e+06     1.69483e+06     847457          411776          194315          88953.2         39436.5         16942           7035.35         2957.58         1304.67         597.02          285.871         144.093         77.1375         43.7364         26.5012         17.0313         11.5808         8.34455         6.29147         4.96947         4.08667         3.46043         3.02105         2.70051         2.46923         2.28295         2.14609         2.04848         1.96981         1.90642         1.8554          1.81424         1.78102         1.75438         1.73279         1.71536         1.70147         1.6914          1.68409         1.67816         1.67342         1.66967         1.6666          1.66404         1.66196         1.66038         1.6591          1.65811         1.65732         1.65663         1.65603         1.65554         1.65524         1.65495         1.65465         1.65455         1.65445         1.65426         1.65416         1.65406         1.65396         1.65396         1.65396         1.65396         1.65396         1.65386         1.65376         1.65376         1.65376         1.65376         1.65376         1.65376         1.65376         1.65376         1.65376         1.65376         1.65376         1.65376         1.65376         1.65376         1.65376         1.65376         1.65376         
30      2.40409918        2.20333366           0.441786153        3.50862e+09     2.49918e+09     1.74312e+09     1.19806e+09     8.10872e+08     5.40174e+08     3.53888e+08     2.27912e+08     1.44153e+08     8.95043e+07     5.45022e+07     3.25177e+07     1.90061e+07     1.08643e+07     6.07573e+06     3.3172e+06      1.76717e+06     917701          463943          228378          109259          52814.6         26582.9         13797           7438.45         4187.75         2478.9          1540.59         1011.64         698.17          505.36          383.783         302.925         248.536         210.88          183.479         163.721         149.037         138.203         129.476         122.954         118.187         114.345         111.249         108.757         106.746         105.124         103.823         102.768         101.917         101.239         100.737         100.364         100.062         99.8208         99.6295         99.4735         99.3426         99.2369         99.1564         99.0909         99.0406         99.0003         98.9651         98.9349         98.9097         98.8946         98.8795         98.8644         98.8594         98.8544         98.8443         98.8393         98.8342         98.8292         98.8292         98.8292         98.8292         98.8292         98.8242         98.8191         98.8191         98.8191         98.8191         98.8191         98.8191         98.8191         98.8191         98.8191         98.8191         98.8191         98.8191         98.8191         98.8191         98.8191         98.8191         98.8191         
31      2.88614044        2.64511981           0.530367836        5.60415e+09     4.21913e+09     3.12104e+09     2.28052e+09     1.64504e+09     1.17094e+09     8.219e+08       5.68664e+08     3.8754e+08      2.60024e+08     1.7164e+08      1.11375e+08     7.10265e+07     4.4459e+07      2.73178e+07     1.64511e+07     9.70467e+06     5.60335e+06     3.16327e+06     1.74593e+06     940807          511380          287537          165880          98795.1         61024.4         39302.9         26377.3         18530.8         13576.1         10354.4         8218.18         6740.06         5708.83         4972.85         4425.77         4022.26         3717.58         3488.58         3304.13         3164.27         3059.93         2975.83         2908.07         2853.53         2809.53         2774.02         2745.54         2722.46         2703.83         2688.98         2677.81         2669.36         2662.52         2657.04         2652.7          2649.16         2646.19         2643.79         2641.97         2640.48         2639.34         2638.43         2637.63         2636.94         2636.37         2636.03         2635.69         2635.35         2635.23         2635.12         2634.89         2634.78         2634.66         2634.55         2634.55         2634.55         2634.55         2634.55         2634.43         2634.32         2634.32         2634.32         2634.32         2634.32         2634.32         2634.32         2634.32         2634.32         2634.32         2634.32         2634.32         2634.32         2634.32         2634.32         2634.32         2634.32         
32      3.46483486        3.17548765           0.636710861        7.14586e+09     5.6341e+09      4.37754e+09     3.36653e+09     2.56137e+09     1.9272e+09      1.43321e+09     1.05307e+09     7.6402e+08      5.4711e+08      3.86454e+08     2.6909e+08      1.84649e+08     1.24745e+08     8.29646e+07     5.42553e+07     3.48708e+07     2.20115e+07     1.36342e+07     8.2857e+06      4.93472e+06     2.96035e+06     1.82698e+06     1.15196e+06     745981          498103          344385          246526          183311          141209          112525          92687.8         78497.5         68289.4         60815.6         55159.6         50908.8         47655.3         45172.2         43172.3         41636.8         40471.8         39532.8         38776.2         38167.3         37676           37279.6         36961.6         36703.8         36495.8         36330.1         36203.5         36106.4         36027.6         35964.5         35914.6         35873.9         35839.8         35812.2         35791.2         35774.1         35761           35750.5         35741.3         35733.4         35726.8         35722.9         35719           35715           35713.7         35712.4         35709.8         35708.5         35707.1         35705.8         35705.8         35705.8         35705.8         35705.8         35704.5         35703.2         35703.2         35703.2         35703.2         35703.2         35703.2         35703.2         35703.2         35703.2         35703.2         35703.2         35703.2         35703.2         35703.2         35703.2         35703.2         35703.2         
33      4.15956216        3.81219851           0.764376519        7.55686e+09     6.19043e+09     5.00979e+09     4.02007e+09     3.19733e+09     2.51958e+09     1.96632e+09     1.5192e+09      1.16144e+09     8.78279e+08     6.56601e+08     4.85036e+08     3.53928e+08     2.54915e+08     1.81194e+08     1.26989e+08     8.77138e+07     5.96755e+07     3.99616e+07     2.63329e+07     1.70602e+07     1.11196e+07     7.42149e+06     5.04269e+06     3.50367e+06     2.49774e+06     1.83311e+06     1.3853e+06      1.08051e+06     868212          717794          610023          530744          472225          428450          394819          369144          349264          333898          321522          311919          304529          298574          293775          289913          286796          284282          282265          280631          279311          278260          277447          276815          276303          275893          275568          275304          275082          274902          274766          274655          274569          274501          274441          274390          274347          274321          274296          274270          274262          274253          274236          274228          274219          274210          274210          274210          274210          274210          274202          274193          274193          274193          274193          274193          274193          274193          274193          274193          274193          274193          274193          274193          274193          274193          274193          274193          
34      4.99358789        4.57657503           0.91764017         6.85014e+09     5.79037e+09     4.84567e+09     4.02701e+09     3.32234e+09     2.7202e+09      2.20946e+09     1.77976e+09     1.42118e+09     1.1246e+09      8.81501e+08     6.84116e+08     5.25514e+08     3.99326e+08     3.00098e+08     2.22888e+08     1.6354e+08      1.18483e+08     8.47084e+07     5.97464e+07     4.15441e+07     2.90331e+07     2.06957e+07     1.49744e+07     1.10387e+07     8.31463e+06     6.41633e+06     5.07482e+06     4.12082e+06     3.43076e+06     2.92547e+06     2.55253e+06     2.27165e+06     2.05979e+06     1.89841e+06     1.77284e+06     1.67571e+06     1.59977e+06     1.54045e+06     1.49266e+06     1.45525e+06     1.42612e+06     1.40265e+06     1.38373e+06     1.36851e+06     1.35623e+06     1.34632e+06     1.33836e+06     1.33192e+06     1.32672e+06     1.32258e+06     1.31934e+06     1.3168e+06      1.31473e+06     1.31308e+06     1.31178e+06     1.31071e+06     1.30982e+06     1.30909e+06     1.30854e+06     1.3081e+06      1.30775e+06     1.30748e+06     1.30724e+06     1.30703e+06     1.30686e+06     1.30676e+06     1.30665e+06     1.30655e+06     1.30652e+06     1.30648e+06     1.30641e+06     1.30638e+06     1.30634e+06     1.30631e+06     1.30631e+06     1.30631e+06     1.30631e+06     1.30631e+06     1.30627e+06     1.30624e+06     1.30624e+06     1.30624e+06     1.30624e+06     1.30624e+06     1.30624e+06     1.30624e+06     1.30624e+06     1.30624e+06     1.30624e+06     1.30624e+06     1.30624e+06     1.30624e+06     1.30624e+06     1.30624e+06     1.30624e+06     1.30624e+06     
35      5.9948425         5.4942152            1.10163442         5.47614e+09     4.74842e+09     4.08356e+09     3.49206e+09     2.96859e+09     2.508e+09       2.1051e+09      1.75494e+09     1.45261e+09     1.19342e+09     9.72845e+08     7.86562e+08     6.30571e+08     5.00999e+08     3.94401e+08     3.07465e+08     2.37275e+08     1.81183e+08     1.3683e+08      1.02167e+08     7.53808e+07     5.58526e+07     4.20747e+07     3.2093e+07      2.4864e+07      1.96141e+07     1.57884e+07     1.29744e+07     1.0898e+07      9.34781e+06     8.18082e+06     7.29772e+06     6.61935e+06     6.09828e+06     5.69527e+06     5.37833e+06     5.13047e+06     4.93505e+06     4.78104e+06     4.657e+06       4.55912e+06     4.48218e+06     4.42016e+06     4.37019e+06     4.32998e+06     4.29753e+06     4.27135e+06     4.25035e+06     4.23332e+06     4.21959e+06     4.20864e+06     4.20001e+06     4.19317e+06     4.18762e+06     4.18319e+06     4.17967e+06     4.17681e+06     4.1744e+06      4.17246e+06     4.17098e+06     4.16978e+06     4.16886e+06     4.16812e+06     4.16747e+06     4.16691e+06     4.16645e+06     4.16617e+06     4.1659e+06      4.16562e+06     4.16553e+06     4.16543e+06     4.16525e+06     4.16516e+06     4.16506e+06     4.16497e+06     4.16497e+06     4.16497e+06     4.16497e+06     4.16497e+06     4.16488e+06     4.16479e+06     4.16479e+06     4.16479e+06     4.16479e+06     4.16479e+06     4.16479e+06     4.16479e+06     4.16479e+06     4.16479e+06     4.16479e+06     4.16479e+06     4.16479e+06     4.16479e+06     4.16479e+06     4.16479e+06     4.16479e+06     4.16479e+06     
36      7.19685673        6.59584962           1.322521           3.95531e+09     3.50072e+09     3.07745e+09     2.69314e+09     2.34562e+09     2.03276e+09     1.75237e+09     1.50235e+09     1.28055e+09     1.0849e+09      9.13294e+08     7.63704e+08     6.34182e+08     5.22765e+08     4.27659e+08     3.47051e+08     2.79289e+08     2.228e+08       1.76114e+08     1.379e+08       1.06911e+08     8.31842e+07     6.56285e+07     5.23208e+07     4.22597e+07     3.46535e+07     2.88994e+07     2.45226e+07     2.11919e+07     1.86382e+07     1.66708e+07     1.51504e+07     1.3963e+07      1.3037e+07      1.23115e+07     1.17358e+07     1.12814e+07     1.09207e+07     1.06343e+07     1.04036e+07     1.02204e+07     1.00752e+07     9.95816e+06     9.86387e+06     9.78798e+06     9.72674e+06     9.67734e+06     9.6377e+06      9.60558e+06     9.57966e+06     9.55899e+06     9.54259e+06     9.52949e+06     9.51886e+06     9.51036e+06     9.50363e+06     9.49814e+06     9.49354e+06     9.48982e+06     9.48699e+06     9.48469e+06     9.48291e+06     9.4815e+06      9.48026e+06     9.4792e+06      9.47831e+06     9.47778e+06     9.47725e+06     9.47672e+06     9.47654e+06     9.47636e+06     9.47601e+06     9.47583e+06     9.47565e+06     9.47548e+06     9.47548e+06     9.47548e+06     9.47548e+06     9.47548e+06     9.4753e+06      9.47512e+06     9.47512e+06     9.47512e+06     9.47512e+06     9.47512e+06     9.47512e+06     9.47512e+06     9.47512e+06     9.47512e+06     9.47512e+06     9.47512e+06     9.47512e+06     9.47512e+06     9.47512e+06     9.47512e+06     9.47512e+06     9.47512e+06     
37      8.63988449        7.91837061           1.58769711         2.63397e+09     2.36969e+09     2.12009e+09     1.88995e+09     1.67839e+09     1.48457e+09     1.30761e+09     1.14665e+09     1.00083e+09     8.69297e+08     7.51172e+08     6.45596e+08     5.51729e+08     4.68702e+08     3.95707e+08     3.31894e+08     2.76471e+08     2.28657e+08     1.87693e+08     1.52869e+08     1.2349e+08      1.00069e+08     8.20464e+07     6.78636e+07     5.6752e+07      4.80667e+07     4.12887e+07     3.59873e+07     3.1848e+07      2.86031e+07     2.60543e+07     2.40502e+07     2.24631e+07     2.12093e+07     2.02166e+07     1.9423e+07      1.87918e+07     1.82876e+07     1.78849e+07     1.75606e+07     1.73016e+07     1.70949e+07     1.69284e+07     1.67941e+07     1.66861e+07     1.6599e+07      1.65286e+07     1.64722e+07     1.64265e+07     1.63896e+07     1.63602e+07     1.63367e+07     1.63178e+07     1.63025e+07     1.62903e+07     1.62806e+07     1.62726e+07     1.6266e+07      1.62606e+07     1.62566e+07     1.62532e+07     1.62507e+07     1.62487e+07     1.62469e+07     1.62453e+07     1.62441e+07     1.62433e+07     1.62425e+07     1.62418e+07     1.62415e+07     1.62413e+07     1.62407e+07     1.62405e+07     1.62402e+07     1.624e+07       1.624e+07       1.624e+07       1.624e+07       1.624e+07       1.62397e+07     1.62395e+07     1.62395e+07     1.62395e+07     1.62395e+07     1.62395e+07     1.62395e+07     1.62395e+07     1.62395e+07     1.62395e+07     1.62395e+07     1.62395e+07     1.62395e+07     1.62395e+07     1.62395e+07     1.62395e+07     1.62395e+07     1.62395e+07     
38      10.372251         9.50606772           1.90604318         1.64427e+09     1.49864e+09     1.35964e+09     1.23e+09        1.10937e+09     9.97397e+08     8.93721e+08     7.98002e+08     7.0989e+08      6.29045e+08     5.55116e+08     4.87756e+08     4.26626e+08     3.7137e+08      3.21655e+08     2.77121e+08     2.37433e+08     2.02248e+08     1.71225e+08     1.44038e+08     1.20359e+08     1.00855e+08     8.53605e+07     7.27894e+07     6.26492e+07     5.45036e+07     4.79824e+07     4.27633e+07     3.8601e+07      3.52779e+07     3.26255e+07     3.05097e+07     2.88148e+07     2.74617e+07     2.63808e+07     2.55112e+07     2.48153e+07     2.42566e+07     2.38082e+07     2.3447e+07      2.31572e+07     2.29247e+07     2.27373e+07     2.25863e+07     2.24648e+07     2.23667e+07     2.22876e+07     2.22241e+07     2.21727e+07     2.21312e+07     2.20981e+07     2.20715e+07     2.20501e+07     2.20327e+07     2.20187e+07     2.20077e+07     2.19987e+07     2.19912e+07     2.19851e+07     2.19804e+07     2.19767e+07     2.19738e+07     2.19715e+07     2.19694e+07     2.19677e+07     2.19662e+07     2.19654e+07     2.19645e+07     2.19636e+07     2.19633e+07     2.1963e+07      2.19625e+07     2.19622e+07     2.19619e+07     2.19616e+07     2.19616e+07     2.19616e+07     2.19616e+07     2.19616e+07     2.19613e+07     2.1961e+07      2.1961e+07      2.1961e+07      2.1961e+07      2.1961e+07      2.1961e+07      2.1961e+07      2.1961e+07      2.1961e+07      2.1961e+07      2.1961e+07      2.1961e+07      2.1961e+07      2.1961e+07      2.1961e+07      2.1961e+07      2.1961e+07      
39      12.4519708        11.4121109           2.28822019         9.75165e+08     8.97996e+08     8.23774e+08     7.53973e+08     6.88437e+08     6.27016e+08     5.69557e+08     5.15918e+08     4.65953e+08     4.19523e+08     3.76484e+08     3.36696e+08     3.00023e+08     2.66323e+08     2.35461e+08     2.07294e+08     1.81686e+08     1.58497e+08     1.37588e+08     1.18823e+08     1.02062e+08     8.78943e+07     7.635e+07       6.67523e+07     5.88274e+07     5.23196e+07     4.70009e+07     4.26644e+07     3.9146e+07      3.62948e+07     3.39894e+07     3.21285e+07     3.06239e+07     2.94123e+07     2.84373e+07     2.76489e+07     2.70148e+07     2.65036e+07     2.60916e+07     2.57598e+07     2.54926e+07     2.52771e+07     2.51035e+07     2.49636e+07     2.48511e+07     2.47602e+07     2.46869e+07     2.46281e+07     2.45805e+07     2.4542e+07      2.45114e+07     2.44866e+07     2.44666e+07     2.44503e+07     2.44373e+07     2.4427e+07      2.44186e+07     2.44116e+07     2.44059e+07     2.44015e+07     2.4398e+07      2.43953e+07     2.43931e+07     2.43912e+07     2.43896e+07     2.43882e+07     2.43874e+07     2.43866e+07     2.43858e+07     2.43855e+07     2.43853e+07     2.43847e+07     2.43844e+07     2.43842e+07     2.43839e+07     2.43839e+07     2.43839e+07     2.43839e+07     2.43839e+07     2.43836e+07     2.43834e+07     2.43834e+07     2.43834e+07     2.43834e+07     2.43834e+07     2.43834e+07     2.43834e+07     2.43834e+07     2.43834e+07     2.43834e+07     2.43834e+07     2.43834e+07     2.43834e+07     2.43834e+07     2.43834e+07     2.43834e+07     2.43834e+07     
40      14.9486913        13.7003311           2.74702678         5.55318e+08     5.15566e+08     4.7712e+08      4.40747e+08     4.06375e+08     3.73937e+08     3.43363e+08     3.1459e+08      2.87556e+08     2.62198e+08     2.38457e+08     2.16273e+08     1.95588e+08     1.76344e+08     1.58487e+08     1.41959e+08     1.26704e+08     1.12666e+08     9.97901e+07     8.8021e+07      7.73031e+07     6.80599e+07     6.0378e+07      5.38683e+07     4.83937e+07     4.38193e+07     4.00193e+07     3.6875e+07      3.42888e+07     3.21681e+07     3.04353e+07     2.90235e+07     2.78733e+07     2.69408e+07     2.6186e+07      2.55731e+07     2.50781e+07     2.46777e+07     2.4354e+07      2.40933e+07     2.38827e+07     2.37123e+07     2.35749e+07     2.34643e+07     2.33752e+07     2.33033e+07     2.32454e+07     2.31989e+07     2.31612e+07     2.31307e+07     2.31065e+07     2.30869e+07     2.30709e+07     2.30579e+07     2.30476e+07     2.30394e+07     2.30327e+07     2.30271e+07     2.30225e+07     2.30191e+07     2.30163e+07     2.30141e+07     2.30124e+07     2.30109e+07     2.30096e+07     2.30085e+07     2.30078e+07     2.30072e+07     2.30066e+07     2.30063e+07     2.30061e+07     2.30057e+07     2.30055e+07     2.30053e+07     2.3005e+07      2.3005e+07      2.3005e+07      2.3005e+07      2.3005e+07      2.30048e+07     2.30046e+07     2.30046e+07     2.30046e+07     2.30046e+07     2.30046e+07     2.30046e+07     2.30046e+07     2.30046e+07     2.30046e+07     2.30046e+07     2.30046e+07     2.30046e+07     2.30046e+07     2.30046e+07     2.30046e+07     2.30046e+07     2.30046e+07     
41      17.9460244        16.4473579           3.29782778         3.062e+08       2.8613e+08      2.66644e+08     2.4813e+08      2.30554e+08     2.13883e+08     1.98087e+08     1.83134e+08     1.68997e+08     1.55647e+08     1.43057e+08     1.312e+08       1.20052e+08     1.09587e+08     9.9781e+07      9.06096e+07     8.20501e+07     7.40791e+07     6.66735e+07     5.98111e+07     5.34695e+07     4.79168e+07     4.32322e+07     3.9204e+07      3.57684e+07     3.2859e+07      3.04116e+07     2.83631e+07     2.66603e+07     2.52509e+07     2.40901e+07     2.31373e+07     2.23564e+07     2.17199e+07     2.12023e+07     2.07807e+07     2.04391e+07     2.01621e+07     1.99376e+07     1.97567e+07     1.96102e+07     1.94914e+07     1.93956e+07     1.93184e+07     1.92563e+07     1.92062e+07     1.91658e+07     1.91333e+07     1.9107e+07      1.90858e+07     1.90689e+07     1.90552e+07     1.9044e+07      1.90349e+07     1.90276e+07     1.90219e+07     1.90172e+07     1.90133e+07     1.90101e+07     1.90077e+07     1.90057e+07     1.90042e+07     1.9003e+07      1.90019e+07     1.9001e+07      1.90002e+07     1.89998e+07     1.89993e+07     1.89989e+07     1.89987e+07     1.89986e+07     1.89983e+07     1.89981e+07     1.8998e+07      1.89978e+07     1.89978e+07     1.89978e+07     1.89978e+07     1.89978e+07     1.89977e+07     1.89975e+07     1.89975e+07     1.89975e+07     1.89975e+07     1.89975e+07     1.89975e+07     1.89975e+07     1.89975e+07     1.89975e+07     1.89975e+07     1.89975e+07     1.89975e+07     1.89975e+07     1.89975e+07     1.89975e+07     1.89975e+07     1.89975e+07     
42      21.5443469        19.7451857           3.95906882         1.6456e+08      1.54571e+08     1.44846e+08     1.35578e+08     1.2675e+08      1.18348e+08     1.10356e+08     1.0276e+08      9.55456e+07     8.87003e+07     8.22112e+07     7.60659e+07     7.02526e+07     6.47599e+07     5.95768e+07     5.46924e+07     5.00967e+07     4.57795e+07     4.17308e+07     3.79409e+07     3.44005e+07     3.12654e+07     2.85907e+07     2.62656e+07     2.42614e+07     2.2547e+07      2.1091e+07      1.98618e+07     1.88317e+07     1.79732e+07     1.72616e+07     1.66742e+07     1.61907e+07     1.57949e+07     1.5472e+07      1.52083e+07     1.49941e+07     1.482e+07       1.46786e+07     1.45647e+07     1.44724e+07     1.43972e+07     1.43367e+07     1.42879e+07     1.42487e+07     1.4217e+07      1.41914e+07     1.41709e+07     1.41543e+07     1.41409e+07     1.41302e+07     1.41215e+07     1.41144e+07     1.41086e+07     1.4104e+07      1.41004e+07     1.40974e+07     1.40949e+07     1.40929e+07     1.40913e+07     1.40901e+07     1.40891e+07     1.40883e+07     1.40877e+07     1.40871e+07     1.40866e+07     1.40863e+07     1.4086e+07      1.40857e+07     1.40856e+07     1.40856e+07     1.40854e+07     1.40853e+07     1.40852e+07     1.40851e+07     1.40851e+07     1.40851e+07     1.40851e+07     1.40851e+07     1.4085e+07      1.40849e+07     1.40849e+07     1.40849e+07     1.40849e+07     1.40849e+07     1.40849e+07     1.40849e+07     1.40849e+07     1.40849e+07     1.40849e+07     1.40849e+07     1.40849e+07     1.40849e+07     1.40849e+07     1.40849e+07     1.40849e+07     1.40849e+07     
43      25.8641621        23.7042545           4.75289403         8.66443e+07     8.17223e+07     7.6921e+07      7.23356e+07     6.79582e+07     6.37814e+07     5.97976e+07     5.60002e+07     5.23823e+07     4.89378e+07     4.56604e+07     4.25443e+07     3.95838e+07     3.67735e+07     3.41083e+07     3.1583e+07      2.91932e+07     2.69339e+07     2.48007e+07     2.27892e+07     2.08954e+07     1.92045e+07     1.775e+07       1.64754e+07     1.53682e+07     1.4414e+07      1.35979e+07     1.29045e+07     1.23198e+07     1.183e+07       1.14222e+07     1.10841e+07     1.08049e+07     1.05756e+07     1.0388e+07      1.02346e+07     1.01097e+07     1.0008e+07      9.92537e+06     9.85878e+06     9.80468e+06     9.76062e+06     9.72511e+06     9.69649e+06     9.67346e+06     9.65488e+06     9.63989e+06     9.62786e+06     9.61811e+06     9.61025e+06     9.60398e+06     9.59887e+06     9.59468e+06     9.59129e+06     9.58858e+06     9.58643e+06     9.58468e+06     9.58321e+06     9.58202e+06     9.58111e+06     9.58038e+06     9.57981e+06     9.57936e+06     9.57897e+06     9.57863e+06     9.57834e+06     9.57817e+06     9.578e+06       9.57784e+06     9.57778e+06     9.57772e+06     9.57761e+06     9.57755e+06     9.5775e+06      9.57744e+06     9.57744e+06     9.57744e+06     9.57744e+06     9.57744e+06     9.57738e+06     9.57733e+06     9.57733e+06     9.57733e+06     9.57733e+06     9.57733e+06     9.57733e+06     9.57733e+06     9.57733e+06     9.57733e+06     9.57733e+06     9.57733e+06     9.57733e+06     9.57733e+06     9.57733e+06     9.57733e+06     9.57733e+06     9.57733e+06     
44      31.050135         28.4571485           5.70588758         4.48757e+07     4.24674e+07     4.0115e+07      3.78651e+07     3.57137e+07     3.36574e+07     3.16924e+07     2.98154e+07     2.80232e+07     2.63128e+07     2.46811e+07     2.31254e+07     2.16429e+07     2.0231e+07      1.88871e+07     1.76089e+07     1.63942e+07     1.52408e+07     1.41464e+07     1.3109e+07      1.21267e+07     1.12445e+07     1.04811e+07     9.8083e+06      9.2205e+06      8.71121e+06     8.27337e+06     7.8996e+06      7.58309e+06     7.31688e+06     7.09447e+06     6.90955e+06     6.75643e+06     6.63041e+06     6.52711e+06     6.44248e+06     6.37352e+06     6.31734e+06     6.27158e+06     6.23473e+06     6.20476e+06     6.18032e+06     6.16062e+06     6.14475e+06     6.13197e+06     6.12167e+06     6.11335e+06     6.10668e+06     6.10127e+06     6.09691e+06     6.09343e+06     6.0906e+06      6.08827e+06     6.08638e+06     6.08487e+06     6.08368e+06     6.0827e+06      6.08189e+06     6.08123e+06     6.08072e+06     6.08032e+06     6.08e+06        6.07975e+06     6.07953e+06     6.07934e+06     6.07918e+06     6.07909e+06     6.079e+06       6.0789e+06      6.07887e+06     6.07884e+06     6.07878e+06     6.07874e+06     6.07871e+06     6.07868e+06     6.07868e+06     6.07868e+06     6.07868e+06     6.07868e+06     6.07865e+06     6.07862e+06     6.07862e+06     6.07862e+06     6.07862e+06     6.07862e+06     6.07862e+06     6.07862e+06     6.07862e+06     6.07862e+06     6.07862e+06     6.07862e+06     6.07862e+06     6.07862e+06     6.07862e+06     6.07862e+06     6.07862e+06     6.07862e+06     
45      37.2759372        34.1630361           6.84996401         2.29364e+07     2.17639e+07     2.06174e+07     1.95198e+07     1.84691e+07     1.74635e+07     1.65014e+07     1.5581e+07      1.47009e+07     1.38594e+07     1.30553e+07     1.22871e+07     1.15534e+07     1.08531e+07     1.01848e+07     9.54751e+06     8.94007e+06     8.3614e+06      7.81048e+06     7.28631e+06     6.78799e+06     6.33854e+06     5.94799e+06     5.60234e+06     5.29913e+06     5.03541e+06     4.80784e+06     4.61292e+06     4.44734e+06     4.30768e+06     4.19071e+06     4.09325e+06     4.0124e+06      3.94575e+06     3.89103e+06     3.84617e+06     3.80957e+06     3.77973e+06     3.75541e+06     3.73582e+06     3.71988e+06     3.70686e+06     3.69637e+06     3.68792e+06     3.68112e+06     3.67563e+06     3.67121e+06     3.66765e+06     3.66478e+06     3.66245e+06     3.6606e+06      3.65909e+06     3.65785e+06     3.65684e+06     3.65604e+06     3.6554e+06      3.65488e+06     3.65445e+06     3.65409e+06     3.65382e+06     3.65361e+06     3.65344e+06     3.65331e+06     3.65319e+06     3.65309e+06     3.653e+06       3.65295e+06     3.6529e+06      3.65285e+06     3.65284e+06     3.65282e+06     3.65279e+06     3.65277e+06     3.65275e+06     3.65274e+06     3.65274e+06     3.65274e+06     3.65274e+06     3.65274e+06     3.65272e+06     3.6527e+06      3.6527e+06      3.6527e+06      3.6527e+06      3.6527e+06      3.6527e+06      3.6527e+06      3.6527e+06      3.6527e+06      3.6527e+06      3.6527e+06      3.6527e+06      3.6527e+06      3.6527e+06      3.6527e+06      3.6527e+06      3.6527e+06      
46      44.750063         41.0130001           8.22343699         1.1598e+07      1.1029e+07      1.04724e+07     9.93906e+06     9.42813e+06     8.93874e+06     8.47004e+06     8.02125e+06     7.59161e+06     7.18039e+06     6.78688e+06     6.41043e+06     6.05038e+06     5.70612e+06     5.37705e+06     5.06263e+06     4.76231e+06     4.47559e+06     4.20195e+06     3.94091e+06     3.69205e+06     3.46691e+06     3.2707e+06      3.09652e+06     2.9433e+06      2.80967e+06     2.69405e+06     2.59477e+06     2.51025e+06     2.43882e+06     2.3789e+06      2.32888e+06     2.28733e+06     2.25305e+06     2.22487e+06     2.20175e+06     2.18288e+06     2.16748e+06     2.15492e+06     2.14481e+06     2.13657e+06     2.12985e+06     2.12443e+06     2.12006e+06     2.11654e+06     2.1137e+06      2.11142e+06     2.10958e+06     2.10809e+06     2.10689e+06     2.10593e+06     2.10515e+06     2.10451e+06     2.10399e+06     2.10357e+06     2.10324e+06     2.10297e+06     2.10275e+06     2.10257e+06     2.10243e+06     2.10231e+06     2.10223e+06     2.10216e+06     2.1021e+06      2.10205e+06     2.102e+06       2.10198e+06     2.10195e+06     2.10192e+06     2.10192e+06     2.10191e+06     2.10189e+06     2.10188e+06     2.10187e+06     2.10186e+06     2.10186e+06     2.10186e+06     2.10186e+06     2.10186e+06     2.10185e+06     2.10185e+06     2.10185e+06     2.10185e+06     2.10185e+06     2.10185e+06     2.10185e+06     2.10185e+06     2.10185e+06     2.10185e+06     2.10185e+06     2.10185e+06     2.10185e+06     2.10185e+06     2.10185e+06     2.10185e+06     2.10185e+06     2.10185e+06     
47      53.7228112        49.2364371           9.87230237         5.81374e+06     5.53834e+06     5.26877e+06     5.01035e+06     4.76266e+06     4.52526e+06     4.29776e+06     4.07977e+06     3.87092e+06     3.67086e+06     3.47925e+06     3.29577e+06     3.1201e+06      2.95194e+06     2.79101e+06     2.63702e+06     2.48974e+06     2.3489e+06      2.21426e+06     2.08559e+06     1.96267e+06     1.85123e+06     1.75391e+06     1.66734e+06     1.59103e+06     1.52434e+06     1.46654e+06     1.41683e+06     1.37443e+06     1.33855e+06     1.30841e+06     1.28323e+06     1.26229e+06     1.245e+06       1.23078e+06     1.2191e+06      1.20957e+06     1.20178e+06     1.19543e+06     1.19032e+06     1.18615e+06     1.18275e+06     1.18e+06        1.17779e+06     1.17601e+06     1.17458e+06     1.17342e+06     1.17249e+06     1.17174e+06     1.17113e+06     1.17065e+06     1.17025e+06     1.16993e+06     1.16966e+06     1.16945e+06     1.16928e+06     1.16915e+06     1.16903e+06     1.16894e+06     1.16887e+06     1.16881e+06     1.16877e+06     1.16873e+06     1.1687e+06      1.16868e+06     1.16866e+06     1.16864e+06     1.16863e+06     1.16862e+06     1.16861e+06     1.16861e+06     1.1686e+06      1.16859e+06     1.16859e+06     1.16859e+06     1.16859e+06     1.16859e+06     1.16859e+06     1.16859e+06     1.16858e+06     1.16858e+06     1.16858e+06     1.16858e+06     1.16858e+06     1.16858e+06     1.16858e+06     1.16858e+06     1.16858e+06     1.16858e+06     1.16858e+06     1.16858e+06     1.16858e+06     1.16858e+06     1.16858e+06     1.16858e+06     1.16858e+06     1.16858e+06     
48      64.4946677        59.1087394           11.8517785         2.89365e+06     2.76056e+06     2.63024e+06     2.50528e+06     2.38545e+06     2.27056e+06     2.16041e+06     2.05481e+06     1.95359e+06     1.85657e+06     1.76359e+06     1.6745e+06      1.58913e+06     1.50735e+06     1.42902e+06     1.354e+06       1.28218e+06     1.21342e+06     1.14761e+06     1.08463e+06     1.02438e+06     969690          921850          879235          841616          808696          780125          755522          734517          716724          701764          689254          678847          670245          663169          657356          652607          648731          645567          643019          640942          639245          637877          636775          635888          635172          634595          634131          633756          633453          633211          633014          632852          632720          632615          632532          632464          632407          632361          632326          632297          632275          632258          632242          632229          632218          632211          632205          632198          632196          632194          632190          632187          632185          632183          632183          632183          632183          632183          632181          632179          632179          632179          632179          632179          632179          632179          632179          632179          632179          632179          632179          632179          632179          632179          632179          632179          
49      77.4263683        70.960518            14.2281556         1.4319e+06      1.36766e+06     1.30474e+06     1.2444e+06      1.18651e+06     1.131e+06       1.07776e+06     1.0267e+06      977741          930796          885786          842637          801273          761625          723625          687209          652318          618891          586872          556203          526837          500148          476780          455943          437531          421403          407393          395318          385002          376256          368899          362743          357620          353383          349897          347032          344692          342780          341220          339964          338939          338102          337427          336884          336446          336093          335808          335579          335394          335245          335126          335028          334948          334883          334831          334790          334756          334728          334706          334688          334674          334663          334655          334647          334641          334635          334632          334629          334626          334624          334623          334621          334620          334619          334618          334618          334618          334618          334618          334617          334616          334616          334616          334616          334616          334616          334616          334616          334616          334616          334616          334616          334616          334616          334616          334616          334616          
50      92.950979         85.1886736           17.0810155         705204          674219          643868          614752          586820          560026          534324          509669          486022          463342          441590          420730          400726          381545          363153          345521          328618          312416          296887          282004          267743          254774          243410          233269          224302          216443          209611          203720          198683          194412          190817          187808          185302          183230          181525          180123          178977          178042          177278          176663          176161          175751          175421          175155          174940          174767          174628          174516          174425          174352          174294          174246          174207          174175          174149          174129          174113          174099          174088          174080          174073          174067          174063          174059          174056          174054          174052          174050          174049          174048          174048          174047          174046          174046          174045          174045          174045          174045          174045          174045          174044          174044          174044          174044          174044          174044          174044          174044          174044          174044          174044          174044          174044          174044          174044          174044          174044          
51      111.588399        102.269689           20.5058967         345952          331016          316384          302346          288877          275954          263557          251662          240252          229306          218807          208735          199074          189809          180922          172399          164226          156389          148875          141670          134763          128478          122968          118049          113698          109882          106564          103701          101252          99175.3         97426.5         95962.3         94743.2         93734.5         92904.1         92221.6         91663.7         91208.1         90836           90536.4         90292.1         90092.4         89931.4         89801.7         89697.3         89613           89545.1         89490.6         89446.4         89410.7         89382.3         89359           89339.9         89324.4         89312           89302.2         89294.2         89287.5         89282.1         89277.9         89274.6         89272           89269.9         89268.1         89266.6         89265.3         89264.5         89263.7         89262.9         89262.7         89262.4         89261.9         89261.7         89261.4         89261.1         89261.1         89261.1         89261.1         89261.1         89260.9         89260.6         89260.6         89260.6         89260.6         89260.6         89260.6         89260.6         89260.6         89260.6         89260.6         89260.6         89260.6         89260.6         89260.6         89260.6         89260.6         89260.6         
52      133.962772        122.775586           24.6174943         169168          161971          154920          148154          141662          135434          129457          123722          118221          112942          107878          103019          98358.2         93886.8         89597.4         85482.7         81536.2         77750.9         74120.3         70638.2         67299           64259.6         61594.2         59213.7         57107.1         55259.2         53651.6         52264.4         51077.7         50070.7         49222.8         48512.6         47921.3         47431.9         47029           46697.8         46427.1         46205.9         46025.4         45880           45761.4         45664.4         45586.3         45523.3         45472.7         45431.8         45398.8         45372.3         45350.9         45333.5         45319.7         45308.5         45299.2         45291.7         45285.6         45280.9         45277           45273.7         45271.1         45269.1         45267.5         45266.2         45265.2         45264.3         45263.6         45262.9         45262.6         45262.2         45261.8         45261.7         45261.6         45261.3         45261.2         45261.1         45260.9         45260.9         45260.9         45260.9         45260.9         45260.8         45260.7         45260.7         45260.7         45260.7         45260.7         45260.7         45260.7         45260.7         45260.7         45260.7         45260.7         45260.7         45260.7         45260.7         45260.7         45260.7         45260.7         
53      160.823388        147.39308            29.5535002         82502.3         79035.2         75638.4         72378.8         69250.9         66249.6         63369.6         60606           57954.4         55410.1         52968.8         50626.5         48379.2         46223           44154.2         42169.5         40265.5         38439           36686.8         35005.9         33393.6         31925.7         30638.1         29488           28469.8         27576.5         26799.3         26128.4         25554.4         25067.3         24657           24313.3         24027.1         23790.3         23595.3         23434.9         23303.9         23196.8         23109.4         23039           22981.6         22934.7         22896.8         22866.3         22841.8         22822           22806           22793.2         22782.8         22774.4         22767.8         22762.3         22757.8         22754.1         22751.2         22748.9         22747           22745.5         22744.2         22743.2         22742.4         22741.8         22741.3         22740.9         22740.5         22740.2         22740.1         22739.9         22739.7         22739.6         22739.6         22739.5         22739.4         22739.3         22739.3         22739.3         22739.3         22739.3         22739.3         22739.2         22739.2         22739.2         22739.2         22739.2         22739.2         22739.2         22739.2         22739.2         22739.2         22739.2         22739.2         22739.2         22739.2         22739.2         22739.2         22739.2         22739.2         
54      193.069773        176.94658            35.4792151         40147.6         38477.7         36841.6         35271.5         33764.8         32319           30931.6         29600.2         28322.7         27096.7         25920.4         24791.6         23708.5         22669.3         21672.1         20715.3         19797.3         18916.6         18071.6         17260.8         16483.1         15774.8         15153.5         14598.3         14106.9         13675.6         13300.3         12976.3         12699           12463.7         12265.5         12099.5         11961.2         11846.7         11752.5         11675           11611.7         11559.9         11517.7         11483.6         11455.9         11433.2         11414.9         11400.2         11388.3         11378.7         11371           11364.8         11359.8         11355.8         11352.5         11349.9         11347.7         11346           11344.5         11343.4         11342.5         11341.8         11341.1         11340.7         11340.3         11340           11339.8         11339.6         11339.4         11339.2         11339.1         11339.1         11339           11338.9         11338.9         11338.9         11338.8         11338.8         11338.8         11338.8         11338.8         11338.8         11338.8         11338.7         11338.7         11338.7         11338.7         11338.7         11338.7         11338.7         11338.7         11338.7         11338.7         11338.7         11338.7         11338.7         11338.7         11338.7         11338.7         11338.7         11338.7         
55      231.781818        212.425795           42.5930837         19501.3         18697.1         17909.2         17153           16427.4         15731           15062.8         14421.5         13806.1         13215.6         12648.9         12105.1         11583.3         11082.6         10602.1         10141           9698.6          9274.12         8866.82         8476            8101.02         7759.53         7459.91         7192.18         6955.13         6747.08         6566.02         6409.7          6275.92         6162.36         6066.71         5986.58         5919.83         5864.59         5819.1          5781.7          5751.12         5726.15         5705.75         5689.32         5675.93         5664.97         5656.14         5649.03         5643.3          5638.68         5634.96         5631.96         5629.54         5627.59         5626.03         5624.75         5623.7          5622.85         5622.17         5621.63         5621.19         5620.83         5620.53         5620.3          5620.12         5619.98         5619.86         5619.76         5619.68         5619.61         5619.56         5619.52         5619.48         5619.47         5619.45         5619.42         5619.41         5619.39         5619.38         5619.38         5619.38         5619.38         5619.38         5619.37         5619.35         5619.35         5619.35         5619.35         5619.35         5619.35         5619.35         5619.35         5619.35         5619.35         5619.35         5619.35         5619.35         5619.35         5619.35         5619.35         5619.35         
56      278.25594         255.018879           51.1333401         9458.31         9071.07         8691.64         8327.52         7978.08         7642.74         7320.92         7012.07         6715.7          6431.28         6158.34         5896.42         5645.07         5403.87         5172.4          4950.28         4737.15         4532.64         4336.39         4148.06         3967.36         3802.78         3658.37         3529.32         3415.05         3314.75         3227.45         3152.08         3087.58         3032.81         2986.68         2948.04         2915.85         2889.21         2867.27         2849.23         2834.48         2822.43         2812.6          2804.67         2798.21         2792.93         2788.67         2785.24         2782.47         2780.25         2778.45         2777.01         2775.84         2774.89         2774.14         2773.53         2773.02         2772.61         2772.28         2772.02         2771.81         2771.63         2771.49         2771.38         2771.29         2771.22         2771.17         2771.12         2771.08         2771.04         2771.02         2771            2770.98         2770.98         2770.97         2770.96         2770.95         2770.94         2770.93         2770.93         2770.93         2770.93         2770.93         2770.93         2770.92         2770.92         2770.92         2770.92         2770.92         2770.92         2770.92         2770.92         2770.92         2770.92         2770.92         2770.92         2770.92         2770.92         2770.92         2770.92         2770.92         
57      334.048498        306.152219           61.3859869         4581.62         4395.17         4212.48         4037.15         3868.89         3707.42         3552.45         3403.72         3261            3124.03         2992.59         2866.46         2745.4          2629.24         2517.76         2410.77         2308.11         2209.6          2115.06         2024.34         1937.29         1857.99         1788.41         1726.23         1671.17         1622.83         1580.76         1544.44         1513.35         1486.96         1464.72         1446.1          1430.58         1417.74         1407.16         1398.47         1391.36         1385.55         1380.81         1376.99         1373.87         1371.32         1369.27         1367.62         1366.29         1365.21         1364.34         1363.65         1363.09         1362.63         1362.27         1361.97         1361.73         1361.53         1361.37         1361.25         1361.14         1361.06         1360.99         1360.94         1360.89         1360.86         1360.84         1360.81         1360.79         1360.78         1360.77         1360.76         1360.75         1360.74         1360.74         1360.73         1360.73         1360.73         1360.72         1360.72         1360.72         1360.72         1360.72         1360.72         1360.72         1360.72         1360.72         1360.72         1360.72         1360.72         1360.72         1360.72         1360.72         1360.72         1360.72         1360.72         1360.72         1360.72         1360.72         1360.72         1360.72         
58      401.027914        367.538206           73.6943719         2216.96         2127.23         2039.29         1954.88         1873.87         1796.13         1721.51         1649.9          1581.18         1515.23         1451.93         1391.19         1332.9          1276.96         1223.27         1171.75         1122.31         1074.87         1029.33         985.638         943.707         905.514         871.997         842.043         815.516         792.232         771.964         754.463         739.485         726.768         716.055         707.08          699.603         693.415         688.319         684.129         680.703         677.905         675.619         673.779         672.278         671.05          670.061         669.264         668.622         668.104         667.687         667.352         667.08          666.861         666.686         666.543         666.426         666.33          666.254         666.194         666.145         666.103         666.07          666.045         666.024         666.008         665.995         665.984         665.975         665.967         665.962         665.957         665.953         665.951         665.949         665.946         665.945         665.943         665.941         665.941         665.941         665.941         665.941         665.94          665.938         665.938         665.938         665.938         665.938         665.938         665.938         665.938         665.938         665.938         665.938         665.938         665.938         665.938         665.938         665.938         665.938         
59      481.437242        441.232578           88.4706872         1071.65         1028.51         986.223         945.618         906.639         869.222         833.306         798.834         765.749         733.996         703.521         674.275         646.207         619.27          593.418         568.609         544.801         521.953         500.027         478.983         458.79          440.396         424.253         409.827         397.05          385.835         376.072         367.643         360.428         354.302         349.142         344.818         341.217         338.236         335.781         333.762         332.112         330.764         329.663         328.776         328.053         327.462         326.985         326.601         326.292         326.043         325.841         325.68          325.549         325.444         325.359         325.291         325.234         325.188         325.151         325.122         325.099         325.079         325.063         325.05          325.04          325.033         325.027         325.021         325.017         325.013         325.011         325.008         325.006         325.005         325.004         325.003         325.002         325.001         325.001         325.001         325.001         325.001         325.001         325             324.999         324.999         324.999         324.999         324.999         324.999         324.999         324.999         324.999         324.999         324.999         324.999         324.999         324.999         324.999         324.999         324.999         
60      577.969288        529.703265           106.209773         517.374         496.706         476.423         456.932         438.208         420.225         402.956         386.374         370.456         355.175         340.507         326.429         312.917         299.948         287.501         275.556         264.092         253.091         242.533         232.4           222.676         213.818         206.044         199.097         192.944         187.543         182.841         178.781         175.307         172.356         169.871         167.789         166.054         164.618         163.436         162.464         161.669         161.019         160.489         160.062         159.714         159.429         159.199         159.014         158.866         158.745         158.649         158.571         158.508         158.457         158.416         158.383         158.356         158.334         158.316         158.302         158.291         158.281         158.273         158.268         158.263         158.259         158.256         158.254         158.251         158.249         158.248         158.247         158.246         158.246         158.245         158.245         158.244         158.244         158.244         158.244         158.244         158.244         158.244         158.243         158.243         158.243         158.243         158.243         158.243         158.243         158.243         158.243         158.243         158.243         158.243         158.243         158.243         158.243         158.243         158.243         158.243         
61      693.856788        635.913038           127.505688         249.281         239.451         229.784         220.478         211.524         202.913         194.634         186.678         179.034         171.691         164.64          157.869         151.368         145.128         139.138         133.388         127.869         122.573         117.489         112.61          107.928         103.663         99.9202         96.5748         93.6119         91.0111         88.747          86.7921         85.1187         83.698          82.5011         81.4984         80.663          79.9716         79.4021         78.934          78.5512         78.2385         77.9831         77.7774         77.6097         77.4726         77.362          77.2729         77.2012         77.1434         77.0967         77.0593         77.0289         77.0044         76.9849         76.9689         76.9558         76.9452         76.9366         76.9299         76.9244         76.9198         76.9161         76.9132         76.9109         76.9091         76.9077         76.9065         76.9054         76.9045         76.904          76.9035         76.9029         76.9027         76.9026         76.9022         76.902          76.9019         76.9017         76.9017         76.9017         76.9017         76.9017         76.9015         76.9013         76.9013         76.9013         76.9013         76.9013         76.9013         76.9013         76.9013         76.9013         76.9013         76.9013         76.9013         76.9013         76.9013         76.9013         76.9013         76.9013         
62      832.980665        763.418726           153.071606         119.699         115.084         110.529         106.131         101.888         97.7967         93.8547         90.0588         86.4058         82.8918         79.513          76.2655         73.1448         70.147          67.2678         64.5029         61.8483         59.2999         56.8536         54.5054         52.2515         50.1982         48.3961         46.7854         45.3589         44.1066         43.0165         42.0751         41.2694         40.5853         40.009          39.5261         39.1239         38.7909         38.5167         38.2913         38.107          37.9564         37.8334         37.7344         37.6536         37.5876         37.5343         37.4914         37.4569         37.4291         37.4066         37.3886         37.3739         37.3621         37.3527         37.3451         37.3387         37.3336         37.3295         37.3263         37.3236         37.3214         37.3196         37.3182         37.3171         37.3163         37.3156         37.315          37.3145         37.314          37.3138         37.3135         37.3133         37.3132         37.3131         37.3129         37.3128         37.3128         37.3127         37.3127         37.3127         37.3127         37.3127         37.3126         37.3125         37.3125         37.3125         37.3125         37.3125         37.3125         37.3125         37.3125         37.3125         37.3125         37.3125         37.3125         37.3125         37.3125         37.3125         37.3125         37.3125         
63      1000              916.490332           167.019335         58.8651         56.6716         54.4975         52.3889         50.3463         48.3697         46.4586         44.6127         42.8312         41.1132         39.4577         37.8633         36.3287         34.8522         33.4324         32.0676         30.7561         29.4962         28.286          27.1238         26.008          24.9911         24.0985         23.3006         22.5938         21.9733         21.4331         20.9667         20.5674         20.2284         19.9428         19.7035         19.5042         19.3392         19.2033         19.0915         19.0002         18.9256         18.8646         18.8155         18.7755         18.7428         18.7164         18.6951         18.678          18.6642         18.6531         18.6441         18.6369         18.6311         18.6264         18.6226         18.6194         18.6169         18.6149         18.6133         18.612          18.6108         18.61           18.6093         18.6087         18.6083         18.608          18.6077         18.6074         18.6072         18.6071         18.607          18.6068         18.6068         18.6067         18.6067         18.6066         18.6066         18.6065         18.6065         18.6065         18.6065         18.6065         18.6065         18.6064         18.6064         18.6064         18.6064         18.6064         18.6064         18.6064         18.6064         18.6064         18.6064         18.6064         18.6064         18.6064         18.6064         18.6064         18.6064         18.6064         