This file contains the downward spectral flux (per wavelength) at each interface. 
Spectral fluxes given in [erg s^-1 cm^-3].
bin     cent_lambda[um]   low_int_lambda[um]   delta_lambda[um]   F_down[0]   F_down[1]   F_down[2]   F_down[3]   F_down[4]   F_down[5]   F_down[6]   F_down[7]   F_down[8]   F_down[9]   F_down[10]   F_down[11]   F_down[12]   F_down[13]   F_down[14]   F_down[15]   F_down[16]   F_down[17]   F_down[18]   F_down[19]   F_down[20]   F_down[21]   F_down[22]   F_down[23]   F_down[24]   F_down[25]   F_down[26]   F_down[27]   F_down[28]   F_down[29]   F_down[30]   F_down[31]   F_down[32]   F_down[33]   F_down[34]   F_down[35]   F_down[36]   F_down[37]   F_down[38]   F_down[39]   F_down[40]   F_down[41]   F_down[42]   F_down[43]   F_down[44]   F_down[45]   F_down[46]   F_down[47]   F_down[48]   F_down[49]   F_down[50]   F_down[51]   F_down[52]   F_down[53]   F_down[54]   F_down[55]   F_down[56]   F_down[57]   F_down[58]   F_down[59]   F_down[60]   F_down[61]   F_down[62]   F_down[63]   F_down[64]   F_down[65]   F_down[66]   F_down[67]   F_down[68]   F_down[69]   F_down[70]   F_down[71]   F_down[72]   F_down[73]   F_down[74]   F_down[75]   F_down[76]   F_down[77]   F_down[78]   F_down[79]   F_down[80]   F_down[81]   F_down[82]   F_down[83]   F_down[84]   F_down[85]   F_down[86]   F_down[87]   F_down[88]   F_down[89]   F_down[90]   F_down[91]   F_down[92]   F_down[93]   F_down[94]   F_down[95]   F_down[96]   
0       0.01              0.00899745971        0.00200508058      0.00000000e+00  0.00000000e+00  0.00000000e+00  0.00000000e+00  0.00000000e+00  0.00000000e+00  0.00000000e+00  0.00000000e+00  0.00000000e+00  0.00000000e+00  0.00000000e+00  0.00000000e+00  0.00000000e+00  0.00000000e+00  0.00000000e+00  0.00000000e+00  0.00000000e+00  0.00000000e+00  0.00000000e+00  0.00000000e+00  0.00000000e+00  0.00000000e+00  0.00000000e+00  0.00000000e+00  0.00000000e+00  0.00000000e+00  0.00000000e+00  0.00000000e+00  0.00000000e+00  0.00000000e+00  0.00000000e+00  0.00000000e+00  0.00000000e+00  0.00000000e+00  0.00000000e+00  0.00000000e+00  0.00000000e+00  0.00000000e+00  0.00000000e+00  0.00000000e+00  0.00000000e+00  0.00000000e+00  0.00000000e+00  0.00000000e+00  0.00000000e+00  0.00000000e+00  0.00000000e+00  0.00000000e+00  0.00000000e+00  0.00000000e+00  0.00000000e+00  0.00000000e+00  0.00000000e+00  0.00000000e+00  0.00000000e+00  0.00000000e+00  0.00000000e+00  0.00000000e+00  0.00000000e+00  0.00000000e+00  0.00000000e+00  0.00000000e+00  0.00000000e+00  0.00000000e+00  0.00000000e+00  0.00000000e+00  0.00000000e+00  0.00000000e+00  0.00000000e+00  0.00000000e+00  0.00000000e+00  0.00000000e+00  0.00000000e+00  0.00000000e+00  0.00000000e+00  0.00000000e+00  0.00000000e+00  0.00000000e+00  0.00000000e+00  0.00000000e+00  0.00000000e+00  0.00000000e+00  0.00000000e+00  0.00000000e+00  0.00000000e+00  0.00000000e+00  0.00000000e+00  0.00000000e+00  0.00000000e+00  0.00000000e+00  0.00000000e+00  0.00000000e+00  0.00000000e+00  0.00000000e+00  0.00000000e+00  0.00000000e+00  0.00000000e+00  
1       0.0120050806      0.0110025403         0.00220609798      0.00000000e+00  0.00000000e+00  0.00000000e+00  0.00000000e+00  0.00000000e+00  0.00000000e+00  0.00000000e+00  0.00000000e+00  0.00000000e+00  0.00000000e+00  0.00000000e+00  0.00000000e+00  0.00000000e+00  0.00000000e+00  0.00000000e+00  0.00000000e+00  0.00000000e+00  0.00000000e+00  0.00000000e+00  0.00000000e+00  0.00000000e+00  0.00000000e+00  0.00000000e+00  0.00000000e+00  0.00000000e+00  0.00000000e+00  0.00000000e+00  0.00000000e+00  0.00000000e+00  0.00000000e+00  0.00000000e+00  0.00000000e+00  0.00000000e+00  0.00000000e+00  0.00000000e+00  0.00000000e+00  0.00000000e+00  0.00000000e+00  0.00000000e+00  0.00000000e+00  0.00000000e+00  0.00000000e+00  0.00000000e+00  0.00000000e+00  0.00000000e+00  0.00000000e+00  0.00000000e+00  0.00000000e+00  0.00000000e+00  0.00000000e+00  0.00000000e+00  0.00000000e+00  0.00000000e+00  0.00000000e+00  0.00000000e+00  0.00000000e+00  0.00000000e+00  0.00000000e+00  0.00000000e+00  0.00000000e+00  0.00000000e+00  0.00000000e+00  0.00000000e+00  0.00000000e+00  0.00000000e+00  0.00000000e+00  0.00000000e+00  0.00000000e+00  0.00000000e+00  0.00000000e+00  0.00000000e+00  0.00000000e+00  0.00000000e+00  0.00000000e+00  0.00000000e+00  0.00000000e+00  0.00000000e+00  0.00000000e+00  0.00000000e+00  0.00000000e+00  0.00000000e+00  0.00000000e+00  0.00000000e+00  0.00000000e+00  0.00000000e+00  0.00000000e+00  0.00000000e+00  0.00000000e+00  0.00000000e+00  0.00000000e+00  0.00000000e+00  0.00000000e+00  0.00000000e+00  0.00000000e+00  0.00000000e+00  0.00000000e+00  0.00000000e+00  
2       0.014412196       0.0132086383         0.00264843841      0.00000000e+00  0.00000000e+00  0.00000000e+00  0.00000000e+00  0.00000000e+00  0.00000000e+00  0.00000000e+00  0.00000000e+00  0.00000000e+00  0.00000000e+00  0.00000000e+00  0.00000000e+00  0.00000000e+00  0.00000000e+00  0.00000000e+00  0.00000000e+00  0.00000000e+00  0.00000000e+00  0.00000000e+00  0.00000000e+00  0.00000000e+00  0.00000000e+00  0.00000000e+00  0.00000000e+00  0.00000000e+00  0.00000000e+00  0.00000000e+00  0.00000000e+00  0.00000000e+00  0.00000000e+00  0.00000000e+00  0.00000000e+00  0.00000000e+00  0.00000000e+00  0.00000000e+00  0.00000000e+00  0.00000000e+00  0.00000000e+00  0.00000000e+00  0.00000000e+00  0.00000000e+00  0.00000000e+00  0.00000000e+00  0.00000000e+00  0.00000000e+00  0.00000000e+00  0.00000000e+00  0.00000000e+00  0.00000000e+00  0.00000000e+00  0.00000000e+00  0.00000000e+00  0.00000000e+00  0.00000000e+00  0.00000000e+00  0.00000000e+00  0.00000000e+00  0.00000000e+00  0.00000000e+00  0.00000000e+00  0.00000000e+00  0.00000000e+00  0.00000000e+00  0.00000000e+00  0.00000000e+00  0.00000000e+00  0.00000000e+00  0.00000000e+00  0.00000000e+00  0.00000000e+00  0.00000000e+00  0.00000000e+00  0.00000000e+00  0.00000000e+00  0.00000000e+00  0.00000000e+00  0.00000000e+00  0.00000000e+00  0.00000000e+00  0.00000000e+00  0.00000000e+00  0.00000000e+00  0.00000000e+00  0.00000000e+00  0.00000000e+00  0.00000000e+00  0.00000000e+00  0.00000000e+00  0.00000000e+00  0.00000000e+00  0.00000000e+00  0.00000000e+00  0.00000000e+00  0.00000000e+00  0.00000000e+00  0.00000000e+00  0.00000000e+00  
3       0.0173019574      0.0158570767         0.00317947165      0.00000000e+00  0.00000000e+00  0.00000000e+00  0.00000000e+00  0.00000000e+00  0.00000000e+00  0.00000000e+00  0.00000000e+00  0.00000000e+00  0.00000000e+00  0.00000000e+00  0.00000000e+00  0.00000000e+00  0.00000000e+00  0.00000000e+00  0.00000000e+00  0.00000000e+00  0.00000000e+00  0.00000000e+00  0.00000000e+00  0.00000000e+00  0.00000000e+00  0.00000000e+00  0.00000000e+00  0.00000000e+00  0.00000000e+00  0.00000000e+00  0.00000000e+00  0.00000000e+00  0.00000000e+00  0.00000000e+00  0.00000000e+00  0.00000000e+00  0.00000000e+00  0.00000000e+00  0.00000000e+00  0.00000000e+00  0.00000000e+00  0.00000000e+00  0.00000000e+00  0.00000000e+00  0.00000000e+00  0.00000000e+00  0.00000000e+00  0.00000000e+00  0.00000000e+00  0.00000000e+00  0.00000000e+00  0.00000000e+00  0.00000000e+00  0.00000000e+00  0.00000000e+00  0.00000000e+00  0.00000000e+00  0.00000000e+00  0.00000000e+00  0.00000000e+00  0.00000000e+00  0.00000000e+00  0.00000000e+00  0.00000000e+00  0.00000000e+00  0.00000000e+00  0.00000000e+00  0.00000000e+00  0.00000000e+00  0.00000000e+00  0.00000000e+00  0.00000000e+00  0.00000000e+00  0.00000000e+00  0.00000000e+00  0.00000000e+00  0.00000000e+00  0.00000000e+00  0.00000000e+00  0.00000000e+00  0.00000000e+00  0.00000000e+00  0.00000000e+00  0.00000000e+00  0.00000000e+00  0.00000000e+00  0.00000000e+00  0.00000000e+00  0.00000000e+00  0.00000000e+00  0.00000000e+00  0.00000000e+00  0.00000000e+00  0.00000000e+00  0.00000000e+00  0.00000000e+00  0.00000000e+00  0.00000000e+00  0.00000000e+00  0.00000000e+00  
4       0.0207711393      0.0190365483         0.00381698133      0.00000000e+00  0.00000000e+00  0.00000000e+00  0.00000000e+00  0.00000000e+00  0.00000000e+00  0.00000000e+00  0.00000000e+00  0.00000000e+00  0.00000000e+00  0.00000000e+00  0.00000000e+00  0.00000000e+00  0.00000000e+00  0.00000000e+00  0.00000000e+00  0.00000000e+00  0.00000000e+00  0.00000000e+00  0.00000000e+00  0.00000000e+00  0.00000000e+00  0.00000000e+00  0.00000000e+00  0.00000000e+00  0.00000000e+00  0.00000000e+00  0.00000000e+00  0.00000000e+00  0.00000000e+00  0.00000000e+00  0.00000000e+00  0.00000000e+00  0.00000000e+00  0.00000000e+00  0.00000000e+00  0.00000000e+00  0.00000000e+00  0.00000000e+00  0.00000000e+00  0.00000000e+00  0.00000000e+00  0.00000000e+00  0.00000000e+00  0.00000000e+00  0.00000000e+00  0.00000000e+00  0.00000000e+00  0.00000000e+00  0.00000000e+00  0.00000000e+00  0.00000000e+00  0.00000000e+00  0.00000000e+00  0.00000000e+00  0.00000000e+00  0.00000000e+00  0.00000000e+00  0.00000000e+00  0.00000000e+00  0.00000000e+00  0.00000000e+00  0.00000000e+00  0.00000000e+00  0.00000000e+00  0.00000000e+00  0.00000000e+00  0.00000000e+00  0.00000000e+00  0.00000000e+00  0.00000000e+00  0.00000000e+00  0.00000000e+00  0.00000000e+00  0.00000000e+00  0.00000000e+00  0.00000000e+00  0.00000000e+00  0.00000000e+00  0.00000000e+00  0.00000000e+00  0.00000000e+00  0.00000000e+00  0.00000000e+00  0.00000000e+00  0.00000000e+00  0.00000000e+00  0.00000000e+00  0.00000000e+00  0.00000000e+00  0.00000000e+00  0.00000000e+00  0.00000000e+00  0.00000000e+00  0.00000000e+00  0.00000000e+00  0.00000000e+00  
5       0.02493592        0.0228535297         0.00458231684      4.20250890e-298 0.00000000e+00  0.00000000e+00  0.00000000e+00  0.00000000e+00  0.00000000e+00  0.00000000e+00  0.00000000e+00  0.00000000e+00  0.00000000e+00  0.00000000e+00  0.00000000e+00  0.00000000e+00  0.00000000e+00  0.00000000e+00  0.00000000e+00  0.00000000e+00  0.00000000e+00  0.00000000e+00  0.00000000e+00  0.00000000e+00  0.00000000e+00  0.00000000e+00  0.00000000e+00  0.00000000e+00  0.00000000e+00  0.00000000e+00  0.00000000e+00  0.00000000e+00  0.00000000e+00  0.00000000e+00  0.00000000e+00  0.00000000e+00  0.00000000e+00  0.00000000e+00  0.00000000e+00  0.00000000e+00  0.00000000e+00  0.00000000e+00  0.00000000e+00  0.00000000e+00  0.00000000e+00  0.00000000e+00  0.00000000e+00  0.00000000e+00  0.00000000e+00  0.00000000e+00  0.00000000e+00  0.00000000e+00  0.00000000e+00  0.00000000e+00  0.00000000e+00  0.00000000e+00  0.00000000e+00  0.00000000e+00  0.00000000e+00  0.00000000e+00  0.00000000e+00  0.00000000e+00  0.00000000e+00  0.00000000e+00  0.00000000e+00  0.00000000e+00  0.00000000e+00  0.00000000e+00  0.00000000e+00  0.00000000e+00  0.00000000e+00  0.00000000e+00  0.00000000e+00  0.00000000e+00  0.00000000e+00  0.00000000e+00  0.00000000e+00  0.00000000e+00  0.00000000e+00  0.00000000e+00  0.00000000e+00  0.00000000e+00  0.00000000e+00  0.00000000e+00  0.00000000e+00  0.00000000e+00  0.00000000e+00  0.00000000e+00  0.00000000e+00  0.00000000e+00  0.00000000e+00  0.00000000e+00  0.00000000e+00  0.00000000e+00  0.00000000e+00  0.00000000e+00  0.00000000e+00  0.00000000e+00  0.00000000e+00  0.00000000e+00  
6       0.0299357729      0.0274358465         0.00550110829      3.27692244e-245 4.17847994e-256 8.85301173e-268 8.86184940e-280 1.68828694e-292 0.00000000e+00  0.00000000e+00  0.00000000e+00  0.00000000e+00  0.00000000e+00  0.00000000e+00  0.00000000e+00  0.00000000e+00  0.00000000e+00  0.00000000e+00  0.00000000e+00  0.00000000e+00  0.00000000e+00  0.00000000e+00  0.00000000e+00  0.00000000e+00  0.00000000e+00  0.00000000e+00  0.00000000e+00  0.00000000e+00  0.00000000e+00  0.00000000e+00  0.00000000e+00  0.00000000e+00  0.00000000e+00  0.00000000e+00  0.00000000e+00  0.00000000e+00  0.00000000e+00  0.00000000e+00  0.00000000e+00  0.00000000e+00  0.00000000e+00  0.00000000e+00  0.00000000e+00  0.00000000e+00  0.00000000e+00  0.00000000e+00  0.00000000e+00  0.00000000e+00  0.00000000e+00  0.00000000e+00  0.00000000e+00  0.00000000e+00  0.00000000e+00  0.00000000e+00  0.00000000e+00  0.00000000e+00  0.00000000e+00  0.00000000e+00  0.00000000e+00  0.00000000e+00  0.00000000e+00  0.00000000e+00  0.00000000e+00  0.00000000e+00  0.00000000e+00  0.00000000e+00  0.00000000e+00  0.00000000e+00  0.00000000e+00  0.00000000e+00  0.00000000e+00  0.00000000e+00  0.00000000e+00  0.00000000e+00  0.00000000e+00  0.00000000e+00  0.00000000e+00  0.00000000e+00  0.00000000e+00  0.00000000e+00  0.00000000e+00  0.00000000e+00  0.00000000e+00  0.00000000e+00  0.00000000e+00  0.00000000e+00  0.00000000e+00  0.00000000e+00  0.00000000e+00  0.00000000e+00  0.00000000e+00  0.00000000e+00  0.00000000e+00  0.00000000e+00  0.00000000e+00  0.00000000e+00  0.00000000e+00  0.00000000e+00  0.00000000e+00  0.00000000e+00  
7       0.0359381366      0.0329369548         0.00660412483      3.33300874e-201 2.74811900e-210 5.21008251e-220 5.05018111e-230 1.30394470e-240 1.77415149e-251 5.18426629e-263 9.04174934e-275 2.80361076e-287 5.70616748e-300 0.00000000e+00  0.00000000e+00  0.00000000e+00  0.00000000e+00  0.00000000e+00  0.00000000e+00  0.00000000e+00  0.00000000e+00  0.00000000e+00  0.00000000e+00  0.00000000e+00  0.00000000e+00  0.00000000e+00  0.00000000e+00  0.00000000e+00  0.00000000e+00  0.00000000e+00  0.00000000e+00  0.00000000e+00  0.00000000e+00  0.00000000e+00  0.00000000e+00  0.00000000e+00  0.00000000e+00  0.00000000e+00  0.00000000e+00  0.00000000e+00  0.00000000e+00  0.00000000e+00  0.00000000e+00  0.00000000e+00  0.00000000e+00  0.00000000e+00  0.00000000e+00  0.00000000e+00  0.00000000e+00  0.00000000e+00  0.00000000e+00  0.00000000e+00  0.00000000e+00  0.00000000e+00  0.00000000e+00  0.00000000e+00  0.00000000e+00  0.00000000e+00  0.00000000e+00  0.00000000e+00  0.00000000e+00  0.00000000e+00  0.00000000e+00  0.00000000e+00  0.00000000e+00  0.00000000e+00  0.00000000e+00  0.00000000e+00  0.00000000e+00  0.00000000e+00  0.00000000e+00  0.00000000e+00  0.00000000e+00  0.00000000e+00  0.00000000e+00  0.00000000e+00  0.00000000e+00  0.00000000e+00  0.00000000e+00  0.00000000e+00  0.00000000e+00  0.00000000e+00  0.00000000e+00  0.00000000e+00  0.00000000e+00  0.00000000e+00  0.00000000e+00  0.00000000e+00  0.00000000e+00  0.00000000e+00  0.00000000e+00  0.00000000e+00  0.00000000e+00  0.00000000e+00  0.00000000e+00  0.00000000e+00  0.00000000e+00  0.00000000e+00  0.00000000e+00  0.00000000e+00  
8       0.0431440226      0.0395410796         0.00792830508      1.34674860e-164 3.58826779e-172 2.86308029e-180 1.26112160e-188 1.92996131e-197 1.65113575e-206 4.13345749e-216 6.31060065e-226 2.42026869e-236 5.96960558e-247 3.58650740e-258 3.65882060e-270 3.14381894e-282 3.76983443e-295 0.00000000e+00  0.00000000e+00  0.00000000e+00  0.00000000e+00  0.00000000e+00  0.00000000e+00  0.00000000e+00  0.00000000e+00  0.00000000e+00  0.00000000e+00  0.00000000e+00  0.00000000e+00  0.00000000e+00  0.00000000e+00  0.00000000e+00  0.00000000e+00  0.00000000e+00  0.00000000e+00  0.00000000e+00  0.00000000e+00  0.00000000e+00  0.00000000e+00  0.00000000e+00  0.00000000e+00  0.00000000e+00  0.00000000e+00  0.00000000e+00  0.00000000e+00  0.00000000e+00  0.00000000e+00  0.00000000e+00  0.00000000e+00  0.00000000e+00  0.00000000e+00  0.00000000e+00  0.00000000e+00  0.00000000e+00  0.00000000e+00  0.00000000e+00  0.00000000e+00  0.00000000e+00  0.00000000e+00  0.00000000e+00  0.00000000e+00  0.00000000e+00  0.00000000e+00  0.00000000e+00  0.00000000e+00  0.00000000e+00  0.00000000e+00  0.00000000e+00  0.00000000e+00  0.00000000e+00  0.00000000e+00  0.00000000e+00  0.00000000e+00  0.00000000e+00  0.00000000e+00  0.00000000e+00  0.00000000e+00  0.00000000e+00  0.00000000e+00  0.00000000e+00  0.00000000e+00  0.00000000e+00  0.00000000e+00  0.00000000e+00  0.00000000e+00  0.00000000e+00  0.00000000e+00  0.00000000e+00  0.00000000e+00  0.00000000e+00  0.00000000e+00  0.00000000e+00  0.00000000e+00  0.00000000e+00  0.00000000e+00  0.00000000e+00  0.00000000e+00  0.00000000e+00  0.00000000e+00  0.00000000e+00  
9       0.0517947468      0.0474693847         0.00951799413      3.72080983e-134 1.79683786e-140 3.22144103e-147 3.42981967e-154 1.56404040e-161 4.23681395e-169 4.29245394e-177 2.73601138e-185 5.77318927e-194 7.84141104e-203 3.45177566e-212 3.68385739e-222 3.11353223e-232 5.37100838e-243 1.04402317e-253 3.96574936e-265 2.83203534e-277 1.99338455e-289 1.43601302e-302 0.00000000e+00  0.00000000e+00  0.00000000e+00  0.00000000e+00  0.00000000e+00  0.00000000e+00  0.00000000e+00  0.00000000e+00  0.00000000e+00  0.00000000e+00  0.00000000e+00  0.00000000e+00  0.00000000e+00  0.00000000e+00  0.00000000e+00  0.00000000e+00  0.00000000e+00  0.00000000e+00  0.00000000e+00  0.00000000e+00  0.00000000e+00  0.00000000e+00  0.00000000e+00  0.00000000e+00  0.00000000e+00  0.00000000e+00  0.00000000e+00  0.00000000e+00  0.00000000e+00  0.00000000e+00  0.00000000e+00  0.00000000e+00  0.00000000e+00  0.00000000e+00  0.00000000e+00  0.00000000e+00  0.00000000e+00  0.00000000e+00  0.00000000e+00  0.00000000e+00  0.00000000e+00  0.00000000e+00  0.00000000e+00  0.00000000e+00  0.00000000e+00  0.00000000e+00  0.00000000e+00  0.00000000e+00  0.00000000e+00  0.00000000e+00  0.00000000e+00  0.00000000e+00  0.00000000e+00  0.00000000e+00  0.00000000e+00  0.00000000e+00  0.00000000e+00  0.00000000e+00  0.00000000e+00  0.00000000e+00  0.00000000e+00  0.00000000e+00  0.00000000e+00  0.00000000e+00  0.00000000e+00  0.00000000e+00  0.00000000e+00  0.00000000e+00  0.00000000e+00  0.00000000e+00  0.00000000e+00  0.00000000e+00  0.00000000e+00  0.00000000e+00  0.00000000e+00  0.00000000e+00  0.00000000e+00  0.00000000e+00  
10      0.0621800109      0.0569873788         0.0114264286       7.52166152e-109 4.06509570e-114 9.71605881e-120 1.47605363e-125 1.13256656e-131 5.48133494e-138 1.20457986e-144 1.72921356e-151 1.02297037e-158 3.96339917e-166 6.22754023e-174 3.15771427e-182 1.22362882e-190 1.31914935e-199 1.42620246e-208 4.12260368e-218 3.17128833e-228 2.01781817e-238 2.01628412e-249 1.78675988e-260 1.89072184e-272 4.83112288e-284 1.06726883e-294 1.64417997e-305 0.00000000e+00  0.00000000e+00  0.00000000e+00  0.00000000e+00  0.00000000e+00  0.00000000e+00  0.00000000e+00  0.00000000e+00  0.00000000e+00  0.00000000e+00  0.00000000e+00  0.00000000e+00  0.00000000e+00  0.00000000e+00  0.00000000e+00  0.00000000e+00  0.00000000e+00  0.00000000e+00  0.00000000e+00  0.00000000e+00  0.00000000e+00  0.00000000e+00  0.00000000e+00  0.00000000e+00  0.00000000e+00  0.00000000e+00  0.00000000e+00  0.00000000e+00  0.00000000e+00  0.00000000e+00  0.00000000e+00  0.00000000e+00  0.00000000e+00  0.00000000e+00  0.00000000e+00  0.00000000e+00  0.00000000e+00  0.00000000e+00  0.00000000e+00  0.00000000e+00  0.00000000e+00  0.00000000e+00  0.00000000e+00  0.00000000e+00  0.00000000e+00  0.00000000e+00  0.00000000e+00  0.00000000e+00  0.00000000e+00  0.00000000e+00  0.00000000e+00  0.00000000e+00  0.00000000e+00  0.00000000e+00  0.00000000e+00  0.00000000e+00  0.00000000e+00  0.00000000e+00  0.00000000e+00  0.00000000e+00  0.00000000e+00  0.00000000e+00  0.00000000e+00  0.00000000e+00  0.00000000e+00  0.00000000e+00  0.00000000e+00  0.00000000e+00  0.00000000e+00  0.00000000e+00  0.00000000e+00  0.00000000e+00  0.00000000e+00  
11      0.0746476041      0.0684138075         0.0137175197       8.01412523e-88  3.24262257e-92  6.69280717e-97  9.34185938e-102 7.50157005e-107 4.02339431e-112 1.14209551e-117 2.20631243e-123 2.08872608e-129 1.33244612e-135 4.10881039e-142 5.13427127e-149 4.83078670e-156 1.62475866e-163 5.04775664e-171 5.40766745e-179 2.03216593e-187 5.66228913e-196 3.60801737e-205 2.14790305e-214 2.46093143e-224 5.19562220e-234 6.06801690e-243 5.93552625e-252 5.08185288e-260 3.62894328e-268 6.12099704e-275 9.55741072e-282 7.62633658e-287 7.46966420e-292 8.67796760e-297 8.08322631e-300 7.77882050e-303 1.41833297e-305 0.00000000e+00  0.00000000e+00  0.00000000e+00  0.00000000e+00  0.00000000e+00  0.00000000e+00  0.00000000e+00  0.00000000e+00  0.00000000e+00  0.00000000e+00  0.00000000e+00  0.00000000e+00  0.00000000e+00  0.00000000e+00  0.00000000e+00  0.00000000e+00  0.00000000e+00  0.00000000e+00  0.00000000e+00  0.00000000e+00  0.00000000e+00  0.00000000e+00  0.00000000e+00  0.00000000e+00  0.00000000e+00  0.00000000e+00  0.00000000e+00  0.00000000e+00  0.00000000e+00  0.00000000e+00  0.00000000e+00  0.00000000e+00  0.00000000e+00  0.00000000e+00  0.00000000e+00  0.00000000e+00  0.00000000e+00  0.00000000e+00  0.00000000e+00  0.00000000e+00  0.00000000e+00  0.00000000e+00  0.00000000e+00  0.00000000e+00  0.00000000e+00  0.00000000e+00  0.00000000e+00  0.00000000e+00  0.00000000e+00  0.00000000e+00  0.00000000e+00  0.00000000e+00  0.00000000e+00  0.00000000e+00  0.00000000e+00  0.00000000e+00  0.00000000e+00  0.00000000e+00  0.00000000e+00  0.00000000e+00  0.00000000e+00  0.00000000e+00  0.00000000e+00  
12      0.0896150502      0.0821313271         0.0164679929       2.33157462e-70  5.05103261e-74  6.27346042e-78  5.57027426e-82  3.15498139e-86  1.25866018e-90  3.00001569e-95  5.07377970e-100 4.82276587e-105 3.19861861e-110 1.17691623e-115 2.10131744e-121 2.82681340e-127 1.66307649e-133 8.56530071e-140 1.86819561e-146 1.77552798e-153 1.18469773e-160 2.48371525e-168 4.78306437e-176 2.62905478e-184 2.19270915e-192 7.05154764e-200 2.29436468e-207 3.99865902e-214 6.84856785e-221 1.43991967e-226 3.14654774e-232 1.57175311e-236 1.01811631e-240 8.29343641e-245 2.12020002e-247 5.74986729e-250 3.02412717e-252 2.96000159e-254 4.26959032e-256 4.15107890e-257 1.91211398e-258 5.64068207e-259 6.51529855e-260 9.74723850e-261 6.00729035e-261 3.64538452e-261 2.16784647e-261 1.25485588e-261 6.99799677e-262 3.70676913e-262 1.82088088e-262 7.99078935e-263 3.02758258e-263 1.13292132e-263 7.78584427e-264 6.21462460e-264 4.96937268e-264 3.97947920e-264 3.19046078e-264 2.56024319e-264 2.05612090e-264 1.65242457e-264 1.32866530e-264 1.06876776e-264 8.59975865e-265 6.92109121e-265 5.57114291e-265 4.48510978e-265 3.61132419e-265 2.90792157e-265 2.34149904e-265 1.88546265e-265 1.51818071e-265 1.22224473e-265 9.83874852e-266 7.91885686e-266 6.37185798e-266 5.12579933e-266 4.12169708e-266 3.31256735e-266 2.66053478e-266 2.13508413e-266 1.71169812e-266 1.37064099e-266 1.09583601e-266 8.74377829e-267 6.95921229e-267 5.52114161e-267 4.36224581e-267 3.42840112e-267 2.67583008e-267 2.06940403e-267 1.58070431e-267 1.18689516e-267 8.69550696e-268 6.13812242e-268 4.07737899e-268 2.41665382e-268 1.07842784e-268 0.00000000e+00  
13      0.10758359        0.09859932           0.0197699582       7.29177682e-56  6.39537449e-59  3.53913335e-62  1.47057535e-65  4.23261008e-69  9.00435954e-73  1.25999912e-76  1.30291858e-80  8.44051163e-85  3.96088780e-89  1.14944544e-93  1.86593275e-98  2.30816793e-103 1.46746950e-108 7.91650049e-114 2.13378961e-119 2.96691185e-125 2.85698031e-131 1.11702767e-137 3.85888756e-144 5.17631139e-151 9.22659529e-158 4.75944544e-164 2.82801904e-170 6.09801276e-176 1.46113520e-181 2.52242702e-186 4.97063145e-191 1.15180986e-194 3.60699742e-198 1.48515499e-201 8.91594991e-204 5.86412580e-206 7.31385252e-208 1.65907389e-209 5.61758480e-211 6.18816646e-212 6.20900936e-213 1.89663370e-213 2.81663838e-214 7.87016962e-215 4.87123007e-215 2.97354306e-215 1.78327866e-215 1.04517079e-215 5.94205128e-216 3.24870647e-216 1.68836815e-216 8.27387247e-217 3.93971827e-217 2.12280448e-217 1.59290900e-217 1.27152251e-217 1.01678778e-217 8.14274682e-218 6.52846635e-218 5.23901571e-218 4.20751664e-218 3.38147161e-218 2.71897515e-218 2.18714458e-218 1.75988393e-218 1.41636566e-218 1.14011221e-218 9.17864128e-219 7.39049160e-219 5.95101106e-219 4.79184915e-219 3.85858291e-219 3.10694781e-219 2.50132029e-219 2.01349934e-219 1.62059481e-219 1.30400228e-219 1.04899639e-219 8.43506782e-220 6.77918319e-220 5.44479802e-220 4.36946284e-220 3.50300271e-220 2.80502704e-220 2.24263659e-220 1.78942077e-220 1.42420800e-220 1.12990576e-220 8.92736869e-221 7.01624854e-221 5.47610628e-221 4.23505082e-221 3.23492320e-221 2.42898983e-221 1.77954201e-221 1.25617135e-221 8.34438662e-222 4.94570013e-222 2.20701063e-222 0.00000000e+00  
14      0.129154967       0.118369278          0.0237339941       7.67728786e-44  2.15948955e-46  4.14668053e-49  6.24058950e-52  6.95003587e-55  5.97222288e-58  3.64465351e-61  1.70755877e-64  5.46373495e-68  1.31456444e-71  2.13190741e-75  2.16347783e-79  1.70321391e-83  7.83931503e-88  3.01771018e-92  6.62734957e-97  8.55792370e-102 7.75739525e-107 3.48576297e-112 1.33711148e-117 2.50755847e-123 5.72950898e-129 3.02665782e-134 1.99273685e-139 3.51816339e-144 7.51263432e-149 7.53349483e-153 9.28332516e-157 7.80110947e-160 9.10928538e-163 1.44239954e-165 1.79649145e-167 2.54633352e-169 6.54210015e-171 2.91737241e-172 1.94761880e-173 2.60549915e-174 4.55981059e-175 1.48064323e-175 3.01859299e-176 1.22109568e-176 7.61922563e-177 4.70250536e-177 2.86382239e-177 1.71585647e-177 1.00791486e-177 5.79444883e-178 3.26264982e-178 1.82086264e-178 1.05212320e-178 6.85619048e-179 5.31562576e-179 4.24360188e-179 3.39374765e-179 2.71801346e-179 2.17930296e-179 1.74894954e-179 1.40465801e-179 1.12892248e-179 9.07767316e-180 7.30223276e-180 5.87583144e-180 4.72897169e-180 3.80665760e-180 3.06463389e-180 2.46761015e-180 1.98699318e-180 1.59996652e-180 1.28835953e-180 1.03739548e-180 8.35181686e-181 6.72301586e-181 5.41112690e-181 4.35403825e-181 3.50258059e-181 2.81645587e-181 2.26356008e-181 1.81801217e-181 1.45896041e-181 1.16965129e-181 9.36597635e-182 7.48815644e-182 5.97487025e-182 4.75542598e-182 3.77275174e-182 2.98084556e-182 2.34272315e-182 1.82847014e-182 1.41408212e-182 1.08013983e-182 8.11038932e-183 5.94188509e-183 4.19435212e-183 2.78618803e-183 1.65136770e-183 7.36920147e-184 0.00000000e+00  
15      0.155051578       0.142103272          0.0284928511       7.04380155e-34  5.23265355e-36  2.83163692e-38  1.24635274e-40  4.28197546e-43  1.17884982e-45  2.45093623e-48  4.05123246e-51  4.89988731e-54  4.61694561e-57  3.14149877e-60  1.46134537e-63  5.38751098e-67  1.28674255e-70  2.56343500e-74  3.23997362e-78  2.66506386e-82  1.58425109e-86  5.43622871e-91  1.55927728e-95  2.58842873e-100 4.95652391e-105 1.84438856e-109 8.89184847e-114 9.12595002e-118 1.19215046e-121 5.21216434e-125 2.95814407e-128 7.36569308e-131 2.58548721e-133 1.25259502e-135 2.93043451e-137 8.10479152e-139 3.81507149e-140 2.92297820e-141 3.31183301e-142 5.64991493e-143 1.44489922e-143 5.12472295e-144 1.42798231e-144 7.10812355e-145 4.49307271e-145 2.82131180e-145 1.75862000e-145 1.08778186e-145 6.67902508e-146 4.08498769e-146 2.50659201e-146 1.56734617e-146 1.02900091e-146 7.35815547e-147 5.78332721e-147 4.61783675e-147 3.69359710e-147 2.95852528e-147 2.37238571e-147 1.90406192e-147 1.52933884e-147 1.22919416e-147 9.88438303e-148 7.95144109e-148 6.39840410e-148 5.14966915e-148 4.14538412e-148 3.33738542e-148 2.68725863e-148 2.16388106e-148 1.74241482e-148 1.40307297e-148 1.12976861e-148 9.09553558e-149 7.32172031e-149 5.89301835e-149 4.74180143e-149 3.81451824e-149 3.06729043e-149 2.46515630e-149 1.97992996e-149 1.58890271e-149 1.27382865e-149 1.02001789e-149 8.15510661e-150 6.50703604e-150 5.17897912e-150 4.10878070e-150 3.24634154e-150 2.55138327e-150 1.99132711e-150 1.54003065e-150 1.17634501e-150 8.83276012e-151 6.47111298e-151 4.56793191e-151 3.03434639e-151 1.79845062e-151 8.02555664e-152 0.00000000e+00  
16      0.186140669       0.170596123          0.0342058974       1.24368484e-25  2.07544944e-27  2.66196288e-29  2.86701416e-31  2.51681735e-33  1.82976949e-35  1.05563936e-37  4.99664014e-40  1.82909673e-42  5.38934375e-45  1.21213695e-47  1.99907666e-50  2.67286827e-53  2.51226510e-56  1.97963497e-59  1.07736868e-62  4.12978109e-66  1.18607785e-69  2.20674165e-73  3.40546853e-77  3.44019834e-81  3.87848939e-85  7.43163925e-89  1.86344474e-92  8.36296515e-96  4.88980237e-99  7.34648098e-102 1.48548486e-104 9.27974739e-107 8.18417153e-109 1.00143680e-110 4.05155296e-112 1.99674175e-113 1.55999572e-114 1.84918269e-115 3.14893385e-116 6.94315613e-117 2.29858702e-117 9.07542632e-118 3.28652190e-118 1.84378479e-118 1.18662911e-118 7.62538484e-119 4.89678484e-119 3.14722605e-119 2.02966310e-119 1.32027898e-119 8.72605643e-120 5.92417425e-120 4.19550273e-120 3.14302697e-120 2.48651692e-120 1.98597745e-120 1.58885866e-120 1.27289430e-120 1.02086653e-120 8.19444142e-121 6.58243203e-121 5.29100679e-121 4.25496132e-121 3.42306233e-121 2.75460303e-121 2.21708439e-121 1.78476196e-121 1.43691861e-121 1.15702584e-121 9.31693721e-122 7.50234199e-122 6.04128571e-122 4.86453799e-122 3.91636931e-122 3.15261577e-122 2.53744903e-122 2.04175902e-122 1.64248523e-122 1.32073980e-122 1.06146960e-122 8.52538194e-123 6.84167547e-123 5.48500973e-123 4.39212173e-123 3.51152869e-123 2.80188167e-123 2.23003017e-123 1.76921063e-123 1.39785070e-123 1.09860680e-123 8.57450751e-124 6.63125827e-124 5.06525473e-124 3.80332128e-124 2.78641347e-124 1.96691775e-124 1.30656715e-124 7.74399558e-125 3.45574543e-125 0.00000000e+00  
17      0.223463373       0.204802021          0.0410644554       8.17620460e-19  2.67836986e-20  7.04930639e-22  1.60104962e-23  3.07032831e-25  5.01729609e-27  6.77297314e-29  7.71374905e-31  7.10519036e-33  5.42511885e-35  3.30769363e-37  1.56347199e-39  6.12795170e-42  1.80177296e-44  4.48531489e-47  8.25232047e-50  1.13783719e-52  1.22022446e-55  9.25316457e-59  5.83387783e-62  2.63632470e-65  1.30515199e-68  9.89724642e-72  9.73580141e-75  1.50653045e-77  3.04545164e-80  1.28985638e-82  7.48339425e-85  1.02124992e-86  1.94768875e-88  5.12341868e-90  3.33578643e-91  2.68999654e-92  3.20761294e-93  5.42957420e-94  1.26662195e-94  3.55188976e-95  1.41238169e-95  6.24363599e-96  2.76315466e-96  1.67157322e-96  1.09976962e-96  7.26109152e-97  4.81903053e-97  3.22221953e-97  2.17688874e-97  1.49245543e-97  1.04331491e-97  7.47930298e-98  5.53609894e-98  4.25149489e-98  3.37555066e-98  2.69708562e-98  2.15845289e-98  1.72966062e-98  1.38748601e-98  1.11391916e-98  8.94914109e-99  7.19418074e-99  5.78598356e-99  4.65508574e-99  3.74625228e-99  3.01537581e-99  2.42748619e-99  1.95444151e-99  1.57378066e-99  1.26730971e-99  1.02050230e-99  8.21772710e-100 6.61710468e-100 5.32739016e-100 4.28849971e-100 3.45170672e-100 2.77743055e-100 2.23429801e-100 1.79662606e-100 1.44393949e-100 1.15972903e-100 9.30693579e-101 7.46145152e-101 5.97476113e-101 4.77685874e-101 3.81150039e-101 3.03359022e-101 2.40672084e-101 1.90154657e-101 1.49447433e-101 1.16642109e-101 9.02073908e-102 6.89044815e-102 5.17379471e-102 3.79045843e-102 2.67566894e-102 1.77737028e-102 1.05344357e-102 4.70097477e-103 0.00000000e+00  
18      0.26826958        0.245866476          0.0492982096       3.46829363e-13  1.99315523e-14  9.54753948e-16  4.03937578e-17  1.48531172e-18  4.76958764e-20  1.30739101e-21  3.09869698e-23  6.15976907e-25  1.04194940e-26  1.46020742e-28  1.65867797e-30  1.59632168e-32  1.21367837e-34  7.91096947e-37  4.02266841e-39  1.61007785e-41  5.19203024e-44  1.26595723e-46  2.58985120e-49  4.06372949e-52  6.92300181e-55  1.66484780e-57  5.09158547e-60  2.22602183e-62  1.25766217e-64  1.27270241e-66  1.76504568e-68  4.68246442e-70  1.70255094e-71  8.40970371e-73  8.26286806e-74  1.00847655e-74  1.70961969e-75  3.88100846e-76  1.15852307e-76  4.00316597e-77  1.82707051e-77  8.98850023e-78  4.60857047e-78  2.93957440e-78  1.98154252e-78  1.34589339e-78  9.22735464e-79  6.39826939e-79  4.49640187e-79  3.21103264e-79  2.33551308e-79  1.73416170e-79  1.31799049e-79  1.02665615e-79  8.17002849e-80  6.53106654e-80  5.22882479e-80  4.19142999e-80  3.36313536e-80  2.70061805e-80  2.17003614e-80  1.74472607e-80  1.40336766e-80  1.12917487e-80  9.08786874e-81  7.31531590e-81  5.88938608e-81  4.74191253e-81  3.81846134e-81  3.07494638e-81  2.47615723e-81  1.99398770e-81  1.60562404e-81  1.29269465e-81  1.04061765e-81  8.37572624e-82  6.73960598e-82  5.42167555e-82  4.35964502e-82  3.50383529e-82  2.81418592e-82  2.25842117e-82  1.81060466e-82  1.44984370e-82  1.15915907e-82  9.24903890e-83  7.36135147e-83  5.84018165e-83  4.61431887e-83  3.62651182e-83  2.83045334e-83  2.18898486e-83  1.67204556e-83  1.25548009e-83  9.19797820e-84  6.49281479e-84  4.31299098e-84  2.55630054e-84  1.14074496e-84  0.00000000e+00  
19      0.322059792       0.295164686          0.0591828978       1.50083122e-08  1.37778748e-09  1.08694026e-10  7.72449851e-12  4.88594122e-13  2.75623368e-14  1.36339948e-15  5.95795696e-17  2.24952420e-18  7.39612029e-20  2.07677097e-21  4.89900234e-23  9.98941093e-25  1.67694217e-26  2.44686072e-28  2.90786800e-30  2.82908349e-32  2.28821446e-34  1.47372409e-36  8.06894459e-39  3.56749680e-41  1.70692796e-43  1.08016300e-45  8.47544281e-48  8.85420151e-50  1.17333267e-51  2.46926078e-53  7.02363433e-55  3.27854617e-56  2.04431605e-57  1.69361985e-58  2.37024602e-59  4.08814600e-60  9.28040527e-61  2.68453674e-61  9.74988664e-62  4.00573990e-62  2.03761737e-62  1.10114658e-62  6.28262829e-63  4.17345882e-63  2.88323973e-63  2.01237785e-63  1.42089118e-63  1.01617232e-63  7.36824921e-64  5.42329131e-64  4.05440558e-64  3.08029929e-64  2.38004045e-64  1.87026370e-64  1.49083838e-64  1.19244361e-64  9.55123395e-65  7.65916196e-65  6.14748142e-65  4.93771093e-65  3.96842725e-65  3.19116415e-65  2.56714172e-65  2.06578645e-65  1.66273503e-65  1.33852088e-65  1.07767380e-65  8.67743525e-66  6.98782147e-66  5.62734199e-66  4.53163581e-66  3.64927741e-66  2.93855762e-66  2.36588059e-66  1.90455335e-66  1.53294888e-66  1.23351056e-66  9.92300486e-67  7.97924837e-67  6.41292268e-67  5.15070808e-67  4.13353267e-67  3.31392379e-67  2.65363047e-67  2.12159409e-67  1.69283982e-67  1.34733879e-67  1.06892102e-67  8.44552913e-68  6.63755844e-68  5.18054275e-68  4.00647115e-68  3.06032372e-68  2.29788924e-68  1.68349425e-68  1.18837163e-68  7.89401253e-69  4.67876436e-69  2.08789098e-69  0.00000000e+00  
20      0.386635375       0.354347584          0.0710495457       9.70326986e-05  1.31609940e-05  1.57337261e-06  1.72295031e-07  1.71260428e-08  1.54570263e-09  1.25071117e-10  9.10838827e-12  5.87297350e-13  3.36483333e-14  1.68841156e-15  7.32725856e-17  2.79945874e-18  9.10132154e-20  2.60816501e-21  6.30079985e-23  1.28629391e-24  2.24267543e-26  3.24183490e-28  4.04465683e-30  4.24099011e-32  4.80907846e-34  6.84335169e-36  1.17524627e-37  2.54744049e-39  6.85049304e-41  2.66692356e-42  1.37006025e-43  1.03275958e-44  1.01030080e-45  1.27847160e-46  2.42068497e-47  5.56419360e-48  1.60818347e-48  5.67919948e-49  2.41451285e-49  1.14067962e-49  6.33185432e-50  3.70166825e-50  2.28376544e-50  1.56773660e-50  1.10858526e-50  7.92984947e-51  5.74197030e-51  4.21063536e-51  3.12737856e-51  2.35309279e-51  1.79307245e-51  1.38335172e-51  1.08047654e-51  8.53973751e-52  6.81656047e-52  5.45563526e-52  4.37209531e-52  3.50745352e-52  2.81614780e-52  2.26258369e-52  1.81884370e-52  1.46286296e-52  1.17697300e-52  9.47223605e-53  7.62483750e-53  6.13856505e-53  4.94261501e-53  3.98000329e-53  3.20516917e-53  2.58122613e-53  2.07869063e-53  1.67397942e-53  1.34798166e-53  1.08529989e-53  8.73686588e-54  7.03224136e-54  5.65864495e-54  4.55212545e-54  3.66044844e-54  2.94191367e-54  2.36288654e-54  1.89626846e-54  1.52028024e-54  1.21736831e-54  9.73293551e-55  7.76600052e-55  6.18099458e-55  4.90373694e-55  3.87443529e-55  3.04501829e-55  2.37660392e-55  1.83799179e-55  1.40394119e-55  1.05416997e-55  7.72312716e-56  5.45172354e-56  3.62142387e-56  2.14641019e-56  9.57832055e-57  0.00000000e+00  
21      0.464158883       0.425397129          0.0852955522       1.28786119e-01  2.41835055e-02  4.08765607e-03  6.41882473e-04  9.29901266e-05  1.24203423e-05  1.51477781e-06  1.68964761e-07  1.70272461e-08  1.55169619e-09  1.26474856e-10  9.12983253e-12  5.89889467e-13  3.33071648e-14  1.68048208e-15  7.34788949e-17  2.78613182e-18  9.22939670e-20  2.61658402e-21  6.50428172e-23  1.40271319e-24  3.26989341e-26  9.16669188e-28  3.02077701e-29  1.20617230e-30  5.83799325e-32  3.80804689e-33  3.18244301e-34  3.59773353e-35  5.12401185e-36  9.17216880e-37  2.24513196e-37  6.54529827e-38  2.30799203e-38  9.59513917e-39  4.63138110e-39  2.44471954e-39  1.45675659e-39  9.07889133e-40  5.93615596e-40  4.18755043e-40  3.02411299e-40  2.20962125e-40  1.63365161e-40  1.22193298e-40  9.24251279e-41  7.06683230e-41  5.45816823e-41  4.25587210e-41  3.34874879e-41  2.65748581e-41  2.12376390e-41  1.70087863e-41  1.36380313e-41  1.09457011e-41  8.79147899e-42  7.06541714e-42  5.68108420e-42  4.57004768e-42  3.67746628e-42  2.95997142e-42  2.38291173e-42  1.91858033e-42  1.54489493e-42  1.24408265e-42  1.00192372e-42  8.06907907e-43  6.49831043e-43  5.23322577e-43  4.21415182e-43  3.39299684e-43  2.73146228e-43  2.19855350e-43  1.76912840e-43  1.42318921e-43  1.14441638e-43  9.19774537e-44  7.38748190e-44  5.92865274e-44  4.75316237e-44  3.80611082e-44  3.04300931e-44  2.42804567e-44  1.93249242e-44  1.53315690e-44  1.21134499e-44  9.52027168e-45  7.43046932e-45  5.74649461e-45  4.38943227e-45  3.29587001e-45  2.41464128e-45  1.70448530e-45  1.13224079e-45  6.71076695e-46  2.99466883e-46  0.00000000e+00  
22      0.55722648        0.510692681          0.102397998        4.57032461e+01  1.12562388e+01  2.53934170e+00  5.38554123e-01  1.06802124e-01  1.97816442e-02  3.39667306e-03  5.40835313e-04  7.91130567e-05  1.06251931e-05  1.29899560e-06  1.43428429e-07  1.43855216e-08  1.28842454e-09  1.04452352e-10  7.50420921e-12  4.77545102e-13  2.70567821e-14  1.34543504e-15  5.95678612e-17  2.34821222e-18  9.98834814e-20  4.93572839e-21  2.79866448e-22  1.86247812e-23  1.46871590e-24  1.47624858e-25  1.84279764e-26  2.93172444e-27  5.70965281e-28  1.35782358e-28  4.12849182e-29  1.46408814e-29  6.07518537e-30  2.88321716e-30  1.54124688e-30  8.87932101e-31  5.60452504e-31  3.67660569e-31  2.51169606e-31  1.81267147e-31  1.33337573e-31  9.91820736e-32  7.45769503e-32  5.66526583e-32  4.34465699e-32  3.36150020e-32  2.62172468e-32  2.05973145e-32  1.62927009e-32  1.29681447e-32  1.03746588e-32  8.31440112e-33  6.67030299e-33  5.35585275e-33  4.30331343e-33  3.45944447e-33  2.78229462e-33  2.23858887e-33  1.80163900e-33  1.45030611e-33  1.16767689e-33  9.40222523e-34  7.57144530e-34  6.09751421e-34  4.91084499e-34  3.95512137e-34  3.18529037e-34  2.56523317e-34  2.06573410e-34  1.66324117e-34  1.33897617e-34  1.07775098e-34  8.67250177e-35  6.97668642e-35  5.61011784e-35  4.50890403e-35  3.62149718e-35  2.90636647e-35  2.33012830e-35  1.86585998e-35  1.49176668e-35  1.19029462e-35  9.47360817e-36  7.51595585e-36  5.93834558e-36  4.66709844e-36  3.64261998e-36  2.81708936e-36  2.15182016e-36  1.61572593e-36  1.18372342e-36  8.35585470e-37  5.55055506e-37  3.28980213e-37  1.46806885e-37  0.00000000e+00  
23      0.668954879       0.613090679          0.122929621        5.39967937e+03  1.66776506e+03  4.78698255e+02  1.30462295e+02  3.36188116e+01  8.17984242e+00  1.86841946e+00  4.00432682e-01  7.99455277e-02  1.48465958e-02  2.54720502e-03  4.01143088e-04  5.81401800e-05  7.65906693e-06  9.24196585e-07  1.00640772e-07  9.87892386e-09  8.77095500e-10  6.97337832e-11  5.00748053e-12  3.27142471e-13  2.29792038e-14  1.82335057e-15  1.62514702e-16  1.65732010e-17  1.96045209e-18  2.82918440e-19  4.92085173e-20  1.04329760e-20  2.63612342e-21  7.91225538e-22  2.88555090e-22  1.20163276e-22  5.69124154e-23  3.00490114e-23  1.74330378e-23  1.07585074e-23  7.11488310e-24  4.86185361e-24  3.43509849e-24  2.52682428e-24  1.88819245e-24  1.42544288e-24  1.08643643e-24  8.35357246e-25  6.47403161e-25  5.05355300e-25  3.96981883e-25  3.13616366e-25  2.49039954e-25  1.98677095e-25  1.59096505e-25  1.27585458e-25  1.02410924e-25  8.22651162e-26  6.61213969e-26  5.31703529e-26  4.27727166e-26  3.44205286e-26  2.77060504e-26  2.23058161e-26  1.79606683e-26  1.44632327e-26  1.16477450e-26  9.38078001e-27  7.55544100e-27  6.08523389e-27  4.90093397e-27  3.94698262e-27  3.17847980e-27  2.55921972e-27  2.06030205e-27  1.65836496e-27  1.33447250e-27  1.07353426e-27  8.63256797e-28  6.93810164e-28  5.57262563e-28  4.47223541e-28  3.58555884e-28  2.87115403e-28  2.29550554e-28  1.83160540e-28  1.45778293e-28  1.15654268e-28  9.13782657e-29  7.18165280e-29  5.60520252e-29  4.33488985e-29  3.31118476e-29  2.48625196e-29  1.82149375e-29  1.28578491e-29  8.54110102e-30  5.06229233e-30  2.25903972e-30  0.00000000e+00  
24      0.803085722       0.7360203            0.147578001        2.54633023e+05  9.50366775e+04  3.33601869e+04  1.12114602e+04  3.59551519e+03  1.09873835e+03  3.18499609e+02  8.74931193e+01  2.26496140e+01  5.51502162e+00  1.25612176e+00  2.66179240e-01  5.25102657e-02  9.55366148e-03  1.60939876e-03  2.48347152e-04  3.50497849e-05  4.53351064e-06  5.33667942e-07  5.74813163e-08  5.73529242e-09  6.12045520e-10  7.21291715e-11  9.37481093e-12  1.36555399e-12  2.26255396e-13  4.41729232e-14  1.01143767e-14  2.72807966e-15  8.55666830e-16  3.10774596e-16  1.31848041e-16  6.25827640e-17  3.29796547e-17  1.89642511e-17  1.17462829e-17  7.65212644e-18  5.25509253e-18  3.70946257e-18  2.69043182e-18  2.01083817e-18  1.52268898e-18  1.16354202e-18  8.96485657e-19  6.95862812e-19  5.43674064e-19  4.27244652e-19  3.37440057e-19  2.67688535e-19  2.13196689e-19  1.70390070e-19  1.36563283e-19  1.09583143e-19  8.80050592e-20  7.07218762e-20  5.68622511e-20  4.57371516e-20  3.68011642e-20  2.96201630e-20  2.38454061e-20  1.91998132e-20  1.54611033e-20  1.24513476e-20  1.00281224e-20  8.07678488e-21  6.50542809e-21  5.23970019e-21  4.22007037e-21  3.39871014e-21  2.73699918e-21  2.20378738e-21  1.77418293e-21  1.42807511e-21  1.14916904e-21  9.24467374e-22  7.43390370e-22  5.97474168e-22  4.79888432e-22  3.85130124e-22  3.08775102e-22  2.47253423e-22  1.97680652e-22  1.57731246e-22  1.25539005e-22  9.95972816e-23  7.86916646e-23  6.18458021e-23  4.82699812e-23  3.73305070e-23  2.85147282e-23  2.14107046e-23  1.56860468e-23  1.10727156e-23  7.35528795e-24  4.35946346e-24  1.94540347e-24  0.00000000e+00  
25      0.96411088        0.883598301          0.177168579        5.56779357e+06  2.43526810e+06  1.01177877e+06  4.05248130e+05  1.56069976e+05  5.77125030e+04  2.04189701e+04  6.90385759e+03  2.22090436e+03  6.78365841e+02  1.95848679e+02  5.32011377e+01  1.35891074e+01  3.24020575e+00  7.22275087e-01  1.49312256e-01  2.85736786e-02  5.06706006e-03  8.28573270e-04  1.25412213e-04  1.78498209e-05  2.69975203e-06  4.42749704e-07  7.88441315e-08  1.54677663e-08  3.39153194e-09  8.52194962e-10  2.45178822e-10  8.08683334e-11  3.03359840e-11  1.28758259e-11  6.18838063e-12  3.26557501e-12  1.87476117e-12  1.15396692e-12  7.53096202e-13  5.12005081e-13  3.62504180e-13  2.62587589e-13  1.94418799e-13  1.47251079e-13  1.12747054e-13  8.70115230e-14  6.76247460e-14  5.28838318e-14  4.15782002e-14  3.28432794e-14  2.60472489e-14  2.07289854e-14  1.65471045e-14  1.32439944e-14  1.06229982e-14  8.52917339e-15  6.85288999e-15  5.50913806e-15  4.43085218e-15  3.56484884e-15  2.86894081e-15  2.30949488e-15  1.85947323e-15  1.49736369e-15  1.20588783e-15  9.71210296e-16  7.82242281e-16  6.30057679e-16  5.07496338e-16  4.08766756e-16  3.29230157e-16  2.65156024e-16  2.13534403e-16  1.71936965e-16  1.38421302e-16  1.11418872e-16  8.96591712e-17  7.21279645e-17  5.80002903e-17  4.66158709e-17  3.74418017e-17  3.00487343e-17  2.40914731e-17  1.92914008e-17  1.54235952e-17  1.23066312e-17  9.79490288e-18  7.77085734e-18  6.13974287e-18  4.82538175e-18  3.76615839e-18  2.91263014e-18  2.22479852e-18  1.67052281e-18  1.22386906e-18  8.63924112e-19  5.73880054e-19  3.40137482e-19  1.51785798e-19  0.00000000e+00  
26      1.15742288        1.06076688           0.212692307        6.39057736e+07  3.19333022e+07  1.52832074e+07  7.09231240e+06  3.18461816e+06  1.38182735e+06  5.77768480e+05  2.32493656e+05  8.97223189e+04  3.31394892e+04  1.16709555e+04  3.90383172e+03  1.23851781e+03  3.70519351e+02  1.04510940e+02  2.76210746e+01  6.82620625e+00  1.57786904e+00  3.39939631e-01  6.84796247e-02  1.31322417e-02  2.65723944e-03  5.74407526e-04  1.33078241e-04  3.34804216e-05  9.26858070e-06  2.87478252e-06  9.99925619e-07  3.89962825e-07  1.69547706e-07  8.16999783e-08  4.34827533e-08  2.49875424e-08  1.53617605e-08  9.98212195e-09  6.79206896e-09  4.77653690e-09  3.46624493e-09  2.56329373e-09  1.92920337e-09  1.47737860e-09  1.14165715e-09  8.88206168e-10  6.95130206e-10  5.46823735e-10  4.32045033e-10  3.42654651e-10  2.72625533e-10  2.17500503e-10  1.73935528e-10  1.39380893e-10  1.11874929e-10  8.98711744e-11  7.22390367e-11  5.80939331e-11  4.67364335e-11  3.76104261e-11  3.02739195e-11  2.43740210e-11  1.96268501e-11  1.58062512e-11  1.27303772e-11  1.02535744e-11  8.25896709e-12  6.65247135e-12  5.35857647e-12  4.31621488e-12  3.47645712e-12  2.79991936e-12  2.25484738e-12  1.81561740e-12  1.46171437e-12  1.17657934e-12  9.46803786e-13  7.61675711e-13  6.12488078e-13  4.92269097e-13  3.95391319e-13  3.17320845e-13  2.54412203e-13  2.03722353e-13  1.62877290e-13  1.29961317e-13  1.03436794e-13  8.20623320e-14  6.48373269e-14  5.09573220e-14  3.97716400e-14  3.07581533e-14  2.34944675e-14  1.76411677e-14  1.29243847e-14  9.12326970e-15  6.06032687e-15  3.59194279e-15  1.60289863e-15  0.00000000e+00  
27      1.38949549        1.27345919           0.255338828        4.26830998e+08  2.38556799e+08  1.28587293e+08  6.75320315e+07  3.44981190e+07  1.71212715e+07  8.23664553e+06  3.83619219e+06  1.72487594e+06  7.47295041e+05  3.10975386e+05  1.23880391e+05  4.71568752e+04  1.70713045e+04  5.87048024e+03  1.90789613e+03  5.84753260e+02  1.68946547e+02  4.58985291e+01  1.17620656e+01  2.89776303e+00  7.47838550e-01  2.03702715e-01  5.88167552e-02  1.82176528e-02  6.12429865e-03  2.26423556e-03  9.22049141e-04  4.13175089e-04  2.02762268e-04  1.08296821e-04  6.26140991e-05  3.85270596e-05  2.50156354e-05  1.69723942e-05  1.19404322e-05  8.62622241e-06  6.38616071e-06  4.80160749e-06  3.66156700e-06  2.82983607e-06  2.20351198e-06  1.72565411e-06  1.35812965e-06  1.07341190e-06  8.51413008e-07  6.77397290e-07  5.40319139e-07  4.31911839e-07  3.45899863e-07  2.77455326e-07  2.22837703e-07  1.79093854e-07  1.44011696e-07  1.15848388e-07  9.32230386e-08  7.50350816e-08  6.04082480e-08  4.86419744e-08  3.91723618e-08  3.15496530e-08  2.54118489e-08  2.04689227e-08  1.64879050e-08  1.32812533e-08  1.06983750e-08  8.61749897e-09  6.94102793e-09  5.59034325e-09  4.50209662e-09  3.62515981e-09  2.91856493e-09  2.34925755e-09  1.89047920e-09  1.52083838e-09  1.22295796e-09  9.82918751e-10  7.89484530e-10  6.33602534e-10  5.07993523e-10  4.06779651e-10  3.25222865e-10  2.59498374e-10  2.06535918e-10  1.63856770e-10  1.29462991e-10  1.01748293e-10  7.94134448e-11  6.14158962e-11  4.69122369e-11  3.52247455e-11  2.58065774e-11  1.82167563e-11  1.21008697e-11  7.17215963e-12  3.20056457e-12  0.00000000e+00  
28      1.66810054        1.52879802           0.306536321        1.80823470e+09  1.11046068e+09  6.61520889e+08  3.85533907e+08  2.19515196e+08  1.21978644e+08  6.60277257e+07  3.47762257e+07  1.77808907e+07  8.80994006e+06  4.21867564e+06  1.94670643e+06  8.63942182e+05  3.67250562e+05  1.49268673e+05  5.77592371e+04  2.12285456e+04  7.40413449e+03  2.44619693e+03  7.68090692e+02  2.33657611e+02  7.39354785e+01  2.44484983e+01  8.49011189e+00  3.12963017e+00  1.23705301e+00  5.29450434e-01  2.45724887e-01  1.23485260e-01  6.68979252e-02  3.88302253e-02  2.40041706e-02  1.56009683e-02  1.05815155e-02  7.43111120e-03  5.36988313e-03  3.96386614e-03  2.98250821e-03  2.27270160e-03  1.75154670e-03  1.36401777e-03  1.06884002e-03  8.41566003e-04  6.65342412e-04  5.27849814e-04  4.19985422e-04  3.34989535e-04  2.67738250e-04  2.14355604e-04  1.71868843e-04  1.37973366e-04  1.10872512e-04  8.91449953e-05  7.17068444e-05  5.76993412e-05  4.64408358e-05  3.73868850e-05  3.01033149e-05  2.42425956e-05  1.95248426e-05  1.57265930e-05  1.26678287e-05  1.02042880e-05  8.21998246e-06  6.62153781e-06  5.33394476e-06  4.29655703e-06  3.46075487e-06  2.78734577e-06  2.24476735e-06  1.80754134e-06  1.45523788e-06  1.17137926e-06  9.42629465e-07  7.58321011e-07  6.09792913e-07  4.90105402e-07  3.93655905e-07  3.15930568e-07  2.53299670e-07  2.02831747e-07  1.62165245e-07  1.29393170e-07  1.02984603e-07  8.17035830e-08  6.45538799e-08  5.07345536e-08  3.95977717e-08  3.06236890e-08  2.33917575e-08  1.75640464e-08  1.28678836e-08  9.08338583e-09  6.03383315e-09  3.57624002e-09  1.59589129e-09  0.00000000e+00  
29      2.00256814        1.83533434           0.367999323        5.22384724e+09  3.47253771e+09  2.25018928e+09  1.43143265e+09  8.92922995e+08  5.45675962e+08  3.26201684e+08  1.90545032e+08  1.08555137e+08  6.02213113e+07  3.24568874e+07  1.69520676e+07  8.56276511e+06  4.16827136e+06  1.95130438e+06  8.75100566e+05  3.75056239e+05  1.53419688e+05  5.98163156e+04  2.23076683e+04  8.10786705e+03  3.04505105e+03  1.18528699e+03  4.80662869e+02  2.05016516e+02  9.27668542e+01  4.48503766e+01  2.31950466e+01  1.28081190e+01  7.52029921e+00  4.66813648e+00  3.04578464e+00  2.06831970e+00  1.45275113e+00  1.04882930e+00  7.74447884e-01  5.81667381e-01  4.43483504e-01  3.41627130e-01  2.65561830e-01  2.08117325e-01  1.63933511e-01  1.29645742e-01  1.02876434e-01  8.18663548e-02  6.53002308e-02  5.21902436e-02  4.17800274e-02  3.34920050e-02  2.68792275e-02  2.15929295e-02  1.73597294e-02  1.39628773e-02  1.12348451e-02  9.04233850e-03  7.27937270e-03  5.86113392e-03  4.71989106e-03  3.80137217e-03  3.06184847e-03  2.46637461e-03  1.98677731e-03  1.60047462e-03  1.28929545e-03  1.03861121e-03  8.36666116e-04  6.73956410e-04  5.42861202e-04  4.37233539e-04  3.52125594e-04  2.83542704e-04  2.28279721e-04  1.83752329e-04  1.47869385e-04  1.18957313e-04  9.56579673e-05  7.68827943e-05  6.17529284e-05  4.95602891e-05  3.97354648e-05  3.18185098e-05  2.54390968e-05  2.02980939e-05  1.61553438e-05  1.28169593e-05  1.01266606e-05  7.95880287e-06  6.21175977e-06  4.80398242e-06  3.66949887e-06  2.75529739e-06  2.01860353e-06  1.42492388e-06  9.46536142e-07  5.61009950e-07  2.50349777e-07  0.00000000e+00  
30      2.40409918        2.20333366           0.441786153        1.09401497e+10  7.77288938e+09  5.40568433e+09  3.70147044e+09  2.49315714e+09  1.65048915e+09  1.07258611e+09  6.83568108e+08  4.26565502e+08  2.60269892e+08  1.54971486e+08  8.98491920e+07  5.06227779e+07  2.76320410e+07  1.45784432e+07  7.40847060e+06  3.61707231e+06  1.69396680e+06  7.60171277e+05  3.28091240e+05  1.38622328e+05  6.01568923e+04  2.68699719e+04  1.24170522e+04  5.98645815e+03  3.03258058e+03  1.62261576e+03  9.17635539e+02  5.47401247e+02  3.43128636e+02  2.24850222e+02  1.53238173e+02  1.07796734e+02  7.78732958e+01  5.74886223e+01  4.31981919e+01  3.29037623e+01  2.53598254e+01  1.97090093e+01  1.54286720e+01  1.21549819e+01  9.61598167e+00  7.63236389e+00  6.07469275e+00  4.84607784e+00  3.87328072e+00  3.10072678e+00  2.48547755e+00  1.99447160e+00  1.60192759e+00  1.28761555e+00  1.03560266e+00  8.33227497e-01  6.70606394e-01  5.39847875e-01  4.34668031e-01  3.50029716e-01  2.81905355e-01  2.27064723e-01  1.82904036e-01  1.47340853e-01  1.18695154e-01  9.56200932e-02  7.70311291e-02  6.20551395e-02  4.99902380e-02  4.02690515e-02  3.24365197e-02  2.61254007e-02  2.10402182e-02  1.69423865e-02  1.36403696e-02  1.09797734e-02  8.83569000e-03  7.10810849e-03  5.71590066e-03  4.59402612e-03  3.68996994e-03  2.96142211e-03  2.37435731e-03  1.90128760e-03  1.52009128e-03  1.21289509e-03  9.65348629e-04  7.65866346e-04  6.05109865e-04  4.75571398e-04  3.71178345e-04  2.87057824e-04  2.19267738e-04  1.64640418e-04  1.20619912e-04  8.51450972e-05  5.65594504e-05  3.35226654e-05  1.49594349e-05  0.00000000e+00  
31      2.88614044        2.64511981           0.530367836        1.74942239e+10  1.31422877e+10  9.69786268e+09  7.06359725e+09  5.07439729e+09  3.59279545e+09  2.50455702e+09  1.71750622e+09  1.15710683e+09  7.64906260e+08  4.95314476e+08  3.13589432e+08  1.93744260e+08  1.16494951e+08  6.80090153e+07  3.84244468e+07  2.09548798e+07  1.10104299e+07  5.56912473e+06  2.72192911e+06  1.30665072e+06  6.40774708e+05  3.21528905e+05  1.65898268e+05  8.86535894e+04  4.93510895e+04  2.87258022e+04  1.74880186e+04  1.11130225e+04  7.34620990e+03  5.02951827e+03  3.55065717e+03  2.56992711e+03  1.89923518e+03  1.42764807e+03  1.08816274e+03  8.38385284e+02  6.51939397e+02  5.10360793e+02  4.01834938e+02  3.17963652e+02  2.52452538e+02  2.00976691e+02  1.60355876e+02  1.28183329e+02  1.02621314e+02  8.22622842e+01  6.60099993e+01  5.30142667e+01  4.26077119e+01  3.42641866e+01  2.75675947e+01  2.21865299e+01  1.78603715e+01  1.43804405e+01  1.15803532e+01  9.32654003e+00  7.51208658e+00  6.05117547e+00  4.87460696e+00  3.92699845e+00  3.16364353e+00  2.54869610e+00  2.05327342e+00  1.65412276e+00  1.33254640e+00  1.07343121e+00  8.64653552e-01  6.96424977e-01  5.60872759e-01  4.51639257e-01  3.63618164e-01  2.92694323e-01  2.35539008e-01  1.89485954e-01  1.52373059e-01  1.22466596e-01  9.83666435e-02  7.89453196e-02  6.32955633e-02  5.06845017e-02  4.05225749e-02  3.23333425e-02  2.57342521e-02  2.04164558e-02  1.61310115e-02  1.26777766e-02  9.89486783e-03  7.65238401e-03  5.84523672e-03  4.38898227e-03  3.21548415e-03  2.26979697e-03  1.50776114e-03  8.93646809e-04  3.98788435e-04  0.00000000e+00  
32      3.46483486        3.17548765           0.636710861        2.23287307e+10  1.75727619e+10  1.36250404e+10  1.04500209e+10  7.92310885e+09  5.93463390e+09  4.38779427e+09  3.19973526e+09  2.29894368e+09  1.62557840e+09  1.12962823e+09  7.70176238e+08  5.14293226e+08  3.35550058e+08  2.13408971e+08  1.31907604e+08  7.90244365e+07  4.57947933e+07  2.56507414e+07  1.39387602e+07  7.45747212e+06  4.05639303e+06  2.24620645e+06  1.27199661e+06  7.41120940e+05  4.46340104e+05  2.78592373e+05  1.80218391e+05  1.20601148e+05  8.32453989e+04  5.90546740e+04  4.29010616e+04  3.17777002e+04  2.39227497e+04  1.82496466e+04  1.40733264e+04  1.09451239e+04  8.57382216e+03  6.75214610e+03  5.34173815e+03  4.24232537e+03  3.37838598e+03  2.69620755e+03  2.15565299e+03  1.72603640e+03  1.38370972e+03  1.11040900e+03  8.91809183e+02  7.16730473e+02  5.76347268e+02  4.63673678e+02  3.73165333e+02  3.00396962e+02  2.41869115e+02  1.94773312e+02  1.56867763e+02  1.26350487e+02  1.01777750e+02  8.19898915e+01  6.60515164e+01  5.32135495e+01  4.28710087e+01  3.45387468e+01  2.78256509e+01  2.24168423e+01  1.80590629e+01  1.45476211e+01  1.17182905e+01  9.43842400e+00  7.60136952e+00  6.12099128e+00  4.92807894e+00  3.96686726e+00  3.19225416e+00  2.56810137e+00  2.06511285e+00  1.65979262e+00  1.33316763e+00  1.06995176e+00  8.57851361e-01  6.86932566e-01  5.49206866e-01  4.38217309e-01  3.48779118e-01  2.76706447e-01  2.18625354e-01  1.71823285e-01  1.34106220e-01  1.03713593e-01  7.92211292e-02  5.94843542e-02  4.35798065e-02  3.07628053e-02  2.04348508e-02  1.21116924e-02  5.40482305e-03  0.00000000e+00  
33      4.15956216        3.81219851           0.764376519        2.36325267e+10  1.93293525e+10  1.56152344e+10  1.25017685e+10  9.91396137e+09  7.78272863e+09  6.04391542e+09  4.63989215e+09  3.51808284e+09  2.63203922e+09  1.94060851e+09  1.40804784e+09  1.00377641e+09  7.01578060e+08  4.79685300e+08  3.19929350e+08  2.07585027e+08  1.30754606e+08  7.98944210e+07  4.75221489e+07  2.78786943e+07  1.65575386e+07  9.96667900e+06  6.10493543e+06  3.82453044e+06  2.45936818e+06  1.62641477e+06  1.10597308e+06  7.72098536e+05  5.52057436e+05  4.03117409e+05  2.99761767e+05  2.26265352e+05  1.72929574e+05  1.33523668e+05  1.03961384e+05  8.14801306e+04  6.42169469e+04  5.08237103e+04  4.03667779e+04  3.21572123e+04  2.56727502e+04  2.05311372e+04  1.64426929e+04  1.31838643e+04  1.05809283e+04  8.49871683e+03  6.83055659e+03  5.49274287e+03  4.41887619e+03  3.55621941e+03  2.86278916e+03  2.30501071e+03  1.85622212e+03  1.49498528e+03  1.20417104e+03  9.69995323e+02  7.81405454e+02  6.29518136e+02  5.07166056e+02  4.08606581e+02  3.29199702e+02  2.65224069e+02  2.13678245e+02  1.72145795e+02  1.38682766e+02  1.11718083e+02  8.99910882e+01  7.24831935e+01  5.83756465e+01  4.70071407e+01  3.78461284e+01  3.04643961e+01  2.45156517e+01  1.97223467e+01  1.58595411e+01  1.27467994e+01  1.02384144e+01  8.21699303e+00  6.58812143e+00  5.27550192e+00  4.21779665e+00  3.36541950e+00  2.67855245e+00  2.12504904e+00  1.67899810e+00  1.31956777e+00  1.02990840e+00  7.96499229e-01  6.08402105e-01  4.56827701e-01  3.34684020e-01  2.36252067e-01  1.56935484e-01  9.30153262e-02  4.15079380e-02  0.00000000e+00  
34      4.99358789        4.57657503           0.91764017         2.14371444e+10  1.80969315e+10  1.51218054e+10  1.25428076e+10  1.03222893e+10  8.42433330e+09  6.81419499e+09  5.45947738e+09  4.32924393e+09  3.39493523e+09  2.63000117e+09  2.01022101e+09  1.51380713e+09  1.12104326e+09  8.14661970e+08  5.79416773e+08  4.02254330e+08  2.71985587e+08  1.78975750e+08  1.14981135e+08  7.29429467e+07  4.66740033e+07  3.01502466e+07  1.97301279e+07  1.31335566e+07  8.91846479e+06  6.18644020e+06  4.38302838e+06  3.16768460e+06  2.33101918e+06  1.74274575e+06  1.32087214e+06  1.01251808e+06  7.83497733e+05  6.11001047e+05  4.79512558e+05  3.78227762e+05  2.99604607e+05  2.38094367e+05  1.89729424e+05  1.51532740e+05  1.21230351e+05  9.71178724e+04  7.78877798e+04  6.25223778e+04  5.02248899e+04  4.03713054e+04  3.24665074e+04  2.61201639e+04  2.10213581e+04  1.69224358e+04  1.36257238e+04  1.09728604e+04  8.83768939e+03  7.11861351e+03  5.73438694e+03  4.61956681e+03  3.72164137e+03  2.99838361e+03  2.41571560e+03  1.94632102e+03  1.56812021e+03  1.26340316e+03  1.01788032e+03  8.20047175e+02  6.60646984e+02  5.32198989e+02  4.28699805e+02  3.45297412e+02  2.78092604e+02  2.23935770e+02  1.80294540e+02  1.45129144e+02  1.16790206e+02  9.39554449e+01  7.55534538e+01  6.07246871e+01  4.87750102e+01  3.91451760e+01  3.13853978e+01  2.51321670e+01  2.00933241e+01  1.60326517e+01  1.27604593e+01  1.01236031e+01  7.99864379e+00  6.28633976e+00  4.90642036e+00  3.79447339e+00  2.89839025e+00  2.17629910e+00  1.59441411e+00  1.12549033e+00  7.47631004e-01  4.43119299e-01  1.97741266e-01  0.00000000e+00  
35      5.9948425         5.4942152            1.10163442         1.71469977e+10  1.48518112e+10  1.27561492e+10  1.08906248e+10  9.23865745e+09  7.78405164e+09  6.51067049e+09  5.40308115e+09  4.44602407e+09  3.62493410e+09  2.92575725e+09  2.33517137e+09  1.84071188e+09  1.43061406e+09  1.09414364e+09  8.21440513e+08  6.03797002e+08  4.33549202e+08  3.03846015e+08  2.08417816e+08  1.41286252e+08  9.62910853e+07  6.60201451e+07  4.56688822e+07  3.19790168e+07  2.27191878e+07  1.63927876e+07  1.20121658e+07  8.93106460e+06  6.72853952e+06  5.12841047e+06  3.94818014e+06  3.06505127e+06  2.39608333e+06  1.88393331e+06  1.48824296e+06  1.18011748e+06  9.38747435e+05  7.48570429e+05  5.98146509e+05  4.78758396e+05  3.83692899e+05  3.07818683e+05  2.47157058e+05  1.98587353e+05  1.59650080e+05  1.28407977e+05  1.03316766e+05  8.31540946e+04  6.69428700e+04  5.39029162e+04  4.34101057e+04  3.49636466e+04  2.81636234e+04  2.26875557e+04  1.82773721e+04  1.47250251e+04  1.18634754e+04  9.55833928e+03  7.70114495e+03  6.20491015e+03  4.99930469e+03  4.02791217e+03  3.24519697e+03  2.61449797e+03  2.10631253e+03  1.69679932e+03  1.36682360e+03  1.10091655e+03  8.86649549e+02  7.13982639e+02  5.74841374e+02  4.62722786e+02  3.72368953e+02  2.99563792e+02  2.40891780e+02  1.93612462e+02  1.55512694e+02  1.24809400e+02  1.00068477e+02  8.01308380e+01  6.40651042e+01  5.11181474e+01  4.06851624e+01  3.22778691e+01  2.55026965e+01  2.00432248e+01  1.56435207e+01  1.20982139e+01  9.24116250e+00  6.93886327e+00  5.08359421e+00  3.58848814e+00  2.38372993e+00  1.41283164e+00  6.30473821e-01  0.00000000e+00  
36      7.19685673        6.59584962           1.322521           1.23906553e+10  1.09561452e+10  9.62107549e+09  8.40792773e+09  7.30991334e+09  6.32032206e+09  5.43235572e+09  4.63942885e+09  3.93488316e+09  3.31221817e+09  2.76500099e+09  2.28696528e+09  1.87207458e+09  1.51446056e+09  1.20860444e+09  9.49331879e+08  7.32086750e+08  5.53007059e+08  4.08798753e+08  2.96404714e+08  2.12512332e+08  1.52746575e+08  1.10106387e+08  7.97842589e+07  5.82705031e+07  4.29733545e+07  3.20290674e+07  2.41280015e+07  1.83606197e+07  1.41014442e+07  1.09190053e+07  8.51468524e+06  6.67928849e+06  5.26555863e+06  4.16819852e+06  3.31068681e+06  2.63678915e+06  2.10484992e+06  1.68321309e+06  1.34804721e+06  1.08093387e+06  8.67569824e+05  6.96844451e+05  5.60062894e+05  4.50358430e+05  3.62287536e+05  2.91541111e+05  2.34670358e+05  1.88936048e+05  1.52142016e+05  1.22531089e+05  9.86948632e+04  7.95016866e+04  6.40461815e+04  5.15974963e+04  4.15703834e+04  3.34927026e+04  2.69851817e+04  2.17425780e+04  1.75184639e+04  1.41151675e+04  1.13728157e+04  9.16315456e+03  7.38263594e+03  5.94789191e+03  4.79182417e+03  3.86021208e+03  3.10953528e+03  2.50460382e+03  2.01714860e+03  1.62433248e+03  1.30778506e+03  1.05271286e+03  8.47155576e+02  6.81521102e+02  5.48039949e+02  4.40477628e+02  3.53799146e+02  2.83947935e+02  2.27661307e+02  1.82302112e+02  1.45751674e+02  1.16296628e+02  9.25610066e+01  7.34339469e+01  5.80200526e+01  4.55994508e+01  3.55898794e+01  2.75241093e+01  2.10241585e+01  1.57862997e+01  1.15654595e+01  8.16401004e+00  5.42311814e+00  3.21427054e+00  1.43436300e+00  0.00000000e+00  
37      8.63988449        7.91837061           1.58769711         8.25438952e+09  7.42011333e+09  6.63241362e+09  5.90542100e+09  5.23638940e+09  4.62259856e+09  4.06128333e+09  3.54975984e+09  3.08529125e+09  2.66517044e+09  2.28668357e+09  1.94714176e+09  1.64389837e+09  1.37433409e+09  1.13592123e+09  9.26281510e+08  7.43416318e+08  5.85914520e+08  4.52980430e+08  3.44131693e+08  2.58614320e+08  1.94359688e+08  1.46091664e+08  1.10027470e+08  8.32083806e+07  6.32821582e+07  4.84383776e+07  3.73252412e+07  2.89480260e+07  2.25857345e+07  1.77161935e+07  1.39614271e+07  1.10461047e+07  8.76863088e+06  6.98014589e+06  5.56916095e+06  4.45171194e+06  3.56400867e+06  2.85681795e+06  2.29231141e+06  1.84087499e+06  1.47932110e+06  1.18939844e+06  9.56709652e+05  7.69815424e+05  6.19601111e+05  4.98820437e+05  4.01653873e+05  3.23465709e+05  2.60529884e+05  2.09859993e+05  1.69058475e+05  1.36196572e+05  1.09728976e+05  8.84071555e+04  7.12307818e+04  5.73923641e+04  4.62429572e+04  3.72601123e+04  3.00219867e+04  2.41901054e+04  1.94906529e+04  1.57039538e+04  1.26526065e+04  1.01937815e+04  8.21251026e+03  6.61589248e+03  5.32935614e+03  4.29259249e+03  3.45716084e+03  2.78392666e+03  2.24140402e+03  1.80423990e+03  1.45193808e+03  1.16805816e+03  9.39285432e+02  7.54934873e+02  6.06377029e+02  4.86659364e+02  3.90189909e+02  3.12448595e+02  2.49804598e+02  1.99321431e+02  1.58640820e+02  1.25858847e+02  9.94408881e+01  7.81531502e+01  6.09976905e+01  4.71737227e+01  3.60334212e+01  2.70562262e+01  1.98221048e+01  1.39923418e+01  9.29471209e+00  5.50895600e+00  2.45836265e+00  0.00000000e+00  
38      10.372251         9.50606772           1.90604318         5.15438019e+09  4.69451585e+09  4.25568371e+09  3.84596849e+09  3.46421798e+09  3.10929382e+09  2.78004650e+09  2.47536433e+09  2.19411736e+09  1.93517954e+09  1.69741853e+09  1.47970065e+09  1.28088781e+09  1.09984067e+09  9.35421103e+08  7.86554365e+08  6.52397401e+08  5.32589671e+08  4.27405511e+08  3.37582698e+08  2.63821388e+08  2.05761213e+08  1.60123045e+08  1.24502535e+08  9.68922191e+07  7.55704904e+07  5.91168939e+07  4.64037196e+07  3.65511014e+07  2.88867543e+07  2.28995164e+07  1.82025899e+07  1.45031998e+07  1.15787252e+07  9.25966080e+06  7.41541831e+06  5.94537547e+06  4.77134232e+06  3.83208051e+06  3.07971373e+06  2.47632740e+06  1.99200137e+06  1.60293022e+06  1.29020652e+06  1.03872793e+06  8.36408197e+05  6.73603113e+05  5.42544716e+05  4.37029941e+05  3.52062331e+05  2.83631469e+05  2.28513280e+05  1.84111398e+05  1.48343347e+05  1.19525356e+05  9.63077687e+04  7.76005472e+04  6.25273512e+04  5.03824679e+04  4.05960118e+04  3.27106153e+04  2.63562094e+04  2.12358820e+04  1.71098078e+04  1.37848983e+04  1.11057152e+04  8.94665968e+03  7.20690656e+03  5.80490293e+03  4.67515253e+03  3.76473990e+03  3.03108489e+03  2.43990393e+03  1.96348243e+03  1.57958714e+03  1.27021397e+03  1.02091364e+03  8.20016400e+02  6.58120209e+02  5.27662882e+02  4.22531552e+02  3.37816608e+02  2.69547039e+02  2.14533696e+02  1.70201866e+02  1.34476242e+02  1.05688335e+02  8.24886053e+01  6.37941300e+01  4.87288393e+01  3.65887683e+01  2.68058965e+01  1.89221715e+01  1.25694568e+01  7.44989021e+00  3.32450138e+00  0.00000000e+00  
39      12.4519708        11.4121109           2.28822019         3.05762012e+09  2.81388740e+09  2.57949702e+09  2.35880786e+09  2.15130821e+09  1.95649355e+09  1.77385947e+09  1.60291933e+09  1.44318289e+09  1.29415807e+09  1.15535039e+09  1.02625995e+09  9.06372746e+08  7.95166990e+08  6.92092795e+08  5.96614019e+08  5.08312797e+08  4.27106878e+08  3.53444835e+08  2.88264084e+08  2.32660059e+08  1.87077962e+08  1.49790706e+08  1.19547379e+08  9.52356202e+07  7.58172645e+07  6.03673912e+07  4.81015254e+07  3.83681059e+07  3.06411208e+07  2.45001202e+07  1.96124198e+07  1.57164502e+07  1.26059794e+07  1.01193422e+07  8.12868153e+06  6.53338291e+06  5.25369236e+06  4.22629138e+06  3.40094873e+06  2.73747783e+06  2.20393556e+06  1.77468468e+06  1.42924443e+06  1.15118119e+06  9.27293923e+05  7.47015974e+05  6.01815459e+05  4.84865202e+05  3.90656289e+05  3.14761660e+05  2.53618201e+05  2.04353982e+05  1.64663548e+05  1.32681717e+05  1.06912848e+05  8.61484808e+04  6.94167658e+04  5.59348975e+04  4.50706708e+04  3.63166035e+04  2.92620097e+04  2.35773753e+04  1.89964955e+04  1.53050422e+04  1.23304654e+04  9.93334272e+03  8.00174648e+03  6.44513208e+03  5.19078925e+03  4.17997238e+03  3.36540378e+03  2.70902002e+03  2.18005227e+03  1.75381444e+03  1.41031813e+03  1.13352054e+03  9.10464791e+02  7.30711822e+02  5.85865279e+02  4.69137779e+02  3.75078577e+02  2.99278714e+02  2.38197268e+02  1.88975533e+02  1.49309288e+02  1.17346008e+02  9.15872931e+01  7.08307730e+01  5.41037453e+01  4.06245958e+01  2.97626501e+01  2.10093317e+01  1.39558976e+01  8.27163068e+00  3.69120173e+00  0.00000000e+00  
40      14.9486913        13.7003311           2.74702678         1.74152328e+09  1.61594690e+09  1.49451184e+09  1.37948007e+09  1.27061291e+09  1.16767478e+09  1.07043202e+09  9.78658689e+08  8.92128968e+08  8.10613992e+08  7.33883508e+08  6.61701784e+08  5.93819532e+08  5.29978387e+08  4.69888028e+08  4.13246893e+08  3.59796671e+08  3.09474670e+08  2.62586038e+08  2.19835381e+08  1.82151861e+08  1.50146778e+08  1.23034455e+08  1.00290477e+08  8.14175683e+07  6.58973248e+07  5.32212533e+07  4.29229550e+07  3.45863452e+07  2.78547259e+07  2.24275389e+07  1.80559116e+07  1.45366568e+07  1.17039459e+07  9.42418764e+06  7.58916401e+06  6.11207505e+06  4.92291897e+06  3.96543102e+06  3.19442994e+06  2.57344835e+06  2.07331089e+06  1.67043747e+06  1.34589895e+06  1.08444802e+06  8.73797916e+05  7.04088128e+05  5.67340636e+05  4.57160531e+05  3.68380155e+05  2.96842566e+05  2.39198883e+05  1.92747843e+05  1.55319581e+05  1.25157747e+05  1.00853521e+05  8.12681905e+04  6.54857583e+04  5.27682671e+04  4.25196812e+04  3.42614744e+04  2.76063414e+04  2.22435157e+04  1.79219028e+04  1.44393390e+04  1.16330577e+04  9.37154356e+03  7.54921249e+03  6.08064264e+03  4.89724326e+03  3.94359561e+03  3.17509462e+03  2.55583049e+03  2.05677635e+03  1.65464161e+03  1.33056934e+03  1.06942411e+03  8.58981723e+02  6.89393429e+02  5.52737617e+02  4.42610496e+02  3.53869849e+02  2.82356071e+02  2.24728461e+02  1.78289957e+02  1.40866631e+02  1.10710706e+02  8.64085116e+01  6.68256639e+01  5.10444620e+01  3.83274877e+01  2.80797282e+01  1.98213641e+01  1.31667647e+01  7.80391330e+00  3.48248361e+00  0.00000000e+00  
41      17.9460244        16.4473579           3.29782778         9.60412378e+08  8.97006319e+08  8.35448851e+08  7.76884968e+08  7.21199946e+08  6.68280163e+08  6.18013423e+08  5.70290572e+08  5.25002990e+08  4.82039340e+08  4.41287119e+08  4.02629486e+08  3.65939465e+08  3.31082314e+08  2.97897558e+08  2.66206335e+08  2.35834736e+08  2.06705762e+08  1.78962987e+08  1.53024154e+08  1.29507411e+08  1.08909191e+08  9.09193374e+07  7.53793553e+07  6.21262426e+07  5.09525157e+07  4.16220213e+07  3.38938875e+07  2.75332623e+07  2.23245064e+07  1.80752850e+07  1.46187683e+07  1.18136001e+07  9.54060347e+06  7.70132263e+06  6.21426514e+06  5.01295129e+06  4.04297029e+06  3.26011026e+06  2.62851233e+06  2.11901468e+06  1.70815422e+06  1.37686183e+06  1.10976796e+06  8.94452652e+05  7.20881223e+05  5.80983218e+05  4.68217937e+05  3.77335230e+05  3.04087436e+05  2.45054918e+05  1.97480633e+05  1.59139339e+05  1.28242654e+05  1.03342432e+05  8.32767718e+04  6.71062635e+04  5.40750731e+04  4.35741799e+04  3.51116542e+04  2.82924987e+04  2.27969782e+04  1.83685356e+04  1.47998526e+04  1.19240105e+04  9.60661207e+03  7.73906613e+03  6.23418984e+03  5.02144264e+03  4.04418683e+03  3.25666035e+03  2.62202723e+03  2.11063362e+03  1.69851014e+03  1.36642289e+03  1.09880037e+03  8.83143716e+02  7.09358033e+02  5.69310119e+02  4.56458179e+02  3.65513744e+02  2.92230516e+02  2.33173469e+02  1.85583808e+02  1.47234262e+02  1.16329572e+02  9.14264011e+01  7.13573196e+01  5.51855387e+01  4.21532083e+01  3.16513587e+01  2.31886200e+01  1.63687510e+01  1.08732927e+01  6.44457734e+00  2.87588215e+00  0.00000000e+00  
42      21.5443469        19.7451857           3.95906882         5.16213008e+08  4.84652530e+08  4.53926700e+08  4.24605699e+08  3.96633639e+08  3.69954935e+08  3.44514781e+08  3.20259479e+08  2.97135648e+08  2.75087990e+08  2.54060286e+08  2.33993362e+08  2.14821458e+08  1.96473273e+08  1.78860010e+08  1.61876457e+08  1.45408483e+08  1.29382745e+08  1.13844490e+08  9.90057925e+07  8.52233760e+07  7.28239499e+07  6.17040812e+07  5.18528166e+07  4.32525374e+07  3.58475003e+07  2.95485297e+07  2.42472113e+07  1.98241207e+07  1.61602052e+07  1.31424537e+07  1.06680849e+07  8.64680857e+06  7.00017437e+06  5.66187990e+06  4.57599542e+06  3.69621780e+06  2.98417698e+06  2.40840070e+06  1.94315511e+06  1.56737996e+06  1.26404851e+06  1.01926171e+06  8.21780240e+05  6.62497621e+05  5.34040533e+05  4.30468521e+05  3.46960571e+05  2.79642516e+05  2.25376914e+05  1.81636281e+05  1.46381582e+05  1.17966262e+05  9.50665090e+04  7.66100212e+04  6.17362716e+04  4.97493471e+04  4.00892326e+04  3.23046332e+04  2.60309998e+04  2.09755844e+04  1.69013976e+04  1.36182729e+04  1.09725266e+04  8.84042266e+03  7.12232867e+03  5.73774406e+03  4.62203682e+03  3.72290892e+03  2.99837210e+03  2.41450014e+03  1.94398235e+03  1.56483371e+03  1.25928406e+03  1.01307309e+03  8.14656510e+02  6.54767657e+02  5.25922139e+02  4.22089961e+02  3.38420983e+02  2.70994220e+02  2.16661567e+02  1.72876296e+02  1.37593018e+02  1.09160420e+02  8.62474862e+01  6.77841165e+01  5.29047716e+01  4.09149101e+01  3.12526573e+01  2.34665190e+01  1.71921907e+01  1.21358963e+01  8.06152849e+00  4.77805072e+00  2.13219736e+00  0.00000000e+00  
43      25.8641621        23.7042545           4.75289403         2.71822761e+08  2.56270787e+08  2.41100437e+08  2.26592582e+08  2.12719898e+08  1.99455098e+08  1.86771280e+08  1.74641913e+08  1.63040605e+08  1.51939771e+08  1.41311203e+08  1.31124879e+08  1.21346872e+08  1.11939761e+08  1.02855410e+08  9.40339325e+07  8.54046062e+07  7.69106073e+07  6.85537742e+07  6.04292954e+07  5.27244877e+07  4.56302695e+07  3.91211375e+07  3.32287479e+07  2.79819883e+07  2.33843512e+07  1.94131912e+07  1.60269320e+07  1.31701627e+07  1.07816479e+07  8.79911794e+06  7.16315776e+06  5.81973614e+06  4.72060265e+06  3.82414661e+06  3.09468665e+06  2.50230898e+06  2.02196871e+06  1.63295916e+06  1.31823850e+06  1.06378705e+06  8.58224340e+05  6.92228284e+05  5.58240677e+05  4.50124386e+05  3.62901693e+05  2.92556528e+05  2.35826045e+05  1.90085833e+05  1.53208903e+05  1.23480891e+05  9.95180441e+04  8.02025038e+04  6.46352610e+04  5.20879246e+04  4.19758573e+04  3.38261699e+04  2.72582667e+04  2.19654087e+04  1.76998058e+04  1.42624553e+04  1.14922457e+04  9.25989479e+03  7.46091460e+03  6.01117817e+03  4.84294401e+03  3.90147920e+03  3.14283902e+03  2.53146292e+03  2.03880184e+03  1.64178803e+03  1.32185083e+03  1.06404135e+03  8.56276832e+02  6.88860593e+02  5.53943100e+02  4.45223342e+02  3.57612146e+02  2.87009292e+02  2.30116814e+02  1.84268507e+02  1.47323820e+02  1.17551057e+02  9.35594128e+01  7.42260397e+01  5.86458839e+01  4.60913077e+01  3.59737684e+01  2.78209972e+01  2.12509349e+01  1.59565781e+01  1.16902099e+01  8.25207086e+00  5.48161442e+00  3.24894116e+00  1.44983471e+00  0.00000000e+00  
44      31.050135         28.4571485           5.70588758         1.40796062e+08  1.33186423e+08  1.25753339e+08  1.18634163e+08  1.11815548e+08  1.05284123e+08  9.90266951e+07  9.30301839e+07  8.72815628e+07  8.17671227e+07  7.64727727e+07  7.13833907e+07  6.64816819e+07  6.17483222e+07  5.71578677e+07  5.26774221e+07  4.82655047e+07  4.38835935e+07  3.95203506e+07  3.52137057e+07  3.10557152e+07  2.71498724e+07  2.34952854e+07  2.01258440e+07  1.70755275e+07  1.43634282e+07  1.19913380e+07  9.94697197e+06  8.20676270e+06  6.74089090e+06  5.51663106e+06  4.50122386e+06  3.66389358e+06  2.97647482e+06  2.41424675e+06  1.95571304e+06  1.58266039e+06  1.27971080e+06  1.03406542e+06  8.35135664e+05  6.74173561e+05  5.44054279e+05  4.38925847e+05  3.54033468e+05  2.85509622e+05  2.30213067e+05  1.85606545e+05  1.49626860e+05  1.20613311e+05  9.72191352e+04  7.83583832e+04  6.31541766e+04  5.08979040e+04  4.10195534e+04  3.30571991e+04  2.66400305e+04  2.14680679e+04  1.72998524e+04  1.39407655e+04  1.12335848e+04  9.05203478e+03  7.29387743e+03  5.87707176e+03  4.73530690e+03  3.81519354e+03  3.07373988e+03  2.47621019e+03  1.99471492e+03  1.60668451e+03  1.29400012e+03  1.04202148e+03  8.38961943e+02  6.75333761e+02  5.43468389e+02  4.37211417e+02  3.51580972e+02  2.82577901e+02  2.26972171e+02  1.82161422e+02  1.46052472e+02  1.16953088e+02  9.35047225e+01  7.46082950e+01  5.93810760e+01  4.71104079e+01  3.72218635e+01  2.92536194e+01  2.28321343e+01  1.76576648e+01  1.34877223e+01  1.01274554e+01  7.41964088e+00  5.23749383e+00  3.47911720e+00  2.06206534e+00  9.20193301e-01  0.00000000e+00  
45      37.2759372        34.1630361           6.84996401         7.19668036e+07  6.82616865e+07  6.46390709e+07  6.11657970e+07  5.78353618e+07  5.46412332e+07  5.15769631e+07  4.86361308e+07  4.58123343e+07  4.30988019e+07  4.04885462e+07  3.79740220e+07  3.55465273e+07  3.31962469e+07  3.09100341e+07  2.86703599e+07  2.64539517e+07  2.42369078e+07  2.20072673e+07  1.97780376e+07  1.75923407e+07  1.55035681e+07  1.35162670e+07  1.16555449e+07  9.94769358e+06  8.41091982e+06  7.05300326e+06  5.87256606e+06  4.86048879e+06  4.00284924e+06  3.28302456e+06  2.68356989e+06  2.18759681e+06  1.77931176e+06  1.44464148e+06  1.17120389e+06  9.48415246e+05  7.67277757e+05  6.20261733e+05  5.01111858e+05  4.04642374e+05  3.26618212e+05  2.63553521e+05  2.12611189e+05  1.71480315e+05  1.38281871e+05  1.11496749e+05  8.98888089e+04  7.24624864e+04  5.84100238e+04  4.70798795e+04  3.79457813e+04  3.05823348e+04  2.46472900e+04  1.98632506e+04  1.60075131e+04  1.28998920e+04  1.03953403e+04  8.37694097e+03  6.75024002e+03  5.43937109e+03  4.38290683e+03  3.53155415e+03  2.84546926e+03  2.29257243e+03  1.84703086e+03  1.48797276e+03  1.19863981e+03  9.65469892e+02  7.77575651e+02  6.26159881e+02  5.04139824e+02  4.05814275e+02  3.26575243e+02  2.62724461e+02  2.11268340e+02  1.69803760e+02  1.36389766e+02  1.09462575e+02  8.77643721e+01  7.02782673e+01  5.61879126e+01  4.48328624e+01  3.56826759e+01  2.83091101e+01  2.23669859e+01  1.75787892e+01  1.37200553e+01  1.06106654e+01  8.10490574e+00  6.08568811e+00  4.45853559e+00  3.14726184e+00  2.09063594e+00  1.23911545e+00  5.52953256e-01  0.00000000e+00  
46      44.750063         41.0130001           8.22343699         3.63924300e+07  3.45946060e+07  3.28356422e+07  3.11479564e+07  2.95283887e+07  2.79737591e+07  2.64809265e+07  2.50467535e+07  2.36681086e+07  2.23416673e+07  2.10639890e+07  1.98313422e+07  1.86393981e+07  1.74832406e+07  1.63561994e+07  1.52491552e+07  1.41494887e+07  1.30432489e+07  1.19214896e+07  1.07875718e+07  9.66099059e+06  8.56839517e+06  7.51406096e+06  6.51403967e+06  5.58564507e+06  4.74200879e+06  3.99034128e+06  3.33235391e+06  2.76493825e+06  2.28180111e+06  1.87469889e+06  1.53457524e+06  1.25242011e+06  1.01964779e+06  8.28508902e+05  6.72118258e+05  5.44547782e+05  4.40729532e+05  3.56403481e+05  2.88018871e+05  2.32623875e+05  1.87802501e+05  1.51562847e+05  1.22281518e+05  9.86347450e+04  7.95451949e+04  6.41412673e+04  5.17133232e+04  4.16895702e+04  3.36059010e+04  2.70878666e+04  2.18329352e+04  1.75965149e+04  1.41817936e+04  1.14292331e+04  9.21073963e+03  7.42266507e+03  5.98156794e+03  4.82018588e+03  3.88417818e+03  3.12989602e+03  2.52199659e+03  2.03211835e+03  1.63733571e+03  1.31919038e+03  1.06281823e+03  8.56209755e+02  6.89722185e+02  5.55551655e+02  4.47433533e+02  3.60305836e+02  2.90092971e+02  2.33514370e+02  1.87918543e+02  1.51177419e+02  1.21568447e+02  9.77088254e+01  7.84816859e+01  6.29871946e+01  5.05015749e+01  4.04396816e+01  3.23317774e+01  2.57978284e+01  2.05326071e+01  1.62896930e+01  1.28704623e+01  1.01152272e+01  7.89482566e+00  6.10561340e+00  4.66374343e+00  3.50184060e+00  2.56554076e+00  1.81100462e+00  1.20299852e+00  7.13014654e-01  3.18181629e-01  0.00000000e+00  
47      53.7228112        49.2364371           9.87230237         1.82432642e+07  1.73729958e+07  1.65211436e+07  1.57033941e+07  1.49182155e+07  1.41640644e+07  1.34394151e+07  1.27427404e+07  1.20725149e+07  1.14271148e+07  1.08048559e+07  1.02039062e+07  9.62213165e+06  9.05709646e+06  8.50546290e+06  7.96257239e+06  7.42175679e+06  6.87522115e+06  6.31717545e+06  5.74778446e+06  5.17562917e+06  4.61372235e+06  4.06497568e+06  3.53885140e+06  3.04578683e+06  2.59412370e+06  2.18897462e+06  1.83232106e+06  1.52332693e+06  1.25921748e+06  1.03597118e+06  8.48973082e+05  6.93518332e+05  5.65050641e+05  4.59412846e+05  3.72881312e+05  3.02230867e+05  2.44691819e+05  1.97927522e+05  1.59985225e+05  1.29237921e+05  1.04351574e+05  8.42248701e+04  6.79592695e+04  5.48214212e+04  4.42140737e+04  3.56537522e+04  2.87466474e+04  2.31753314e+04  1.86820776e+04  1.50589054e+04  1.21377453e+04  9.78269334e+03  7.88438234e+03  6.35414920e+03  5.12080108e+03  4.12672727e+03  3.32554603e+03  2.67986736e+03  2.15948370e+03  1.74013011e+03  1.40215857e+03  1.12980197e+03  9.10314846e+02  7.33435328e+02  5.90899593e+02  4.76030896e+02  3.83468247e+02  3.08872916e+02  2.48762002e+02  2.00321220e+02  1.61284628e+02  1.29828325e+02  1.04478169e+02  8.40509968e+01  6.75891269e+01  5.43237564e+01  4.36339335e+01  3.50193723e+01  2.80776702e+01  2.24834981e+01  1.79756968e+01  1.43429771e+01  1.14156397e+01  9.05668064e+00  7.15566996e+00  5.62382496e+00  4.38933470e+00  3.39457538e+00  2.59293007e+00  1.94693982e+00  1.42637945e+00  1.00687536e+00  6.68838476e-01  3.96419136e-01  1.76901394e-01  0.00000000e+00  
48      64.4946677        59.1087394           11.8517785         9.08044201e+06  8.65987387e+06  8.24807278e+06  7.85261748e+06  7.47276683e+06  7.10777327e+06  6.75689759e+06  6.41939873e+06  6.09453590e+06  5.78151918e+06  5.47952806e+06  5.18766795e+06  4.90489391e+06  4.63000888e+06  4.36135970e+06  4.09659888e+06  3.83227138e+06  3.56415930e+06  3.28880967e+06  3.00561608e+06  2.71827906e+06  2.43306266e+06  2.15171278e+06  1.87952804e+06  1.62245688e+06  1.38541940e+06  1.17162437e+06  9.82563489e+05  8.18152103e+05  6.77190076e+05  5.57736844e+05  4.57472550e+05  3.73980562e+05  3.04888090e+05  2.48010524e+05  2.01377935e+05  1.63275752e+05  1.32226150e+05  1.06978673e+05  8.64860941e+04  6.98743045e+04  5.64255605e+04  4.55467098e+04  3.67533926e+04  2.96500125e+04  2.39142073e+04  1.92849055e+04  1.55493790e+04  1.25361093e+04  1.01058030e+04  8.14603390e+03  6.56593590e+03  5.29202335e+03  4.26515451e+03  3.43737989e+03  2.77019593e+03  2.23244283e+03  1.79903309e+03  1.44974212e+03  1.16823012e+03  9.41371428e+02  7.58537536e+02  6.11199269e+02  4.92461828e+02  3.96773937e+02  3.19665140e+02  2.57523548e+02  2.07449031e+02  1.67094427e+02  1.34575588e+02  1.08370060e+02  8.72520066e+01  7.02347366e+01  5.65207753e+01  4.54700520e+01  3.65644832e+01  2.93881618e+01  2.36051643e+01  1.89448451e+01  1.51895117e+01  1.21631660e+01  9.72452700e+00  7.75929129e+00  6.17565468e+00  4.89950049e+00  3.87108808e+00  3.04238763e+00  2.37455072e+00  1.83640391e+00  1.40272829e+00  1.05325924e+00  7.71645497e-01  5.44701366e-01  3.61829523e-01  2.14455586e-01  9.57004562e-02  0.00000000e+00  
49      77.4263683        70.960518            14.2281556         4.49352635e+06  4.29051645e+06  4.09169392e+06  3.90071631e+06  3.71722553e+06  3.54086015e+06  3.37126264e+06  3.20807423e+06  3.05093605e+06  2.89946498e+06  2.75326263e+06  2.61189398e+06  2.47484987e+06  2.34154550e+06  2.21116816e+06  2.08254701e+06  1.95391853e+06  1.82305473e+06  1.68800217e+06  1.54815808e+06  1.40509310e+06  1.26179575e+06  1.11924429e+06  9.80303342e+05  8.48234550e+05  7.25801650e+05  6.14880246e+05  5.16429912e+05  4.30556118e+05  3.56747464e+05  2.94074009e+05  2.41381260e+05  1.97443674e+05  1.61043810e+05  1.31052295e+05  1.06445111e+05  8.63274123e+04  6.99256235e+04  5.65836082e+04  4.57509368e+04  3.69675008e+04  2.98550587e+04  2.41007670e+04  1.94489843e+04  1.56907983e+04  1.26558940e+04  1.02062875e+04  8.22951379e+03  6.63487387e+03  5.34869450e+03  4.31150507e+03  3.47523341e+03  2.80099831e+03  2.25750588e+03  1.81938278e+03  1.46625329e+03  1.18162714e+03  9.52227133e+02  7.67349427e+02  6.18346102e+02  4.98270180e+02  4.01496243e+02  3.23509977e+02  2.60662036e+02  2.10014190e+02  1.69200250e+02  1.36308471e+02  1.09803824e+02  8.84439493e+01  7.12315725e+01  5.73608596e+01  4.61829674e+01  3.71756366e+01  2.99167637e+01  2.40675549e+01  1.93537878e+01  1.55553211e+01  1.24943483e+01  1.00276155e+01  8.03989659e+00  6.43803435e+00  5.14724857e+00  4.10703790e+00  3.26880986e+00  2.59333404e+00  2.04898938e+00  1.61035343e+00  1.25686347e+00  9.72019245e-01  7.42472225e-01  5.57496230e-01  4.08436439e-01  2.88313594e-01  1.91518466e-01  1.13512586e-01  5.06548068e-02  0.00000000e+00  
50      92.950979         85.1886736           17.0810155         2.21308461e+06  2.11516966e+06  2.01925941e+06  1.92711772e+06  1.83857176e+06  1.75344699e+06  1.67157075e+06  1.59276958e+06  1.51686998e+06  1.44368654e+06  1.37302628e+06  1.30467830e+06  1.23839539e+06  1.17389305e+06  1.11077393e+06  1.04845855e+06  9.86057150e+05  9.22414374e+05  8.56464834e+05  7.87781372e+05  7.17022286e+05  6.45605940e+05  5.74058168e+05  5.03889102e+05  4.36837837e+05  3.74404451e+05  3.17635252e+05  2.67097937e+05  2.22908431e+05  1.84851337e+05  1.52482846e+05  1.25232695e+05  1.02485554e+05  8.36241199e+04  6.80721385e+04  5.53047379e+04  4.48617516e+04  3.63444162e+04  2.94138421e+04  2.37853480e+04  1.92206855e+04  1.55238128e+04  1.25324756e+04  1.01140132e+04  8.15996365e+03  6.58187157e+03  5.30805188e+03  4.28006388e+03  3.45076820e+03  2.78186841e+03  2.24244752e+03  1.80751165e+03  1.45684380e+03  1.17417131e+03  9.46299491e+02  7.62632145e+02  6.14593338e+02  4.95277933e+02  3.99119012e+02  3.21618870e+02  2.59164384e+02  2.08829731e+02  1.68266971e+02  1.35578015e+02  1.09234635e+02  8.80061255e+01  7.08981472e+01  5.71122974e+01  4.60023883e+01  3.70497133e+01  2.98351376e+01  2.40211772e+01  1.93361899e+01  1.55606286e+01  1.25182757e+01  1.00665007e+01  8.09080156e+00  6.49869569e+00  5.21567223e+00  4.18179855e+00  3.34862055e+00  2.67724299e+00  2.13619729e+00  1.70020899e+00  1.34887315e+00  1.06574268e+00  8.37594565e-01  6.53733521e-01  5.05577237e-01  3.86182741e-01  2.89971011e-01  2.12440409e-01  1.49960807e-01  9.96146708e-02  5.90414026e-02  2.63471298e-02  0.00000000e+00  
51      111.588399        102.269689           20.5058967         1.08569488e+06  1.03849526e+06  9.92257003e+05  9.47830290e+05  9.05131766e+05  8.64077223e+05  8.24583340e+05  7.86566384e+05  7.49942562e+05  7.14622277e+05  6.80512239e+05  6.47510400e+05  6.15497045e+05  5.84334185e+05  5.53828308e+05  5.23694296e+05  4.93487277e+05  4.62616660e+05  4.30516651e+05  3.96922485e+05  3.62107281e+05  3.26742402e+05  2.91102839e+05  2.55969866e+05  2.22251582e+05  1.90741923e+05  1.62005733e+05  1.36361764e+05  1.13894188e+05  9.45131033e+04  7.80071632e+04  6.40962593e+04  5.24738739e+04  4.28299515e+04  3.48735443e+04  2.83386552e+04  2.29914529e+04  1.86289100e+04  1.50782072e+04  1.21940085e+04  9.85456650e+03  7.95962494e+03  6.42616205e+03  5.18626755e+03  4.18439820e+03  3.37524252e+03  2.72207094e+03  2.19493444e+03  1.76967196e+03  1.42665230e+03  1.15002573e+03  9.26977917e+02  7.47142965e+02  6.02176977e+02  4.85314048e+02  3.91120554e+02  3.15198699e+02  2.54007408e+02  2.04691816e+02  1.64945363e+02  1.32915103e+02  1.07100546e+02  8.62975606e+01  6.95327084e+01  5.60222343e+01  4.51349648e+01  3.63609487e+01  2.92907203e+01  2.35928752e+01  1.90013912e+01  1.53013113e+01  1.23195527e+01  9.91680071e+00  7.98045858e+00  6.42015088e+00  5.16272823e+00  4.14946683e+00  3.33293593e+00  2.67492172e+00  2.14468698e+00  1.71738138e+00  1.37305711e+00  1.09557514e+00  8.71973163e-01  6.91786242e-01  5.46579285e-01  4.29570710e-01  3.35275305e-01  2.59291526e-01  1.98058585e-01  1.48715212e-01  1.08952686e-01  7.69092506e-02  5.10886134e-02  3.02801120e-02  1.35124507e-02  0.00000000e+00  
52      133.962772        122.775586           24.6174943         5.30904826e+05  5.08161194e+05  4.85879137e+05  4.64468291e+05  4.43888476e+05  4.24099091e+05  4.05059958e+05  3.86730686e+05  3.69070847e+05  3.52037194e+05  3.35584682e+05  3.19664010e+05  3.04217304e+05  2.89177781e+05  2.74451472e+05  2.59898718e+05  2.45298670e+05  2.30352821e+05  2.14766638e+05  1.98387528e+05  1.81327858e+05  1.63905107e+05  1.46260352e+05  1.28792047e+05  1.11966843e+05  9.61970105e+04  8.17802279e+04  6.88892098e+04  5.75766140e+04  4.78051855e+04  3.94743636e+04  3.24471451e+04  2.65717997e+04  2.16937781e+04  1.76674276e+04  1.43591760e+04  1.16513447e+04  9.44159374e+03  7.64269635e+03  6.18123140e+03  4.99564632e+03  4.03522226e+03  3.25794095e+03  2.62941958e+03  2.12152824e+03  1.71131334e+03  1.38016508e+03  1.11290690e+03  8.97293767e+02  7.23375391e+02  5.83117596e+02  4.70024423e+02  3.78840779e+02  3.05336517e+02  2.46081371e+02  1.98320472e+02  1.59824062e+02  1.28796722e+02  1.03790938e+02  8.36372021e+01  6.73959909e+01  5.43064846e+01  4.37581304e+01  3.52573424e+01  2.84067144e+01  2.28862061e+01  1.84372436e+01  1.48522046e+01  1.19630467e+01  9.63488132e+00  7.75871271e+00  6.24677691e+00  5.02843299e+00  4.04658766e+00  3.25541492e+00  2.61782365e+00  2.10403729e+00  1.69000548e+00  1.35635147e+00  1.08748956e+00  8.70819078e-01  6.96225278e-01  5.55524679e-01  4.42144579e-01  3.50778613e-01  2.77149662e-01  2.17819044e-01  1.70005414e-01  1.31476916e-01  1.00428010e-01  7.54078538e-02  5.52457822e-02  3.89977693e-02  2.59051017e-02  1.53538984e-02  6.85165219e-03  0.00000000e+00  
53      160.823388        147.39308            29.5535002         2.58922470e+05  2.47966160e+05  2.37231646e+05  2.26916253e+05  2.17000620e+05  2.07465179e+05  1.98290567e+05  1.89457309e+05  1.80945914e+05  1.72735524e+05  1.64804407e+05  1.57128771e+05  1.49680672e+05  1.42427839e+05  1.35324735e+05  1.28303189e+05  1.21254185e+05  1.14028194e+05  1.06474226e+05  9.85082611e+04  9.01762045e+04  8.16282146e+04  7.29356670e+04  6.42995323e+04  5.59566399e+04  4.81179474e+04  4.09375056e+04  3.45065373e+04  2.88555175e+04  2.39690945e+04  1.97994200e+04  1.62797026e+04  1.33352116e+04  1.08893854e+04  8.86981072e+03  7.20991149e+03  5.85092745e+03  4.74169028e+03  3.83854124e+03  3.10470474e+03  2.50933035e+03  2.02698457e+03  1.63658945e+03  1.32089215e+03  1.06577392e+03  8.59711849e+02  6.93362161e+02  5.59103950e+02  4.50787758e+02  3.63416135e+02  2.92953752e+02  2.36137701e+02  1.90328240e+02  1.53400421e+02  1.23631056e+02  9.96362166e+01  8.02957444e+01  6.47076641e+01  5.21447736e+01  4.20195300e+01  3.38599286e+01  2.72837392e+01  2.19842243e+01  1.77134076e+01  1.42716331e+01  1.14981128e+01  9.26293957e+00  7.46180379e+00  6.01028058e+00  4.84060176e+00  3.89800772e+00  3.13840546e+00  2.52630477e+00  2.03302185e+00  1.63553352e+00  1.31520513e+00  1.05707682e+00  8.49065592e-01  6.81436487e-01  5.46359193e-01  4.37503059e-01  3.49786422e-01  2.79097866e-01  2.22135241e-01  1.76232607e-01  1.39241122e-01  1.09433177e-01  8.54114138e-02  6.60545394e-02  5.04554422e-02  3.78852136e-02  2.77557065e-02  1.95926385e-02  1.30148288e-02  7.71386124e-03  3.44229803e-03  0.00000000e+00  
54      193.069773        176.94658            35.4792151         1.25999190e+05  1.20722182e+05  1.15551813e+05  1.10583120e+05  1.05806776e+05  1.01213354e+05  9.67935230e+04  9.25379000e+04  8.84370905e+04  8.44810401e+04  8.06592715e+04  7.69603108e+04  7.33706781e+04  6.98747947e+04  6.64506289e+04  6.30649940e+04  5.96643211e+04  5.61742457e+04  5.25182846e+04  4.86515931e+04  4.45928092e+04  4.04130164e+04  3.61479539e+04  3.18981046e+04  2.77824842e+04  2.39078019e+04  2.03526692e+04  1.71643586e+04  1.43596834e+04  1.19323455e+04  9.85956567e+03  8.10886366e+03  6.64358256e+03  5.42598498e+03  4.42027208e+03  3.59346174e+03  2.91640049e+03  2.36367422e+03  1.91357959e+03  1.54782404e+03  1.25105422e+03  1.01060737e+03  8.15986221e+02  6.58596392e+02  5.31403316e+02  4.28664857e+02  3.45724195e+02  2.78782795e+02  2.24775292e+02  1.81210400e+02  1.46076371e+02  1.17746460e+02  9.49045579e+01  7.64911947e+01  6.16471947e+01  4.96825243e+01  4.00386579e+01  3.22658533e+01  2.60015101e+01  2.09526645e+01  1.68839608e+01  1.36048065e+01  1.09622520e+01  8.83264702e+00  7.11643577e+00  5.73344307e+00  4.61889224e+00  3.72077047e+00  2.99697996e+00  2.41372882e+00  1.94371170e+00  1.56494194e+00  1.25972264e+00  1.01375091e+00  8.15546385e-01  6.55817072e-01  5.27103353e-01  4.23380138e-01  3.39793161e-01  2.72437896e-01  2.18157605e-01  1.74418365e-01  1.39170049e-01  1.10766065e-01  8.78770621e-02  6.94315366e-02  5.45680294e-02  4.25897582e-02  3.29375986e-02  2.51592262e-02  1.88911764e-02  1.38401740e-02  9.76972161e-03  6.48974637e-03  3.84645881e-03  1.71647599e-03  0.00000000e+00  
55      231.781818        212.425795           42.5930837         6.12034013e+04  5.86621083e+04  5.61721075e+04  5.37791655e+04  5.14787904e+04  4.92664414e+04  4.71376242e+04  4.50878180e+04  4.31124970e+04  4.12068161e+04  3.93657264e+04  3.75836972e+04  3.58542299e+04  3.41698099e+04  3.25197898e+04  3.08880482e+04  2.92483587e+04  2.75639518e+04  2.57964503e+04  2.39224480e+04  2.19494698e+04  1.99112097e+04  1.78254221e+04  1.57419994e+04  1.37202836e+04  1.18137606e+04  1.00621065e+04  8.48946493e+03  7.10481819e+03  5.90559147e+03  4.88093107e+03  4.01507299e+03  3.29009565e+03  2.68747443e+03  2.18959295e+03  1.78019283e+03  1.44488535e+03  1.17111628e+03  9.48156678e+02  7.66959297e+02  6.19927330e+02  5.00793105e+02  4.04359596e+02  3.26371004e+02  2.63343350e+02  2.12432382e+02  1.71331191e+02  1.38157896e+02  1.11393746e+02  8.98043490e+01  7.23928794e+01  5.83532522e+01  4.70332889e+01  3.79079751e+01  3.05515433e+01  2.46220410e+01  1.98426816e+01  1.59905858e+01  1.28860580e+01  1.03839120e+01  8.36751046e+00  6.74239899e+00  5.43277834e+00  4.37736924e+00  3.52683323e+00  2.84143651e+00  2.28907664e+00  1.84397669e+00  1.48527345e+00  1.19622005e+00  9.63284288e-01  7.75569780e-01  6.24306128e-01  5.02404975e-01  4.04176768e-01  3.25016495e-01  2.61227244e-01  2.09823042e-01  1.68398160e-01  1.35017553e-01  1.08116774e-01  8.64400340e-02  6.89713137e-02  5.48945774e-02  4.35510117e-02  3.44095898e-02  2.70433812e-02  2.11070672e-02  1.63235514e-02  1.24686662e-02  9.36228208e-03  6.85905474e-03  4.84177839e-03  3.21625477e-03  1.90626733e-03  8.50668694e-04  0.00000000e+00  
56      278.25594         255.018879           51.1333401         2.96844232e+04  2.84607094e+04  2.72616700e+04  2.61093444e+04  2.50015703e+04  2.39361615e+04  2.29109538e+04  2.19237698e+04  2.09724296e+04  2.00545993e+04  1.91678464e+04  1.83095062e+04  1.74764468e+04  1.66650455e+04  1.58701612e+04  1.50839755e+04  1.42936864e+04  1.34811992e+04  1.26274017e+04  1.17202791e+04  1.07628534e+04  9.77111943e+03  8.75384363e+03  7.73566097e+03  6.74597369e+03  5.81139490e+03  4.95177572e+03  4.17930824e+03  3.49868280e+03  2.90884954e+03  2.40463181e+03  1.97839052e+03  1.62138737e+03  1.32455950e+03  1.07927078e+03  8.77539351e+02  7.12294127e+02  5.77361028e+02  4.67460514e+02  3.78138774e+02  3.05654715e+02  2.46920912e+02  1.99376840e+02  1.60925365e+02  1.29849449e+02  1.04747186e+02  8.44814216e+01  6.81244520e+01  5.49275420e+01  4.42821171e+01  3.56967104e+01  2.87738847e+01  2.31920780e+01  1.86924233e+01  1.50649864e+01  1.21411577e+01  9.78445833e+00  7.88498917e+00  6.35414390e+00  5.12033239e+00  4.12604131e+00  3.32469553e+00  2.67891862e+00  2.15849377e+00  1.73909221e+00  1.40112117e+00  1.12875091e+00  9.09270796e-01  7.32393123e-01  5.89859989e-01  4.74998632e-01  3.82436010e-01  3.07847413e-01  2.47737558e-01  1.99300905e-01  1.60266714e-01  1.28812024e-01  1.03464441e-01  8.30376956e-02  6.65776082e-02  5.33127436e-02  4.26238707e-02  3.40099861e-02  2.70687002e-02  2.14751499e-02  1.69674841e-02  1.33351820e-02  1.04079656e-02  8.04919794e-03  6.14834113e-03  4.61657269e-03  3.38222290e-03  2.38749716e-03  1.58594601e-03  9.39986814e-04  4.19467586e-04  0.00000000e+00  
57      334.048498        306.152219           61.3859869         1.43792628e+04  1.37900745e+04  1.32127464e+04  1.26578950e+04  1.21244826e+04  1.16114586e+04  1.11177823e+04  1.06424059e+04  1.01842799e+04  9.74228076e+03  9.31523682e+03  8.90186458e+03  8.50065530e+03  8.10986312e+03  7.72700716e+03  7.34830103e+03  6.96751077e+03  6.57576564e+03  6.16360563e+03  5.72494092e+03  5.26097880e+03  4.77932394e+03  4.28428415e+03  3.78796855e+03  3.30487087e+03  2.84815515e+03  2.42768428e+03  2.04956042e+03  1.71619168e+03  1.42715085e+03  1.17996638e+03  9.70940979e+02  7.95823351e+02  6.50191903e+02  5.29826058e+02  4.30820381e+02  3.49712158e+02  2.83476128e+02  2.29524076e+02  1.85671864e+02  1.50084340e+02  1.21246644e+02  9.79022490e+01  7.90218843e+01  6.37627377e+01  5.14366180e+01  4.14852615e+01  3.34532041e+01  2.69728320e+01  2.17453356e+01  1.75293993e+01  1.41298722e+01  1.13888565e+01  9.17923839e+00  7.39793057e+00  5.96213748e+00  4.80484057e+00  3.87207306e+00  3.12032395e+00  2.51443810e+00  2.02617285e+00  1.63265680e+00  1.31553567e+00  1.05997098e+00  8.54015676e-01  6.88048370e-01  5.54295587e-01  4.46515543e-01  3.59656254e-01  2.89662526e-01  2.33257573e-01  1.87802853e-01  1.51174633e-01  1.21656488e-01  9.78707012e-02  7.87021801e-02  6.32557251e-02  5.08082876e-02  4.07773252e-02  3.26942698e-02  2.61802921e-02  2.09313066e-02  1.67012858e-02  1.32926282e-02  1.05458031e-02  8.33222341e-03  6.54850857e-03  5.11104028e-03  3.95272009e-03  3.01926623e-03  2.26706062e-03  1.66090839e-03  1.17242837e-03  7.78810599e-04  4.61599378e-04  2.05987972e-04  0.00000000e+00  
58      401.027914        367.538206           73.6943719         6.95791029e+03  6.67432886e+03  6.39642238e+03  6.12931117e+03  5.87250357e+03  5.62549931e+03  5.38780108e+03  5.15890693e+03  4.93831324e+03  4.72547991e+03  4.51984346e+03  4.32078611e+03  4.12758141e+03  3.93938838e+03  3.75501054e+03  3.57261615e+03  3.38917560e+03  3.20035382e+03  3.00149131e+03  2.78953172e+03  2.56495473e+03  2.33138143e+03  2.09092064e+03  1.84950273e+03  1.61424272e+03  1.39162102e+03  1.18651042e+03  1.00194340e+03  8.39140566e+02  6.97928345e+02  5.77125517e+02  4.74944346e+02  3.89320271e+02  3.18100986e+02  2.59229134e+02  2.10799110e+02  1.71120156e+02  1.38714378e+02  1.12316874e+02  9.08599288e+01  7.34462137e+01  5.93348712e+01  4.79113022e+01  3.86720096e+01  3.12046690e+01  2.51725763e+01  2.03025793e+01  1.63718146e+01  1.32003982e+01  1.06421093e+01  8.57885927e+00  6.91514803e+00  5.57370480e+00  4.49232298e+00  3.62055342e+00  2.91787718e+00  2.35149607e+00  1.89499916e+00  1.52709243e+00  1.23057112e+00  9.91613350e-01  7.99025901e-01  6.43826211e-01  5.18752329e-01  4.17957355e-01  3.36732578e-01  2.71273652e-01  2.18525840e-01  1.76016691e-01  1.41761585e-01  1.14156860e-01  9.19112048e-02  7.39852601e-02  5.95390039e-02  4.78981777e-02  3.85170535e-02  3.09575181e-02  2.48657097e-02  1.99565305e-02  1.60006621e-02  1.28127042e-02  1.02438368e-02  8.17365347e-03  6.50544739e-03  5.16114394e-03  4.07781218e-03  3.20485742e-03  2.50135663e-03  1.93447167e-03  1.47763688e-03  1.10950546e-03  8.12852960e-04  5.73789545e-04  3.81151967e-04  2.25907957e-04  1.00811058e-04  0.00000000e+00  
59      481.437242        441.232578           88.4706872         3.36338869e+03  3.22706263e+03  3.09341132e+03  2.96491117e+03  2.84133789e+03  2.72245997e+03  2.60804503e+03  2.49785652e+03  2.39165568e+03  2.28918506e+03  2.19017515e+03  2.09432968e+03  2.00129963e+03  1.91068042e+03  1.82189554e+03  1.73405981e+03  1.64570339e+03  1.55471329e+03  1.45880370e+03  1.35645259e+03  1.24784946e+03  1.13472098e+03  1.01809638e+03  9.00871359e+02  7.86526854e+02  6.78240646e+02  5.78409140e+02  4.88530765e+02  4.09218100e+02  3.40400682e+02  2.81513440e+02  2.31692637e+02  1.89937149e+02  1.55201263e+02  1.26484224e+02  1.02858341e+02  8.35000406e+01  6.76891418e+01  5.48090475e+01  4.43391650e+01  3.58418912e+01  2.89558730e+01  2.33813071e+01  1.88725635e+01  1.52284756e+01  1.22847604e+01  9.90813680e+00  7.98985711e+00  6.44214313e+00  5.19364161e+00  4.18672612e+00  3.37479269e+00  2.72013259e+00  2.19238832e+00  1.76693993e+00  1.42401344e+00  1.14760266e+00  9.24818444e-01  7.45268760e-01  6.00557254e-01  4.83938474e-01  3.89949809e-01  3.14207513e-01  2.53167538e-01  2.03976422e-01  1.64336170e-01  1.32390146e-01  1.06647546e-01  8.59017350e-02  6.91841574e-02  5.57121760e-02  4.48555902e-02  3.61071597e-02  2.90569277e-02  2.33758344e-02  1.87975474e-02  1.51082538e-02  1.21352576e-02  9.73942201e-03  7.80883240e-03  6.25300748e-03  4.99931844e-03  3.98900306e-03  3.17486540e-03  2.51880252e-03  1.99010214e-03  1.56407243e-03  1.22074166e-03  9.44083750e-04  7.21133832e-04  5.41473982e-04  3.96698118e-04  2.80027562e-04  1.86014292e-04  1.10250274e-04  4.91990053e-05  0.00000000e+00  
60      577.969288        529.703265           106.209773         1.62379256e+03  1.55847600e+03  1.49437511e+03  1.43269173e+03  1.37333173e+03  1.31619489e+03  1.26117843e+03  1.20817557e+03  1.15707698e+03  1.10776295e+03  1.06010694e+03  1.01396869e+03  9.69181846e+02  9.25552801e+02  8.82804546e+02  8.40510105e+02  7.97957669e+02  7.54119735e+02  7.07878764e+02  6.58481573e+02  6.06002566e+02  5.51266211e+02  4.94773597e+02  4.37935213e+02  3.82449334e+02  3.29869268e+02  2.81369175e+02  2.37686048e+02  1.99124926e+02  1.65657224e+02  1.37012385e+02  1.12773363e+02  9.24553003e+01  7.55509182e+01  6.15742749e+01  5.00746008e+01  4.06515287e+01  3.29548342e+01  2.66845824e+01  2.15874911e+01  1.74506199e+01  1.40981090e+01  1.13840401e+01  9.18885277e+00  7.41462271e+00  5.98137616e+00  4.82422845e+00  3.89023694e+00  3.13666658e+00  2.52877813e+00  2.03851504e+00  1.64318693e+00  1.32443410e+00  1.06747592e+00  8.60325219e-01  6.93354233e-01  5.58769642e-01  4.50295780e-01  3.62872805e-01  2.92412551e-01  2.35630668e-01  1.89867412e-01  1.52988341e-01  1.23267851e-01  9.93165920e-02  8.00156659e-02  6.44610751e-02  5.19269443e-02  4.18257604e-02  3.36859326e-02  2.71263931e-02  2.18402956e-02  1.75806638e-02  1.41478889e-02  1.13817507e-02  9.15257170e-03  7.35624565e-03  5.90868658e-03  4.74214843e-03  3.80213966e-03  3.04460469e-03  2.43418042e-03  1.94225538e-03  1.54584975e-03  1.22641113e-03  9.68985617e-04  7.61550705e-04  5.94382108e-04  4.59676695e-04  3.51121832e-04  2.63645011e-04  1.93153287e-04  1.36346107e-04  9.05708154e-05  5.36811288e-05  2.39551164e-05  0.00000000e+00  
61      693.856788        635.913038           127.505688         7.82384079e+02  7.51317244e+02  7.20765412e+02  6.91312070e+02  6.62923507e+02  6.35561488e+02  6.09185149e+02  5.83750312e+02  5.59210399e+02  5.35512740e+02  5.12600432e+02  4.90409147e+02  4.68861295e+02  4.47865595e+02  4.27290035e+02  4.06929607e+02  3.86440589e+02  3.65324661e+02  3.43037253e+02  3.19207728e+02  2.93865238e+02  2.67404021e+02  2.40067626e+02  2.12541749e+02  1.85653068e+02  1.60158869e+02  1.36632701e+02  1.15435694e+02  9.67188043e+01  8.04704388e+01  6.65609531e+01  5.47890862e+01  4.49202520e+01  3.67086845e+01  2.99187641e+01  2.43318026e+01  1.97534874e+01  1.60137943e+01  1.29670795e+01  1.04903341e+01  8.48012739e+00  6.85103060e+00  5.53215451e+00  4.46541127e+00  3.60322243e+00  2.90672950e+00  2.34440461e+00  1.89052195e+00  1.52431530e+00  1.22890358e+00  9.90652902e-01  7.98536890e-01  6.43633591e-01  5.18760268e-01  4.18091647e-01  3.36949011e-01  2.71545094e-01  2.18830146e-01  1.76345258e-01  1.42103720e-01  1.14509445e-01  9.22698839e-02  7.43477648e-02  5.99044990e-02  4.82649042e-02  3.88852311e-02  3.13261642e-02  2.52349505e-02  2.03260760e-02  1.63703620e-02  1.31826210e-02  1.06137348e-02  8.54368042e-03  6.87545382e-03  5.53119287e-03  4.44787806e-03  3.57491696e-03  2.87144625e-03  2.30454336e-03  1.84772701e-03  1.47958751e-03  1.18293943e-03  9.43878464e-04  7.51237095e-04  5.95999406e-04  4.70898248e-04  3.70091038e-04  2.88852062e-04  2.23389229e-04  1.70634788e-04  1.28123650e-04  9.38667643e-05  6.62601609e-05  4.40147279e-05  2.60874352e-05  1.16414755e-05  0.00000000e+00  
62      832.980665        763.418726           153.071606         3.75692129e+02  3.61103695e+02  3.46708295e+02  3.32787036e+02  3.19331206e+02  3.06329239e+02  2.93767715e+02  2.81630898e+02  2.69901308e+02  2.58557872e+02  2.47576905e+02  2.36930584e+02  2.26584184e+02  2.16495949e+02  2.06604055e+02  1.96811024e+02  1.86951781e+02  1.76785605e+02  1.66048205e+02  1.54558309e+02  1.42327563e+02  1.29544898e+02  1.16328678e+02  1.03011792e+02  8.99959468e+01  7.76495763e+01  6.62521654e+01  5.59801344e+01  4.69078245e+01  3.90305355e+01  3.22861039e+01  2.65774455e+01  2.17911579e+01  1.78082996e+01  1.45147628e+01  1.18045896e+01  9.58360205e+00  7.76937438e+00  6.29128687e+00  5.08968725e+00  4.11441199e+00  3.32402461e+00  2.68413885e+00  2.16657655e+00  1.74825659e+00  1.41032744e+00  1.13749343e+00  9.17273518e-01  7.39592657e-01  5.96260604e-01  4.80662504e-01  3.87448567e-01  3.12289984e-01  2.51701778e-01  2.02857585e-01  1.63487326e-01  1.31753446e-01  1.06176222e-01  8.55626015e-02  6.89486395e-02  5.55599201e-02  4.47693013e-02  3.60735009e-02  2.90656368e-02  2.34181117e-02  1.88670988e-02  1.51994430e-02  1.22439887e-02  9.86220482e-03  7.94289391e-03  6.39620320e-03  5.14978058e-03  4.14539090e-03  3.33596793e-03  2.68373297e-03  2.15810899e-03  1.73454855e-03  1.39322480e-03  1.11816370e-03  8.96516562e-04  7.17895391e-04  5.73961837e-04  4.57969533e-04  3.64500001e-04  2.89178724e-04  2.28479681e-04  1.79568055e-04  1.40150929e-04  1.08388383e-04  8.27919454e-05  6.21655543e-05  4.55441244e-05  3.21494091e-05  2.13559321e-05  1.26576153e-05  5.64844024e-06  0.00000000e+00  
63      1000              916.490332           167.019335         1.84762255e+02  1.77828335e+02  1.70955102e+02  1.64279546e+02  1.57801165e+02  1.51517875e+02  1.45426551e+02  1.39522664e+02  1.33800646e+02  1.28252874e+02  1.22870193e+02  1.17641131e+02  1.12550526e+02  1.07579494e+02  1.02698934e+02  9.78617958e+01  9.29871026e+01  8.79558250e+01  8.26366518e+01  7.69390517e+01  7.08682054e+01  6.45177094e+01  5.79469697e+01  5.13222450e+01  4.48442053e+01  3.86970464e+01  3.30206600e+01  2.79035277e+01  2.33831754e+01  1.94576395e+01  1.60962233e+01  1.32507449e+01  1.08648245e+01  8.87927329e+00  7.23727642e+00  5.88605697e+00  4.77869288e+00  3.87410963e+00  3.13711040e+00  2.53796144e+00  2.05165640e+00  1.65753782e+00  1.33846216e+00  1.08038038e+00  8.71784337e-01  7.03274448e-01  5.67223982e-01  4.57409511e-01  3.68807251e-01  2.97333196e-01  2.39688872e-01  1.93206603e-01  1.55727814e-01  1.25514701e-01  1.01157877e-01  8.15253489e-02  6.57007997e-02  5.29463491e-02  4.26670671e-02  3.43822711e-02  2.77057883e-02  2.23248858e-02  1.79885952e-02  1.44940188e-02  1.16777956e-02  9.40836446e-03  7.57943255e-03  6.10565063e-03  4.91793804e-03  3.96084458e-03  3.18956383e-03  2.56801630e-03  2.06716214e-03  1.66353109e-03  1.33828422e-03  1.07617384e-03  8.64958995e-04  6.94752719e-04  5.57589327e-04  4.47061614e-04  3.57989451e-04  2.86214797e-04  2.28373470e-04  1.81763467e-04  1.44203367e-04  1.13934867e-04  8.95443405e-05  6.98883916e-05  5.40495153e-05  4.12854623e-05  3.09997988e-05  2.27112701e-05  1.60317917e-05  1.06494602e-05  6.31191232e-06  2.81668061e-06  0.00000000e+00  