This file contains the upward spectral flux (per wavelength) at each interface. 
Spectral fluxes given in [erg s^-1 cm^-3].
bin     cent_lambda[um]   low_int_lambda[um]   delta_lambda[um]   F_up[0]   F_up[1]   F_up[2]   F_up[3]   F_up[4]   F_up[5]   F_up[6]   F_up[7]   F_up[8]   F_up[9]   F_up[10]   F_up[11]   F_up[12]   F_up[13]   F_up[14]   F_up[15]   F_up[16]   F_up[17]   F_up[18]   F_up[19]   F_up[20]   F_up[21]   F_up[22]   F_up[23]   F_up[24]   F_up[25]   F_up[26]   F_up[27]   F_up[28]   F_up[29]   F_up[30]   F_up[31]   F_up[32]   F_up[33]   F_up[34]   F_up[35]   F_up[36]   F_up[37]   F_up[38]   F_up[39]   F_up[40]   F_up[41]   F_up[42]   F_up[43]   F_up[44]   F_up[45]   F_up[46]   F_up[47]   F_up[48]   F_up[49]   F_up[50]   F_up[51]   F_up[52]   F_up[53]   F_up[54]   F_up[55]   F_up[56]   F_up[57]   F_up[58]   F_up[59]   F_up[60]   F_up[61]   F_up[62]   F_up[63]   F_up[64]   F_up[65]   F_up[66]   F_up[67]   F_up[68]   F_up[69]   F_up[70]   F_up[71]   F_up[72]   F_up[73]   F_up[74]   F_up[75]   F_up[76]   F_up[77]   F_up[78]   F_up[79]   F_up[80]   F_up[81]   F_up[82]   F_up[83]   F_up[84]   F_up[85]   F_up[86]   F_up[87]   F_up[88]   F_up[89]   F_up[90]   F_up[91]   F_up[92]   F_up[93]   F_up[94]   F_up[95]   F_up[96]   
0       0.01              0.00899745971        0.00200508058      0.00000000e+00  0.00000000e+00  0.00000000e+00  0.00000000e+00  0.00000000e+00  0.00000000e+00  0.00000000e+00  0.00000000e+00  0.00000000e+00  0.00000000e+00  0.00000000e+00  0.00000000e+00  0.00000000e+00  0.00000000e+00  0.00000000e+00  0.00000000e+00  0.00000000e+00  0.00000000e+00  0.00000000e+00  0.00000000e+00  0.00000000e+00  0.00000000e+00  0.00000000e+00  0.00000000e+00  0.00000000e+00  0.00000000e+00  0.00000000e+00  0.00000000e+00  0.00000000e+00  0.00000000e+00  0.00000000e+00  0.00000000e+00  0.00000000e+00  0.00000000e+00  0.00000000e+00  0.00000000e+00  0.00000000e+00  0.00000000e+00  0.00000000e+00  0.00000000e+00  0.00000000e+00  0.00000000e+00  0.00000000e+00  0.00000000e+00  0.00000000e+00  0.00000000e+00  0.00000000e+00  0.00000000e+00  0.00000000e+00  0.00000000e+00  0.00000000e+00  0.00000000e+00  0.00000000e+00  0.00000000e+00  0.00000000e+00  0.00000000e+00  0.00000000e+00  0.00000000e+00  0.00000000e+00  0.00000000e+00  0.00000000e+00  0.00000000e+00  0.00000000e+00  0.00000000e+00  0.00000000e+00  0.00000000e+00  0.00000000e+00  0.00000000e+00  0.00000000e+00  0.00000000e+00  0.00000000e+00  0.00000000e+00  0.00000000e+00  0.00000000e+00  0.00000000e+00  0.00000000e+00  0.00000000e+00  0.00000000e+00  0.00000000e+00  0.00000000e+00  0.00000000e+00  0.00000000e+00  0.00000000e+00  0.00000000e+00  0.00000000e+00  0.00000000e+00  0.00000000e+00  0.00000000e+00  0.00000000e+00  0.00000000e+00  0.00000000e+00  0.00000000e+00  0.00000000e+00  0.00000000e+00  0.00000000e+00  0.00000000e+00  0.00000000e+00  
1       0.0120050806      0.0110025403         0.00220609798      0.00000000e+00  0.00000000e+00  0.00000000e+00  0.00000000e+00  0.00000000e+00  0.00000000e+00  0.00000000e+00  0.00000000e+00  0.00000000e+00  0.00000000e+00  0.00000000e+00  0.00000000e+00  0.00000000e+00  0.00000000e+00  0.00000000e+00  0.00000000e+00  0.00000000e+00  0.00000000e+00  0.00000000e+00  0.00000000e+00  0.00000000e+00  0.00000000e+00  0.00000000e+00  0.00000000e+00  0.00000000e+00  0.00000000e+00  0.00000000e+00  0.00000000e+00  0.00000000e+00  0.00000000e+00  0.00000000e+00  0.00000000e+00  0.00000000e+00  0.00000000e+00  0.00000000e+00  0.00000000e+00  0.00000000e+00  0.00000000e+00  0.00000000e+00  0.00000000e+00  0.00000000e+00  0.00000000e+00  0.00000000e+00  0.00000000e+00  0.00000000e+00  0.00000000e+00  0.00000000e+00  0.00000000e+00  0.00000000e+00  0.00000000e+00  0.00000000e+00  0.00000000e+00  0.00000000e+00  0.00000000e+00  0.00000000e+00  0.00000000e+00  0.00000000e+00  0.00000000e+00  0.00000000e+00  0.00000000e+00  0.00000000e+00  0.00000000e+00  0.00000000e+00  0.00000000e+00  0.00000000e+00  0.00000000e+00  0.00000000e+00  0.00000000e+00  0.00000000e+00  0.00000000e+00  0.00000000e+00  0.00000000e+00  0.00000000e+00  0.00000000e+00  0.00000000e+00  0.00000000e+00  0.00000000e+00  0.00000000e+00  0.00000000e+00  0.00000000e+00  0.00000000e+00  0.00000000e+00  0.00000000e+00  0.00000000e+00  0.00000000e+00  0.00000000e+00  0.00000000e+00  0.00000000e+00  0.00000000e+00  0.00000000e+00  0.00000000e+00  0.00000000e+00  0.00000000e+00  0.00000000e+00  0.00000000e+00  0.00000000e+00  0.00000000e+00  
2       0.014412196       0.0132086383         0.00264843841      0.00000000e+00  0.00000000e+00  0.00000000e+00  0.00000000e+00  0.00000000e+00  0.00000000e+00  0.00000000e+00  0.00000000e+00  0.00000000e+00  0.00000000e+00  0.00000000e+00  0.00000000e+00  0.00000000e+00  0.00000000e+00  0.00000000e+00  0.00000000e+00  0.00000000e+00  0.00000000e+00  0.00000000e+00  0.00000000e+00  0.00000000e+00  0.00000000e+00  0.00000000e+00  0.00000000e+00  0.00000000e+00  0.00000000e+00  0.00000000e+00  0.00000000e+00  0.00000000e+00  0.00000000e+00  0.00000000e+00  0.00000000e+00  0.00000000e+00  0.00000000e+00  0.00000000e+00  0.00000000e+00  0.00000000e+00  0.00000000e+00  0.00000000e+00  0.00000000e+00  0.00000000e+00  0.00000000e+00  0.00000000e+00  0.00000000e+00  0.00000000e+00  0.00000000e+00  0.00000000e+00  0.00000000e+00  0.00000000e+00  0.00000000e+00  0.00000000e+00  0.00000000e+00  0.00000000e+00  0.00000000e+00  0.00000000e+00  0.00000000e+00  0.00000000e+00  0.00000000e+00  0.00000000e+00  0.00000000e+00  0.00000000e+00  0.00000000e+00  0.00000000e+00  0.00000000e+00  0.00000000e+00  0.00000000e+00  0.00000000e+00  0.00000000e+00  0.00000000e+00  0.00000000e+00  0.00000000e+00  0.00000000e+00  0.00000000e+00  0.00000000e+00  0.00000000e+00  0.00000000e+00  0.00000000e+00  0.00000000e+00  0.00000000e+00  0.00000000e+00  0.00000000e+00  0.00000000e+00  0.00000000e+00  0.00000000e+00  0.00000000e+00  0.00000000e+00  0.00000000e+00  0.00000000e+00  0.00000000e+00  0.00000000e+00  0.00000000e+00  0.00000000e+00  0.00000000e+00  0.00000000e+00  0.00000000e+00  0.00000000e+00  0.00000000e+00  
3       0.0173019574      0.0158570767         0.00317947165      0.00000000e+00  0.00000000e+00  0.00000000e+00  0.00000000e+00  0.00000000e+00  0.00000000e+00  0.00000000e+00  0.00000000e+00  0.00000000e+00  0.00000000e+00  0.00000000e+00  0.00000000e+00  0.00000000e+00  0.00000000e+00  0.00000000e+00  0.00000000e+00  0.00000000e+00  0.00000000e+00  0.00000000e+00  0.00000000e+00  0.00000000e+00  0.00000000e+00  0.00000000e+00  0.00000000e+00  0.00000000e+00  0.00000000e+00  0.00000000e+00  0.00000000e+00  0.00000000e+00  0.00000000e+00  0.00000000e+00  0.00000000e+00  0.00000000e+00  0.00000000e+00  0.00000000e+00  0.00000000e+00  0.00000000e+00  0.00000000e+00  0.00000000e+00  0.00000000e+00  0.00000000e+00  0.00000000e+00  0.00000000e+00  0.00000000e+00  0.00000000e+00  0.00000000e+00  0.00000000e+00  0.00000000e+00  0.00000000e+00  0.00000000e+00  0.00000000e+00  0.00000000e+00  0.00000000e+00  0.00000000e+00  0.00000000e+00  0.00000000e+00  0.00000000e+00  0.00000000e+00  0.00000000e+00  0.00000000e+00  0.00000000e+00  0.00000000e+00  0.00000000e+00  0.00000000e+00  0.00000000e+00  0.00000000e+00  0.00000000e+00  0.00000000e+00  0.00000000e+00  0.00000000e+00  0.00000000e+00  0.00000000e+00  0.00000000e+00  0.00000000e+00  0.00000000e+00  0.00000000e+00  0.00000000e+00  0.00000000e+00  0.00000000e+00  0.00000000e+00  0.00000000e+00  0.00000000e+00  0.00000000e+00  0.00000000e+00  0.00000000e+00  0.00000000e+00  0.00000000e+00  0.00000000e+00  0.00000000e+00  0.00000000e+00  0.00000000e+00  0.00000000e+00  0.00000000e+00  0.00000000e+00  0.00000000e+00  0.00000000e+00  0.00000000e+00  
4       0.0207711393      0.0190365483         0.00381698133      0.00000000e+00  0.00000000e+00  0.00000000e+00  0.00000000e+00  0.00000000e+00  0.00000000e+00  0.00000000e+00  0.00000000e+00  0.00000000e+00  0.00000000e+00  0.00000000e+00  0.00000000e+00  0.00000000e+00  0.00000000e+00  0.00000000e+00  0.00000000e+00  0.00000000e+00  0.00000000e+00  0.00000000e+00  0.00000000e+00  0.00000000e+00  0.00000000e+00  0.00000000e+00  0.00000000e+00  0.00000000e+00  0.00000000e+00  0.00000000e+00  0.00000000e+00  0.00000000e+00  0.00000000e+00  0.00000000e+00  0.00000000e+00  0.00000000e+00  0.00000000e+00  0.00000000e+00  0.00000000e+00  0.00000000e+00  0.00000000e+00  0.00000000e+00  0.00000000e+00  0.00000000e+00  0.00000000e+00  0.00000000e+00  0.00000000e+00  0.00000000e+00  0.00000000e+00  0.00000000e+00  0.00000000e+00  0.00000000e+00  0.00000000e+00  0.00000000e+00  0.00000000e+00  0.00000000e+00  0.00000000e+00  0.00000000e+00  0.00000000e+00  0.00000000e+00  0.00000000e+00  0.00000000e+00  0.00000000e+00  0.00000000e+00  0.00000000e+00  0.00000000e+00  0.00000000e+00  0.00000000e+00  0.00000000e+00  0.00000000e+00  0.00000000e+00  0.00000000e+00  0.00000000e+00  0.00000000e+00  0.00000000e+00  0.00000000e+00  0.00000000e+00  0.00000000e+00  0.00000000e+00  0.00000000e+00  0.00000000e+00  0.00000000e+00  0.00000000e+00  0.00000000e+00  0.00000000e+00  0.00000000e+00  0.00000000e+00  0.00000000e+00  0.00000000e+00  0.00000000e+00  0.00000000e+00  0.00000000e+00  0.00000000e+00  0.00000000e+00  0.00000000e+00  0.00000000e+00  0.00000000e+00  0.00000000e+00  0.00000000e+00  0.00000000e+00  
5       0.02493592        0.0228535297         0.00458231684      5.53155414e-298 2.27666815e-307 5.85961856e-321 0.00000000e+00  0.00000000e+00  0.00000000e+00  0.00000000e+00  0.00000000e+00  0.00000000e+00  0.00000000e+00  0.00000000e+00  0.00000000e+00  0.00000000e+00  0.00000000e+00  0.00000000e+00  0.00000000e+00  0.00000000e+00  0.00000000e+00  0.00000000e+00  0.00000000e+00  0.00000000e+00  0.00000000e+00  0.00000000e+00  0.00000000e+00  0.00000000e+00  0.00000000e+00  0.00000000e+00  0.00000000e+00  0.00000000e+00  0.00000000e+00  0.00000000e+00  0.00000000e+00  0.00000000e+00  0.00000000e+00  0.00000000e+00  0.00000000e+00  0.00000000e+00  0.00000000e+00  0.00000000e+00  0.00000000e+00  0.00000000e+00  0.00000000e+00  0.00000000e+00  0.00000000e+00  0.00000000e+00  0.00000000e+00  0.00000000e+00  0.00000000e+00  0.00000000e+00  0.00000000e+00  0.00000000e+00  0.00000000e+00  0.00000000e+00  0.00000000e+00  0.00000000e+00  0.00000000e+00  0.00000000e+00  0.00000000e+00  0.00000000e+00  0.00000000e+00  0.00000000e+00  0.00000000e+00  0.00000000e+00  0.00000000e+00  0.00000000e+00  0.00000000e+00  0.00000000e+00  0.00000000e+00  0.00000000e+00  0.00000000e+00  0.00000000e+00  0.00000000e+00  0.00000000e+00  0.00000000e+00  0.00000000e+00  0.00000000e+00  0.00000000e+00  0.00000000e+00  0.00000000e+00  0.00000000e+00  0.00000000e+00  0.00000000e+00  0.00000000e+00  0.00000000e+00  0.00000000e+00  0.00000000e+00  0.00000000e+00  0.00000000e+00  0.00000000e+00  0.00000000e+00  0.00000000e+00  0.00000000e+00  0.00000000e+00  0.00000000e+00  0.00000000e+00  0.00000000e+00  0.00000000e+00  
6       0.0299357729      0.0274358465         0.00550110829      4.24636645e-245 8.68863972e-252 5.93998437e-263 1.20584708e-273 1.81184348e-282 1.40137925e-289 2.60674683e-295 6.28044096e-300 1.19302634e-303 1.19618935e-306 4.58326739e-309 5.17385061e-311 1.39469542e-312 7.58428667e-314 7.25809595e-315 1.09552074e-315 2.38702471e-316 6.99150220e-317 2.59920525e-317 1.17092768e-317 6.15847393e-318 3.66933168e-318 2.41751261e-318 1.72716951e-318 1.31720372e-318 1.05882220e-318 8.87974304e-319 7.70584307e-319 6.87378711e-319 6.26910017e-319 5.82073559e-319 5.48289350e-319 5.22499124e-319 5.02598160e-319 4.87114142e-319 4.74984831e-319 4.65429601e-319 4.57870397e-319 4.51867499e-319 4.47089884e-319 4.43275697e-319 4.40222372e-319 4.37776747e-319 4.35820247e-319 4.34249118e-319 4.32984310e-319 4.31971475e-319 4.31156267e-319 4.30499160e-319 4.29970510e-319 4.29545613e-319 4.29199767e-319 4.28928031e-319 4.28705702e-319 4.28527838e-319 4.28384559e-319 4.28270924e-319 4.28177051e-319 4.28102941e-319 4.28043654e-319 4.27994247e-319 4.27954722e-319 4.27925078e-319 4.27900375e-319 4.27880612e-319 4.27860849e-319 4.27850968e-319 4.27841087e-319 4.27831205e-319 4.27821324e-319 4.27811443e-319 4.27811443e-319 4.27811443e-319 4.27811443e-319 4.27811443e-319 4.27811443e-319 4.27811443e-319 4.27811443e-319 4.27811443e-319 4.27811443e-319 4.27811443e-319 4.27811443e-319 4.27811443e-319 4.27811443e-319 4.27811443e-319 4.27811443e-319 4.27811443e-319 4.27811443e-319 4.27811443e-319 4.27811443e-319 4.27811443e-319 4.27811443e-319 4.27811443e-319 4.27811443e-319 4.27811443e-319 4.27811443e-319 4.27811443e-319 
7       0.0359381366      0.0329369548         0.00660412483      4.24448007e-201 6.80609600e-207 3.02672962e-216 7.08284955e-226 1.43409384e-234 1.10995259e-241 2.06465556e-247 4.97437926e-252 9.44928153e-256 9.47433395e-259 3.63014482e-261 4.09791213e-263 1.10465874e-264 6.00708113e-266 5.74872405e-267 8.67699526e-268 1.89062618e-268 5.53757047e-269 2.05868232e-269 9.27424969e-270 4.87777700e-270 2.90626953e-270 1.91477696e-270 1.36799719e-270 1.04328453e-270 8.38635094e-271 7.03317612e-271 6.10338626e-271 5.44433200e-271 4.96540438e-271 4.61029980e-271 4.34269894e-271 4.13840872e-271 3.98078922e-271 3.85815731e-271 3.76208640e-271 3.68641310e-271 3.62654194e-271 3.57900189e-271 3.54114781e-271 3.51093328e-271 3.48677386e-271 3.46742565e-271 3.45191234e-271 3.43946177e-271 3.42946088e-271 3.42142335e-271 3.41495972e-271 3.40976014e-271 3.40557576e-271 3.40220756e-271 3.39949580e-271 3.39731204e-271 3.39555340e-271 3.39413679e-271 3.39299569e-271 3.39207642e-271 3.39133580e-271 3.39073912e-271 3.39025834e-271 3.38987098e-271 3.38955885e-271 3.38930734e-271 3.38910468e-271 3.38894138e-271 3.38880979e-271 3.38870375e-271 3.38861830e-271 3.38854945e-271 3.38849396e-271 3.38844925e-271 3.38841322e-271 3.38838419e-271 3.38836079e-271 3.38834193e-271 3.38832674e-271 3.38831450e-271 3.38830463e-271 3.38829668e-271 3.38829027e-271 3.38828511e-271 3.38828095e-271 3.38827760e-271 3.38827489e-271 3.38827272e-271 3.38827096e-271 3.38826955e-271 3.38826841e-271 3.38826749e-271 3.38826675e-271 3.38826616e-271 3.38826568e-271 3.38826529e-271 3.38826498e-271 3.38826472e-271 3.38826452e-271 3.38826436e-271 
8       0.0431440226      0.0395410796         0.00792830508      1.68379390e-164 1.51242949e-169 2.46147510e-177 1.67811948e-185 1.62497191e-193 1.37502225e-200 2.55826057e-206 6.16362297e-211 1.17083571e-214 1.17393989e-217 4.49801731e-220 5.07761553e-222 1.36875369e-223 7.44321679e-225 7.12309332e-226 1.07514374e-226 2.34262535e-227 6.86145845e-228 2.55085931e-228 1.14914797e-228 6.04392564e-229 3.60108241e-229 2.37254996e-229 1.69504946e-229 1.29270651e-229 1.03913077e-229 8.71462420e-230 7.56254596e-230 6.74592910e-230 6.15250244e-230 5.71250166e-230 5.38092445e-230 5.12779379e-230 4.93249160e-230 4.78054161e-230 4.66150267e-230 4.56773786e-230 4.49355308e-230 4.43464744e-230 4.38774344e-230 4.35030541e-230 4.32037011e-230 4.29639625e-230 4.27717412e-230 4.26174693e-230 4.24935510e-230 4.23939601e-230 4.23138709e-230 4.22494442e-230 4.21975967e-230 4.21558622e-230 4.21222615e-230 4.20952031e-230 4.20734122e-230 4.20558594e-230 4.20417204e-230 4.20303299e-230 4.20211531e-230 4.20137598e-230 4.20078026e-230 4.20030029e-230 4.19991353e-230 4.19960190e-230 4.19935079e-230 4.19914845e-230 4.19898540e-230 4.19885401e-230 4.19874813e-230 4.19866281e-230 4.19859406e-230 4.19853866e-230 4.19849402e-230 4.19845804e-230 4.19842905e-230 4.19840569e-230 4.19838686e-230 4.19837169e-230 4.19835947e-230 4.19834962e-230 4.19834168e-230 4.19833528e-230 4.19833013e-230 4.19832597e-230 4.19832262e-230 4.19831993e-230 4.19831775e-230 4.19831600e-230 4.19831459e-230 4.19831345e-230 4.19831253e-230 4.19831180e-230 4.19831120e-230 4.19831072e-230 4.19831033e-230 4.19831002e-230 4.19830977e-230 4.19830957e-230 
9       0.0517947468      0.0474693847         0.00951799413      4.56633135e-134 1.74177348e-138 5.75731827e-145 8.90587831e-152 1.02202389e-158 2.07641749e-165 4.00858341e-171 9.65849175e-176 1.83471753e-179 1.83958183e-182 7.04846218e-185 7.95670148e-187 2.14485805e-188 1.16636350e-189 1.11619966e-190 1.68476675e-191 3.67092988e-192 1.07520107e-192 3.99723570e-193 1.80073251e-193 9.47092426e-194 5.64295141e-194 3.71782220e-194 2.65616853e-194 2.02569095e-194 1.62833386e-194 1.36559499e-194 1.18506256e-194 1.05709745e-194 9.64106577e-195 8.95157779e-195 8.43199121e-195 8.03533159e-195 7.72929005e-195 7.49118208e-195 7.30464624e-195 7.15771535e-195 7.04146665e-195 6.94916061e-195 6.87566133e-195 6.81699536e-195 6.77008628e-195 6.73251888e-195 6.70239750e-195 6.67822287e-195 6.65880468e-195 6.64319863e-195 6.63064852e-195 6.62055277e-195 6.61242819e-195 6.60588833e-195 6.60062305e-195 6.59638295e-195 6.59296828e-195 6.59021773e-195 6.58800213e-195 6.58621722e-195 6.58477920e-195 6.58362065e-195 6.58268715e-195 6.58193504e-195 6.58132898e-195 6.58084065e-195 6.58044716e-195 6.58013007e-195 6.57987458e-195 6.57966868e-195 6.57950278e-195 6.57936908e-195 6.57926135e-195 6.57917454e-195 6.57910458e-195 6.57904820e-195 6.57900277e-195 6.57896617e-195 6.57893667e-195 6.57891289e-195 6.57889374e-195 6.57887830e-195 6.57886586e-195 6.57885583e-195 6.57884776e-195 6.57884125e-195 6.57883600e-195 6.57883177e-195 6.57882837e-195 6.57882562e-195 6.57882341e-195 6.57882163e-195 6.57882019e-195 6.57881903e-195 6.57881810e-195 6.57881735e-195 6.57881674e-195 6.57881625e-195 6.57881586e-195 6.57881554e-195 
10      0.0621800109      0.0569873788         0.0114264286       9.06475405e-109 1.17851186e-112 4.76989946e-118 1.03782688e-123 1.50899892e-129 1.97072345e-135 5.95973288e-141 1.45366875e-145 2.76145604e-149 2.76877737e-152 1.06087276e-154 1.19757298e-156 3.22825238e-158 1.75550813e-159 1.68000591e-160 2.53576328e-161 5.52516199e-162 1.61829843e-162 6.01628891e-163 2.71030479e-163 1.42548053e-163 8.49327598e-164 5.59574019e-164 3.99783211e-164 3.04889251e-164 2.45082544e-164 2.05537392e-164 1.78365232e-164 1.59105044e-164 1.45108874e-164 1.34731305e-164 1.26910943e-164 1.20940770e-164 1.16334501e-164 1.12750708e-164 1.09943134e-164 1.07731659e-164 1.05981986e-164 1.04592676e-164 1.03486429e-164 1.02603441e-164 1.01897406e-164 1.01331975e-164 1.00878614e-164 1.00514759e-164 1.00222493e-164 9.99876044e-165 9.97987112e-165 9.96467588e-165 9.95244747e-165 9.94260425e-165 9.93467941e-165 9.92829758e-165 9.92315813e-165 9.91901823e-165 9.91568351e-165 9.91299702e-165 9.91083265e-165 9.90908889e-165 9.90768387e-165 9.90655185e-165 9.90563967e-165 9.90490468e-165 9.90431243e-165 9.90383518e-165 9.90345063e-165 9.90314074e-165 9.90289103e-165 9.90268981e-165 9.90252766e-165 9.90239699e-165 9.90229169e-165 9.90220685e-165 9.90213847e-165 9.90208337e-165 9.90203897e-165 9.90200319e-165 9.90197436e-165 9.90195112e-165 9.90193240e-165 9.90191731e-165 9.90190515e-165 9.90189535e-165 9.90188746e-165 9.90188109e-165 9.90187597e-165 9.90187183e-165 9.90186850e-165 9.90186582e-165 9.90186366e-165 9.90186192e-165 9.90186051e-165 9.90185938e-165 9.90185847e-165 9.90185773e-165 9.90185714e-165 9.90185667e-165 
11      0.0746476041      0.0684138075         0.0137175197       9.49248665e-88  3.57550748e-91  1.15353628e-95  2.26630159e-100 3.05101081e-105 3.12339110e-110 3.23422416e-115 9.75886616e-120 1.86464782e-123 1.86961842e-126 7.16354912e-129 8.08661810e-131 2.17987918e-132 1.18540782e-133 1.13442491e-134 1.71227554e-135 3.73086864e-136 1.09275690e-136 4.06250237e-137 1.83013479e-137 9.62556504e-138 5.73508924e-138 3.77852662e-138 2.69953832e-138 2.05876633e-138 1.65492122e-138 1.38789236e-138 1.20441220e-138 1.07435768e-138 9.79848460e-139 9.09773870e-139 8.56966834e-139 8.16653208e-139 7.85549351e-139 7.61349773e-139 7.42391614e-139 7.27458617e-139 7.15643937e-139 7.06262616e-139 6.98792678e-139 6.92830292e-139 6.88062791e-139 6.84244711e-139 6.81183391e-139 6.78726456e-139 6.76752931e-139 6.75166844e-139 6.73891342e-139 6.72865282e-139 6.72039558e-139 6.71374894e-139 6.70839769e-139 6.70408836e-139 6.70061794e-139 6.69782247e-139 6.69557070e-139 6.69375664e-139 6.69229515e-139 6.69111768e-139 6.69016894e-139 6.68940454e-139 6.68878859e-139 6.68829229e-139 6.68789237e-139 6.68757011e-139 6.68731044e-139 6.68710118e-139 6.68693257e-139 6.68679669e-139 6.68668720e-139 6.68659897e-139 6.68652787e-139 6.68647057e-139 6.68642440e-139 6.68638720e-139 6.68635721e-139 6.68633305e-139 6.68631358e-139 6.68629789e-139 6.68628525e-139 6.68627506e-139 6.68626685e-139 6.68626024e-139 6.68625490e-139 6.68625061e-139 6.68624715e-139 6.68624436e-139 6.68624211e-139 6.68624030e-139 6.68623884e-139 6.68623766e-139 6.68623671e-139 6.68623595e-139 6.68623533e-139 6.68623484e-139 6.68623444e-139 6.68623411e-139 
12      0.0896150502      0.0821313271         0.0164679929       2.71719854e-70  2.65776809e-73  4.75737088e-77  5.76818229e-81  5.03373448e-85  3.30863357e-89  1.69805019e-93  1.12692504e-97  2.42360757e-101 2.43660716e-104 9.33609328e-107 1.05391085e-108 2.84098778e-110 1.54491550e-111 1.47847061e-112 2.23157041e-113 4.86235766e-114 1.42416563e-114 5.29456847e-115 2.38517373e-115 1.25447836e-115 7.47441353e-116 4.92446922e-116 3.51824791e-116 2.68314411e-116 2.15682181e-116 1.80880907e-116 1.56968348e-116 1.40018633e-116 1.27701458e-116 1.18568794e-116 1.11686571e-116 1.06432586e-116 1.02378890e-116 9.92250130e-117 9.67542385e-117 9.48080545e-117 9.32682736e-117 9.20456271e-117 9.10720868e-117 9.02950223e-117 8.96736846e-117 8.91760828e-117 8.87771077e-117 8.84569009e-117 8.81996958e-117 8.79929847e-117 8.78267513e-117 8.76930272e-117 8.75854125e-117 8.74987883e-117 8.74290466e-117 8.73728841e-117 8.73276549e-117 8.72912222e-117 8.72618753e-117 8.72382331e-117 8.72191858e-117 8.72038401e-117 8.71914754e-117 8.71815132e-117 8.71734856e-117 8.71670174e-117 8.71618053e-117 8.71576054e-117 8.71542212e-117 8.71514940e-117 8.71492965e-117 8.71475257e-117 8.71460987e-117 8.71449488e-117 8.71440221e-117 8.71432754e-117 8.71426737e-117 8.71421888e-117 8.71417980e-117 8.71414832e-117 8.71412294e-117 8.71410249e-117 8.71408602e-117 8.71407274e-117 8.71406204e-117 8.71405342e-117 8.71404647e-117 8.71404087e-117 8.71403636e-117 8.71403272e-117 8.71402979e-117 8.71402743e-117 8.71402553e-117 8.71402399e-117 8.71402276e-117 8.71402176e-117 8.71402096e-117 8.71402031e-117 8.71401979e-117 8.71401937e-117 
13      0.10758359        0.09859932           0.0197699582       8.37041618e-56  1.97548929e-58  1.45372067e-61  7.89940125e-65  3.24928327e-68  1.03876202e-71  2.49716767e-75  5.56686966e-79  1.98964786e-82  2.12489837e-85  8.15407793e-88  9.20485043e-90  2.48131688e-91  1.34932819e-92  1.29129527e-93  1.94905214e-94  4.24678001e-95  1.24386533e-95  4.62427266e-96  2.08320918e-96  1.09566058e-96  6.52814791e-97  4.30102821e-97  3.07283543e-97  2.34345632e-97  1.88376676e-97  1.57981266e-97  1.37096053e-97  1.22292183e-97  1.11534370e-97  1.03557907e-97  9.75469781e-98  9.29581513e-98  8.94176558e-98  8.66630618e-98  8.45050889e-98  8.28052930e-98  8.14604494e-98  8.03925907e-98  7.95423013e-98  7.88636137e-98  7.83209377e-98  7.78863326e-98  7.75378681e-98  7.72581996e-98  7.70335569e-98  7.68530155e-98  7.67078274e-98  7.65910329e-98  7.64970423e-98  7.64213847e-98  7.63604724e-98  7.63114201e-98  7.62719169e-98  7.62400966e-98  7.62144651e-98  7.61938160e-98  7.61771801e-98  7.61637772e-98  7.61529778e-98  7.61442769e-98  7.61372656e-98  7.61316163e-98  7.61270640e-98  7.61233958e-98  7.61204401e-98  7.61180581e-98  7.61161389e-98  7.61145922e-98  7.61133459e-98  7.61123415e-98  7.61115322e-98  7.61108800e-98  7.61103545e-98  7.61099310e-98  7.61095897e-98  7.61093147e-98  7.61090930e-98  7.61089145e-98  7.61087705e-98  7.61086546e-98  7.61085611e-98  7.61084858e-98  7.61084251e-98  7.61083762e-98  7.61083368e-98  7.61083050e-98  7.61082794e-98  7.61082588e-98  7.61082422e-98  7.61082288e-98  7.61082180e-98  7.61082093e-98  7.61082023e-98  7.61081967e-98  7.61081921e-98  7.61081885e-98  
14      0.129154967       0.118369278          0.0237339941       8.69039462e-44  4.64784068e-46  1.10435140e-48  2.06816373e-51  3.06737763e-54  3.67419102e-57  3.39869635e-60  2.66117103e-63  2.28775656e-66  3.33510035e-69  1.32397079e-71  1.49590627e-73  4.03248072e-75  2.19284366e-76  2.09853219e-77  3.16747746e-78  6.90160087e-79  2.02145203e-79  7.51507827e-80  3.38550108e-80  1.78059895e-80  1.06091371e-80  6.98976165e-81  4.99377967e-81  3.80843843e-81  3.06137975e-81  2.56741258e-81  2.22799919e-81  1.98741596e-81  1.81258673e-81  1.68295824e-81  1.58527239e-81  1.51069765e-81  1.45315973e-81  1.40839380e-81  1.37332377e-81  1.34569976e-81  1.32384420e-81  1.30649003e-81  1.29267166e-81  1.28164205e-81  1.27282282e-81  1.26575989e-81  1.26009687e-81  1.25555187e-81  1.25190112e-81  1.24896707e-81  1.24660756e-81  1.24470949e-81  1.24318202e-81  1.24195248e-81  1.24096257e-81  1.24016540e-81  1.23952342e-81  1.23900630e-81  1.23858975e-81  1.23825417e-81  1.23798382e-81  1.23776600e-81  1.23759050e-81  1.23744909e-81  1.23733515e-81  1.23724334e-81  1.23716936e-81  1.23710975e-81  1.23706171e-81  1.23702300e-81  1.23699181e-81  1.23696668e-81  1.23694642e-81  1.23693010e-81  1.23691695e-81  1.23690635e-81  1.23689781e-81  1.23689093e-81  1.23688538e-81  1.23688091e-81  1.23687731e-81  1.23687441e-81  1.23687207e-81  1.23687018e-81  1.23686866e-81  1.23686744e-81  1.23686645e-81  1.23686566e-81  1.23686502e-81  1.23686450e-81  1.23686409e-81  1.23686375e-81  1.23686348e-81  1.23686326e-81  1.23686309e-81  1.23686295e-81  1.23686283e-81  1.23686274e-81  1.23686267e-81  1.23686261e-81  
15      0.155051578       0.142103272          0.0284928511       7.87042745e-34  8.89743265e-36  5.62592456e-38  2.93871752e-40  1.26271236e-42  4.53626371e-45  1.30960182e-47  3.17808616e-50  7.29441824e-53  1.99368938e-55  9.58259314e-58  1.10365679e-59  2.97671775e-61  1.61873372e-62  1.54911403e-63  2.33819800e-64  5.09468798e-65  1.49221428e-65  5.54755044e-66  2.49914071e-66  1.31441911e-66  7.83155158e-67  5.15976733e-67  3.68635477e-67  2.81134853e-67  2.25987780e-67  1.89523652e-67  1.64468518e-67  1.46708922e-67  1.33803215e-67  1.24234178e-67  1.17023113e-67  1.11518086e-67  1.07270698e-67  1.03966125e-67  1.01377293e-67  9.93381174e-68  9.77247637e-68  9.64436973e-68  9.54236399e-68  9.46094462e-68  9.39584201e-68  9.34370422e-68  9.30190036e-68  9.26834967e-68  9.24140021e-68  9.21974140e-68  9.20232377e-68  9.18831241e-68  9.17703674e-68  9.16796042e-68  9.16065302e-68  9.15476841e-68  9.15002938e-68  9.14621203e-68  9.14313712e-68  9.14065993e-68  9.13866419e-68  9.13705630e-68  9.13576074e-68  9.13471692e-68  9.13387581e-68  9.13319808e-68  9.13265197e-68  9.13221191e-68  9.13185732e-68  9.13157157e-68  9.13134132e-68  9.13115577e-68  9.13100626e-68  9.13088577e-68  9.13078868e-68  9.13071044e-68  9.13064739e-68  9.13059659e-68  9.13055564e-68  9.13052265e-68  9.13049607e-68  9.13047464e-68  9.13045738e-68  9.13044346e-68  9.13043225e-68  9.13042322e-68  9.13041594e-68  9.13041007e-68  9.13040534e-68  9.13040153e-68  9.13039846e-68  9.13039599e-68  9.13039399e-68  9.13039239e-68  9.13039109e-68  9.13039005e-68  9.13038921e-68  9.13038853e-68  9.13038799e-68  9.13038755e-68  
16      0.186140669       0.170596123          0.0342058974       1.37299590e-25  3.03101449e-27  4.35605391e-29  5.35175056e-31  5.58008886e-33  5.00456644e-35  3.74435468e-37  2.39747697e-39  1.38428094e-41  8.14152638e-44  6.02405002e-46  7.79480133e-48  2.12607685e-49  1.15662532e-50  1.10688641e-51  1.67070961e-52  3.64030086e-53  1.06622995e-53  3.96388409e-54  1.78570780e-54  9.39190199e-55  5.59586848e-55  3.68680192e-55  2.63400633e-55  2.00878925e-55  1.61474758e-55  1.35420092e-55  1.17517479e-55  1.04827737e-55  9.56062389e-56  8.87688878e-56  8.36163745e-56  7.96828743e-56  7.66479940e-56  7.42867813e-56  7.24369868e-56  7.09799374e-56  6.98271498e-56  6.89117911e-56  6.81829308e-56  6.76011660e-56  6.71359891e-56  6.67634496e-56  6.64647490e-56  6.62250198e-56  6.60324581e-56  6.58776997e-56  6.57532457e-56  6.56531306e-56  6.55725627e-56  6.55077097e-56  6.54554962e-56  6.54134490e-56  6.53795873e-56  6.53523112e-56  6.53303401e-56  6.53126399e-56  6.52983798e-56  6.52868909e-56  6.52776338e-56  6.52701754e-56  6.52641654e-56  6.52593229e-56  6.52554207e-56  6.52522764e-56  6.52497427e-56  6.52477010e-56  6.52460558e-56  6.52447300e-56  6.52436616e-56  6.52428007e-56  6.52421070e-56  6.52415479e-56  6.52410974e-56  6.52407344e-56  6.52404419e-56  6.52402061e-56  6.52400162e-56  6.52398631e-56  6.52397397e-56  6.52396403e-56  6.52395602e-56  6.52394956e-56  6.52394436e-56  6.52394017e-56  6.52393679e-56  6.52393407e-56  6.52393188e-56  6.52393011e-56  6.52392868e-56  6.52392754e-56  6.52392661e-56  6.52392586e-56  6.52392526e-56  6.52392478e-56  6.52392439e-56  6.52392408e-56  
17      0.223463373       0.204802021          0.0410644554       8.92614381e-19  3.54097768e-20  1.01405845e-21  2.54837311e-23  5.57785586e-25  1.07461337e-26  1.78204177e-28  2.58623363e-30  3.35807654e-32  4.18039827e-34  5.50866607e-36  9.55652916e-38  2.80097805e-39  1.53521406e-40  1.46965768e-41  2.21828319e-42  4.83340654e-43  1.41568596e-43  5.26304392e-44  2.37097209e-44  1.24700903e-44  7.42990989e-45  4.89514829e-45  3.49729980e-45  2.66716832e-45  2.14397981e-45  1.79803918e-45  1.56033738e-45  1.39184944e-45  1.26941107e-45  1.17862820e-45  1.11021574e-45  1.05798872e-45  1.01769313e-45  9.86342143e-46  9.61781511e-46  9.42435549e-46  9.27129421e-46  9.14975754e-46  9.05298317e-46  8.97573940e-46  8.91397558e-46  8.86451167e-46  8.82485172e-46  8.79302169e-46  8.76745433e-46  8.74690629e-46  8.73038193e-46  8.71708915e-46  8.70639175e-46  8.69778091e-46  8.69084826e-46  8.68526545e-46  8.68076946e-46  8.67714788e-46  8.67423067e-46  8.67188053e-46  8.66998714e-46  8.66846171e-46  8.66723259e-46  8.66624231e-46  8.66544433e-46  8.66480136e-46  8.66428326e-46  8.66386577e-46  8.66352936e-46  8.66325826e-46  8.66303982e-46  8.66286379e-46  8.66272194e-46  8.66260764e-46  8.66251552e-46  8.66244130e-46  8.66238148e-46  8.66233328e-46  8.66229444e-46  8.66226314e-46  8.66223792e-46  8.66221759e-46  8.66220121e-46  8.66218801e-46  8.66217737e-46  8.66216880e-46  8.66216190e-46  8.66215633e-46  8.66215184e-46  8.66214823e-46  8.66214532e-46  8.66214297e-46  8.66214108e-46  8.66213955e-46  8.66213833e-46  8.66213734e-46  8.66213654e-46  8.66213590e-46  8.66213538e-46  8.66213496e-46  
18      0.26826958        0.245866476          0.0492982096       3.74762279e-13  2.46431107e-14  1.25847856e-15  5.75950823e-17  2.34647723e-18  8.57681723e-20  2.76817426e-21  7.98181943e-23  2.07323187e-24  5.05836842e-26  1.21300778e-27  3.23320845e-29  1.15549008e-30  6.64055444e-32  6.38986401e-33  9.64752072e-34  2.10211059e-34  6.15700088e-35  2.28896570e-35  1.03116635e-35  5.42340318e-36  3.23136367e-36  2.12896315e-36  1.52102080e-36  1.15998591e-36  9.32444479e-37  7.81990438e-37  6.78610860e-37  6.05333280e-37  5.52083252e-37  5.12600609e-37  4.82847150e-37  4.60132946e-37  4.42607871e-37  4.28972924e-37  4.18291188e-37  4.09877380e-37  4.03220547e-37  3.97934760e-37  3.93725918e-37  3.90366487e-37  3.87680299e-37  3.85529049e-37  3.83804187e-37  3.82419858e-37  3.81307900e-37  3.80414240e-37  3.79695574e-37  3.79117454e-37  3.78652210e-37  3.78277713e-37  3.77976204e-37  3.77733400e-37  3.77537864e-37  3.77380357e-37  3.77253483e-37  3.77151273e-37  3.77068927e-37  3.77002584e-37  3.76949128e-37  3.76906059e-37  3.76871354e-37  3.76843390e-37  3.76820857e-37  3.76802700e-37  3.76788069e-37  3.76776279e-37  3.76766779e-37  3.76759123e-37  3.76752954e-37  3.76747983e-37  3.76743976e-37  3.76740748e-37  3.76738147e-37  3.76736050e-37  3.76734361e-37  3.76733000e-37  3.76731903e-37  3.76731019e-37  3.76730307e-37  3.76729732e-37  3.76729270e-37  3.76728897e-37  3.76728597e-37  3.76728355e-37  3.76728160e-37  3.76728002e-37  3.76727876e-37  3.76727774e-37  3.76727691e-37  3.76727625e-37  3.76727572e-37  3.76727529e-37  3.76727494e-37  3.76727466e-37  3.76727443e-37  3.76727425e-37  
19      0.322059792       0.295164686          0.0591828978       1.60646492e-08  1.62571243e-09  1.34778601e-10  1.01895879e-11  6.98609495e-13  4.36758180e-14  2.46183482e-15  1.26176141e-16  5.89323522e-18  2.57580024e-19  1.07599027e-20  4.59760256e-22  2.25295748e-23  1.48372188e-24  1.47383214e-25  2.23400787e-26  4.86898706e-27  1.42612204e-27  5.30184309e-28  2.38845091e-28  1.25620199e-28  7.48468323e-29  4.93123535e-29  3.52308191e-29  2.68683070e-29  2.15978524e-29  1.81129434e-29  1.57184020e-29  1.40211016e-29  1.27876918e-29  1.18731705e-29  1.11840026e-29  1.06578822e-29  1.02519557e-29  9.93613463e-30  9.68871770e-30  9.49383189e-30  9.33964224e-30  9.21720960e-30  9.11972181e-30  9.04190860e-30  8.97968945e-30  8.92986090e-30  8.88990858e-30  8.85784390e-30  8.83208805e-30  8.81138854e-30  8.79474236e-30  8.78135158e-30  8.77057532e-30  8.76190100e-30  8.75491725e-30  8.74929328e-30  8.74476414e-30  8.74111587e-30  8.73817715e-30  8.73580968e-30  8.73390233e-30  8.73236565e-30  8.73112748e-30  8.73012989e-30  8.72932603e-30  8.72867832e-30  8.72815640e-30  8.72773583e-30  8.72739695e-30  8.72712385e-30  8.72690380e-30  8.72672647e-30  8.72658358e-30  8.72646843e-30  8.72637564e-30  8.72630086e-30  8.72624061e-30  8.72619205e-30  8.72615292e-30  8.72612139e-30  8.72609598e-30  8.72607551e-30  8.72605901e-30  8.72604571e-30  8.72603499e-30  8.72602636e-30  8.72601940e-30  8.72601379e-30  8.72600928e-30  8.72600563e-30  8.72600270e-30  8.72600034e-30  8.72599843e-30  8.72599690e-30  8.72599566e-30  8.72599466e-30  8.72599386e-30  8.72599321e-30  8.72599269e-30  8.72599227e-30  
20      0.386635375       0.354347584          0.0710495457       1.02973940e-04  1.50134229e-05  1.86666494e-06  2.14772975e-07  2.27651498e-08  2.23126566e-09  2.00592707e-10  1.66430379e-11  1.27403604e-12  9.15576110e-14  6.23974968e-15  4.19087587e-16  2.96585543e-17  2.45729464e-18  2.68150766e-19  4.15791846e-20  9.09038704e-21  2.66324504e-21  9.90118535e-22  4.46043124e-22  2.34595681e-22  1.39776435e-22  9.20908040e-23  6.57935431e-23  5.01765545e-23  4.03339822e-23  3.38259158e-23  2.93541106e-23  2.61844027e-23  2.38810102e-23  2.21731420e-23  2.08861212e-23  1.99035916e-23  1.91455238e-23  1.85557282e-23  1.80936771e-23  1.77297279e-23  1.74417788e-23  1.72131359e-23  1.70310775e-23  1.68857613e-23  1.67695671e-23  1.66765123e-23  1.66019014e-23  1.65420206e-23  1.64939215e-23  1.64552652e-23  1.64241785e-23  1.63991712e-23  1.63790465e-23  1.63628472e-23  1.63498051e-23  1.63393023e-23  1.63308442e-23  1.63240310e-23  1.63185429e-23  1.63141217e-23  1.63105597e-23  1.63076900e-23  1.63053777e-23  1.63035147e-23  1.63020135e-23  1.63008039e-23  1.62998292e-23  1.62990438e-23  1.62984109e-23  1.62979009e-23  1.62974900e-23  1.62971588e-23  1.62968920e-23  1.62966769e-23  1.62965036e-23  1.62963640e-23  1.62962515e-23  1.62961608e-23  1.62960877e-23  1.62960288e-23  1.62959814e-23  1.62959431e-23  1.62959123e-23  1.62958875e-23  1.62958675e-23  1.62958514e-23  1.62958384e-23  1.62958279e-23  1.62958195e-23  1.62958127e-23  1.62958072e-23  1.62958028e-23  1.62957992e-23  1.62957963e-23  1.62957940e-23  1.62957922e-23  1.62957907e-23  1.62957895e-23  1.62957885e-23  1.62957877e-23  
21      0.464158883       0.425397129          0.0852955522       1.35617159e-01  2.68997971e-02  4.69245703e-03  7.66933641e-04  1.17024701e-04  1.67111964e-05  2.22039608e-06  2.75710087e-07  3.19579684e-08  3.49810343e-09  3.63421378e-10  3.66546898e-11  3.73597676e-12  4.09990102e-13  5.28499813e-14  8.76088110e-15  1.94753204e-15  5.72046571e-16  2.12726468e-16  9.58338935e-17  5.04037326e-17  3.00314749e-17  1.97860439e-17  1.41359818e-17  1.07806151e-17  8.66590266e-18  7.26762093e-18  6.30683733e-18  5.62581407e-18  5.13092182e-18  4.76398014e-18  4.48745903e-18  4.27635898e-18  4.11348537e-18  3.98676563e-18  3.88749228e-18  3.80929648e-18  3.74742956e-18  3.69830480e-18  3.65918889e-18  3.62796719e-18  3.60300243e-18  3.58300927e-18  3.56697884e-18  3.55411323e-18  3.54377898e-18  3.53547353e-18  3.52879443e-18  3.52342153e-18  3.51909767e-18  3.51561719e-18  3.51281504e-18  3.51055848e-18  3.50874122e-18  3.50727738e-18  3.50609825e-18  3.50514834e-18  3.50438303e-18  3.50376646e-18  3.50326965e-18  3.50286938e-18  3.50254684e-18  3.50228696e-18  3.50207754e-18  3.50190879e-18  3.50177282e-18  3.50166324e-18  3.50157495e-18  3.50150380e-18  3.50144646e-18  3.50140026e-18  3.50136303e-18  3.50133303e-18  3.50130885e-18  3.50128937e-18  3.50127367e-18  3.50126101e-18  3.50125082e-18  3.50124260e-18  3.50123598e-18  3.50123065e-18  3.50122635e-18  3.50122288e-18  3.50122009e-18  3.50121784e-18  3.50121603e-18  3.50121457e-18  3.50121339e-18  3.50121244e-18  3.50121168e-18  3.50121106e-18  3.50121057e-18  3.50121017e-18  3.50120984e-18  3.50120958e-18  3.50120937e-18  3.50120921e-18  
22      0.55722648        0.510692681          0.102397998        4.77953284e+01  1.22800008e+01  2.84230978e+00  6.22854931e-01  1.28864947e-01  2.52098109e-02  4.64378645e-03  8.07945533e-04  1.32598199e-04  2.06887564e-05  3.07700968e-06  4.42288974e-07  6.30023610e-08  9.23292078e-09  1.47394566e-09  2.75909683e-10  6.43615738e-11  1.91456021e-11  7.13569013e-12  3.21554420e-12  1.69125497e-12  1.00768275e-12  6.63905371e-13  4.74321921e-13  3.61735189e-13  2.90777651e-13  2.43859391e-13  2.11621042e-13  1.88769834e-13  1.72164107e-13  1.59851663e-13  1.50573212e-13  1.43489913e-13  1.38024815e-13  1.33772833e-13  1.30441792e-13  1.27817993e-13  1.25742096e-13  1.24093753e-13  1.22781249e-13  1.21733629e-13  1.20895956e-13  1.20225101e-13  1.19687212e-13  1.19255517e-13  1.18908759e-13  1.18630076e-13  1.18405964e-13  1.18225680e-13  1.18080596e-13  1.17963812e-13  1.17869788e-13  1.17794071e-13  1.17733094e-13  1.17683976e-13  1.17644411e-13  1.17612537e-13  1.17586858e-13  1.17566170e-13  1.17549500e-13  1.17536069e-13  1.17525246e-13  1.17516526e-13  1.17509499e-13  1.17503837e-13  1.17499275e-13  1.17495598e-13  1.17492635e-13  1.17490248e-13  1.17488324e-13  1.17486774e-13  1.17485524e-13  1.17484518e-13  1.17483706e-13  1.17483053e-13  1.17482526e-13  1.17482101e-13  1.17481759e-13  1.17481484e-13  1.17481261e-13  1.17481082e-13  1.17480938e-13  1.17480822e-13  1.17480728e-13  1.17480653e-13  1.17480592e-13  1.17480543e-13  1.17480503e-13  1.17480472e-13  1.17480446e-13  1.17480425e-13  1.17480409e-13  1.17480395e-13  1.17480384e-13  1.17480376e-13  1.17480369e-13  1.17480363e-13  
23      0.668954879       0.613090679          0.122929621        5.61226697e+03  1.79189437e+03  5.25285261e+02  1.47071377e+02  3.92436139e+01  9.98866067e+00  2.41780654e+00  5.57749778e-01  1.22477054e-01  2.57387420e-02  5.18429279e-03  1.00957854e-03  1.93208399e-04  3.71608651e-05  7.45109509e-06  1.63923909e-06  4.18022866e-07  1.28850267e-07  4.85085590e-08  2.19037334e-08  1.15240524e-08  6.86650148e-09  4.52396906e-09  3.23211527e-09  2.46492907e-09  1.98141158e-09  1.66170205e-09  1.44202410e-09  1.28631183e-09  1.17315741e-09  1.08925818e-09  1.02603314e-09  9.77766256e-10  9.40526089e-10  9.11552308e-10  8.88853997e-10  8.70974951e-10  8.56829417e-10  8.45597307e-10  8.36653666e-10  8.29514994e-10  8.23806938e-10  8.19235610e-10  8.15570339e-10  8.12628688e-10  8.10265818e-10  8.08366821e-10  8.06839681e-10  8.05611196e-10  8.04622570e-10  8.03826777e-10  8.03186080e-10  8.02670131e-10  8.02254623e-10  8.01919926e-10  8.01650324e-10  8.01433130e-10  8.01258148e-10  8.01117171e-10  8.01003580e-10  8.00912060e-10  8.00838313e-10  8.00778891e-10  8.00731010e-10  8.00692426e-10  8.00661336e-10  8.00636283e-10  8.00616095e-10  8.00599826e-10  8.00586717e-10  8.00576153e-10  8.00567640e-10  8.00560781e-10  8.00555253e-10  8.00550798e-10  8.00547208e-10  8.00544316e-10  8.00541985e-10  8.00540106e-10  8.00538592e-10  8.00537372e-10  8.00536389e-10  8.00535597e-10  8.00534959e-10  8.00534445e-10  8.00534030e-10  8.00533696e-10  8.00533427e-10  8.00533210e-10  8.00533035e-10  8.00532894e-10  8.00532781e-10  8.00532689e-10  8.00532616e-10  8.00532556e-10  8.00532508e-10  8.00532470e-10  
24      0.803085722       0.7360203            0.147578001        2.63228420e+05  1.00868665e+05  3.60302972e+04  1.23825834e+04  4.08747389e+03  1.29662558e+03  3.94390185e+02  1.15192406e+02  3.22771652e+01  8.70843972e+00  2.26444482e+00  5.70724965e-01  1.40961707e-01  3.45929545e-02  8.63789858e-03  2.26947566e-03  6.53701097e-04  2.15252204e-04  8.32586690e-05  3.79053588e-05  1.99806473e-05  1.19093826e-05  7.84691686e-06  5.60622663e-06  4.27552053e-06  3.43684071e-06  2.88229144e-06  2.50125091e-06  2.23116150e-06  2.03489043e-06  1.88936373e-06  1.77969725e-06  1.69597633e-06  1.63138171e-06  1.58112548e-06  1.54175431e-06  1.51074236e-06  1.48620635e-06  1.46672378e-06  1.45121066e-06  1.43882834e-06  1.42892748e-06  1.42099832e-06  1.41464075e-06  1.40953834e-06  1.40543984e-06  1.40214595e-06  1.39949706e-06  1.39736621e-06  1.39565139e-06  1.39427106e-06  1.39315974e-06  1.39226481e-06  1.39154409e-06  1.39096354e-06  1.39049591e-06  1.39011918e-06  1.38981566e-06  1.38957113e-06  1.38937410e-06  1.38921536e-06  1.38908744e-06  1.38898437e-06  1.38890132e-06  1.38883439e-06  1.38878047e-06  1.38873701e-06  1.38870199e-06  1.38867378e-06  1.38865104e-06  1.38863271e-06  1.38861795e-06  1.38860605e-06  1.38859646e-06  1.38858873e-06  1.38858251e-06  1.38857749e-06  1.38857345e-06  1.38857019e-06  1.38856756e-06  1.38856545e-06  1.38856374e-06  1.38856237e-06  1.38856126e-06  1.38856037e-06  1.38855965e-06  1.38855907e-06  1.38855860e-06  1.38855823e-06  1.38855792e-06  1.38855768e-06  1.38855748e-06  1.38855732e-06  1.38855720e-06  1.38855709e-06  1.38855701e-06  1.38855694e-06  
25      0.96411088        0.883598301          0.177168579        5.72845974e+06  2.55911660e+06  1.07876257e+06  4.40197445e+05  1.73654545e+05  6.62436944e+04  2.43958606e+04  8.68217720e+03  2.98376401e+03  9.92740834e+02  3.19977200e+02  1.00294687e+02  3.08036652e+01  9.35241028e+00  2.85178788e+00  8.92560295e-01  2.95039353e-01  1.06519170e-01  4.33041259e-02  2.01343744e-02  1.06869540e-02  6.38155836e-03  4.20660735e-03  3.00573218e-03  2.29234378e-03  1.84269253e-03  1.54536852e-03  1.34107055e-03  1.19625959e-03  1.09102694e-03  1.01300136e-03  9.54202577e-04  9.09314769e-04  8.74681714e-04  8.47736331e-04  8.26627085e-04  8.09999716e-04  7.96844483e-04  7.86398711e-04  7.78081196e-04  7.71442288e-04  7.66133843e-04  7.61882544e-04  7.58473871e-04  7.55738160e-04  7.53540709e-04  7.51774657e-04  7.50354430e-04  7.49211948e-04  7.48292534e-04  7.47552453e-04  7.46956610e-04  7.46476781e-04  7.46090362e-04  7.45779097e-04  7.45528369e-04  7.45326381e-04  7.45163649e-04  7.45032542e-04  7.44926902e-04  7.44841790e-04  7.44773205e-04  7.44717944e-04  7.44673414e-04  7.44637532e-04  7.44608619e-04  7.44585319e-04  7.44566544e-04  7.44551415e-04  7.44539223e-04  7.44529399e-04  7.44521482e-04  7.44515103e-04  7.44509961e-04  7.44505819e-04  7.44502480e-04  7.44499790e-04  7.44497622e-04  7.44495875e-04  7.44494468e-04  7.44493333e-04  7.44492419e-04  7.44491682e-04  7.44491089e-04  7.44490610e-04  7.44490225e-04  7.44489914e-04  7.44489664e-04  7.44489462e-04  7.44489299e-04  7.44489168e-04  7.44489063e-04  7.44488978e-04  7.44488909e-04  7.44488854e-04  7.44488809e-04  7.44488774e-04  
26      1.15742288        1.06076688           0.212692307        6.54776465e+07  3.32837163e+07  1.61233285e+07  7.59944042e+06  3.48150770e+06  1.55039339e+06  6.70322158e+05  2.81562346e+05  1.14836095e+05  4.55588974e+04  1.75900298e+04  6.62697044e+03  2.44927698e+03  8.93247402e+02  3.24954303e+02  1.19620126e+02  4.54321608e+01  1.82452761e+01  7.95541594e+00  3.84234762e+00  2.07386363e+00  1.24586890e+00  8.22909260e-01  5.88367008e-01  4.48811928e-01  3.60798495e-01  3.02588712e-01  2.62588275e-01  2.34234179e-01  2.13629272e-01  1.98351509e-01  1.86838408e-01  1.78049134e-01  1.71267789e-01  1.65991732e-01  1.61858421e-01  1.58602687e-01  1.56026817e-01  1.53981474e-01  1.52352857e-01  1.51052920e-01  1.50013496e-01  1.49181067e-01  1.48513629e-01  1.47977961e-01  1.47547687e-01  1.47201884e-01  1.46923795e-01  1.46700090e-01  1.46520064e-01  1.46375152e-01  1.46258482e-01  1.46164529e-01  1.46088866e-01  1.46027918e-01  1.45978824e-01  1.45939274e-01  1.45907410e-01  1.45881738e-01  1.45861054e-01  1.45844388e-01  1.45830959e-01  1.45820138e-01  1.45811419e-01  1.45804393e-01  1.45798732e-01  1.45794170e-01  1.45790493e-01  1.45787531e-01  1.45785144e-01  1.45783220e-01  1.45781670e-01  1.45780421e-01  1.45779414e-01  1.45778603e-01  1.45777949e-01  1.45777423e-01  1.45776998e-01  1.45776656e-01  1.45776380e-01  1.45776158e-01  1.45775979e-01  1.45775835e-01  1.45775719e-01  1.45775625e-01  1.45775550e-01  1.45775489e-01  1.45775440e-01  1.45775400e-01  1.45775368e-01  1.45775343e-01  1.45775322e-01  1.45775305e-01  1.45775292e-01  1.45775281e-01  1.45775272e-01  1.45775265e-01  
27      1.38949549        1.27345919           0.255338828        4.35754902e+08  2.46962804e+08  1.34470537e+08  7.15466090e+07  3.71676833e+07  1.88512396e+07  9.32659294e+06  4.50292149e+06  2.12070743e+06  9.75501228e+05  4.38431437e+05  1.92897824e+05  8.34001500e+04  3.55763195e+04  1.50871921e+04  6.42222628e+03  2.78086121e+03  1.24624648e+03  5.90029256e+02  3.00681653e+02  1.67154144e+02  1.01804744e+02  6.76405804e+01  4.84774027e+01  3.70135207e+01  2.97658311e+01  2.49671001e+01  2.16678718e+01  1.93286834e+01  1.76286017e+01  1.63679806e+01  1.54179645e+01  1.46926949e+01  1.41331090e+01  1.36977339e+01  1.33566558e+01  1.30879939e+01  1.28754337e+01  1.27066523e+01  1.25722589e+01  1.24649880e+01  1.23792147e+01  1.23105225e+01  1.22554455e+01  1.22112420e+01  1.21757358e+01  1.21472000e+01  1.21242521e+01  1.21057919e+01  1.20909361e+01  1.20789779e+01  1.20693503e+01  1.20615973e+01  1.20553535e+01  1.20503241e+01  1.20462729e+01  1.20430092e+01  1.20403798e+01  1.20382613e+01  1.20365544e+01  1.20351792e+01  1.20340710e+01  1.20331781e+01  1.20324586e+01  1.20318788e+01  1.20314116e+01  1.20310351e+01  1.20307318e+01  1.20304873e+01  1.20302903e+01  1.20301316e+01  1.20300037e+01  1.20299006e+01  1.20298175e+01  1.20297506e+01  1.20296966e+01  1.20296532e+01  1.20296181e+01  1.20295899e+01  1.20295672e+01  1.20295488e+01  1.20295341e+01  1.20295222e+01  1.20295126e+01  1.20295048e+01  1.20294986e+01  1.20294936e+01  1.20294895e+01  1.20294863e+01  1.20294837e+01  1.20294815e+01  1.20294798e+01  1.20294785e+01  1.20294773e+01  1.20294765e+01  1.20294757e+01  1.20294752e+01  
28      1.66810054        1.52879802           0.306536321        1.84028440e+09  1.14310286e+09  6.86748198e+08  4.04620029e+08  2.33643550e+08  1.32212198e+08  7.32666361e+07  3.97708924e+07  2.11408471e+07  1.10143626e+07  5.62617567e+06  2.82153277e+06  1.39309481e+06  6.79100902e+05  3.28627738e+05  1.58916325e+05  7.75095603e+04  3.85955004e+04  1.99203102e+04  1.08205504e+04  6.27011243e+03  3.90958013e+03  2.62990915e+03  1.89637944e+03  1.45211718e+03  1.16934491e+03  9.81441906e+02  8.52005932e+02  7.60138894e+02  6.93332877e+02  6.43779331e+02  6.06427873e+02  5.77909270e+02  5.55903861e+02  5.38782101e+02  5.25368231e+02  5.14802083e+02  5.06442194e+02  4.99804022e+02  4.94518278e+02  4.90299244e+02  4.86925701e+02  4.84223968e+02  4.82057723e+02  4.80319146e+02  4.78922637e+02  4.77800285e+02  4.76897709e+02  4.76171643e+02  4.75587340e+02  4.75117006e+02  4.74738337e+02  4.74433397e+02  4.74187821e+02  4.73990006e+02  4.73830664e+02  4.73702296e+02  4.73598877e+02  4.73515556e+02  4.73448420e+02  4.73394330e+02  4.73350743e+02  4.73315623e+02  4.73287324e+02  4.73264520e+02  4.73246145e+02  4.73231337e+02  4.73219406e+02  4.73209791e+02  4.73202043e+02  4.73195799e+02  4.73190768e+02  4.73186714e+02  4.73183446e+02  4.73180814e+02  4.73178692e+02  4.73176982e+02  4.73175605e+02  4.73174494e+02  4.73173600e+02  4.73172879e+02  4.73172298e+02  4.73171830e+02  4.73171452e+02  4.73171148e+02  4.73170903e+02  4.73170706e+02  4.73170547e+02  4.73170419e+02  4.73170315e+02  4.73170232e+02  4.73170165e+02  4.73170111e+02  4.73170067e+02  4.73170032e+02  4.73170004e+02  4.73169981e+02  
29      2.00256814        1.83533434           0.367999323        5.30215008e+09  3.55774090e+09  2.32176901e+09  1.49050240e+09  9.40780400e+08  5.83746104e+08  3.55888666e+08  2.13214122e+08  1.25497965e+08  7.26176595e+07  4.13187072e+07  2.31416909e+07  1.27841050e+07  6.98027451e+06  3.78193673e+06  2.04281224e+06  1.10731662e+06  6.07536585e+05  3.41122381e+05  1.98312695e+05  1.20769461e+05  7.78028136e+04  5.34005577e+04  3.89577995e+04  3.00244326e+04  2.42621316e+04  2.04014832e+04  1.77287882e+04  1.58260611e+04  1.44397814e+04  1.34102805e+04  1.26336857e+04  1.20404413e+04  1.15825271e+04  1.12261524e+04  1.09469065e+04  1.07269170e+04  1.05528461e+04  1.04146160e+04  1.03045424e+04  1.02166791e+04  1.01464214e+04  1.00901536e+04  1.00450374e+04  1.00088276e+04  9.97974180e+03  9.95636580e+03  9.93756705e+03  9.92244456e+03  9.91027463e+03  9.90047842e+03  9.89259140e+03  9.88624002e+03  9.88112507e+03  9.87700491e+03  9.87368607e+03  9.87101238e+03  9.86885832e+03  9.86712287e+03  9.86572454e+03  9.86459791e+03  9.86369007e+03  9.86295858e+03  9.86236914e+03  9.86189417e+03  9.86151145e+03  9.86120303e+03  9.86095452e+03  9.86075425e+03  9.86059287e+03  9.86046283e+03  9.86035803e+03  9.86027359e+03  9.86020553e+03  9.86015070e+03  9.86010651e+03  9.86007090e+03  9.86004220e+03  9.86001908e+03  9.86000044e+03  9.85998543e+03  9.85997333e+03  9.85996358e+03  9.85995572e+03  9.85994938e+03  9.85994428e+03  9.85994017e+03  9.85993686e+03  9.85993419e+03  9.85993203e+03  9.85993030e+03  9.85992890e+03  9.85992778e+03  9.85992687e+03  9.85992614e+03  9.85992555e+03  9.85992507e+03  
30      2.40409918        2.20333366           0.441786153        1.10785482e+10  7.93213276e+09  5.54918356e+09  3.82886226e+09  2.60451092e+09  1.74633775e+09  1.15371882e+09  7.51042191e+08  4.81672980e+08  3.04471945e+08  1.89733562e+08  1.16647810e+08  7.08591235e+07  4.25964628e+07  2.54137891e+07  1.50991395e+07  8.97604835e+06  5.37204742e+06  3.26273053e+06  2.02855663e+06  1.30316478e+06  8.73041536e+05  6.15693972e+05  4.57232128e+05  3.56338728e+05  2.89915379e+05  2.44782543e+05  2.13239205e+05  1.90639181e+05  1.74102135e+05  1.61784913e+05  1.52474533e+05  1.45352208e+05  1.39849028e+05  1.35562986e+05  1.32202726e+05  1.29554458e+05  1.27458313e+05  1.25793380e+05  1.24467343e+05  1.23408714e+05  1.22562119e+05  1.21884044e+05  1.21340318e+05  1.20903906e+05  1.20553340e+05  1.20271582e+05  1.20044989e+05  1.19862704e+05  1.19716006e+05  1.19597919e+05  1.19502845e+05  1.19426282e+05  1.19364623e+05  1.19314956e+05  1.19274948e+05  1.19242717e+05  1.19216750e+05  1.19195830e+05  1.19178973e+05  1.19165392e+05  1.19154448e+05  1.19145630e+05  1.19138524e+05  1.19132798e+05  1.19128185e+05  1.19124467e+05  1.19121471e+05  1.19119057e+05  1.19117111e+05  1.19115543e+05  1.19114280e+05  1.19113262e+05  1.19112442e+05  1.19111781e+05  1.19111248e+05  1.19110819e+05  1.19110473e+05  1.19110194e+05  1.19109969e+05  1.19109788e+05  1.19109643e+05  1.19109525e+05  1.19109430e+05  1.19109354e+05  1.19109292e+05  1.19109243e+05  1.19109203e+05  1.19109171e+05  1.19109145e+05  1.19109124e+05  1.19109107e+05  1.19109093e+05  1.19109082e+05  1.19109074e+05  1.19109067e+05  1.19109061e+05  
31      2.88614044        2.64511981           0.530367836        1.76807298e+10  1.33671913e+10  9.91278595e+09  7.26643987e+09  5.26336680e+09  3.76658609e+09  2.66216205e+09  1.85833098e+09  1.28103422e+09  8.72312334e+08  5.86860623e+08  3.90303174e+08  2.56895387e+08  1.67536179e+08  1.08491295e+08  6.99355421e+07  4.50332183e+07  2.90966552e+07  1.89738133e+07  1.25679275e+07  8.51690177e+06  5.95235093e+06  4.33391287e+06  3.29320815e+06  2.60754446e+06  2.14418575e+06  1.82314841e+06  1.59554966e+06  1.43078361e+06  1.30931225e+06  1.21834322e+06  1.14930661e+06  1.09634054e+06  1.05532646e+06  1.02333134e+06  9.98216054e+05  9.78403777e+05  9.62710479e+05  9.50238630e+05  9.40300993e+05  9.32364537e+05  9.26016000e+05  9.20930101e+05  9.16851184e+05  9.13576862e+05  9.10946326e+05  9.08831919e+05  9.07131361e+05  9.05763249e+05  9.04662177e+05  9.03775821e+05  9.03062177e+05  9.02487464e+05  9.02024621e+05  9.01651786e+05  9.01351459e+05  9.01109509e+05  9.00914580e+05  9.00757531e+05  9.00630989e+05  9.00529034e+05  9.00446878e+05  9.00380681e+05  9.00327339e+05  9.00284356e+05  9.00249721e+05  9.00221810e+05  9.00199320e+05  9.00181196e+05  9.00166592e+05  9.00154823e+05  9.00145339e+05  9.00137697e+05  9.00131539e+05  9.00126576e+05  9.00122577e+05  9.00119354e+05  9.00116758e+05  9.00114665e+05  9.00112978e+05  9.00111619e+05  9.00110524e+05  9.00109642e+05  9.00108931e+05  9.00108358e+05  9.00107896e+05  9.00107524e+05  9.00107224e+05  9.00106982e+05  9.00106787e+05  9.00106631e+05  9.00106504e+05  9.00106402e+05  9.00106320e+05  9.00106254e+05  9.00106201e+05  9.00106158e+05  
32      3.46483486        3.17548765           0.636710861        2.25292608e+10  1.78242111e+10  1.38773516e+10  1.07006072e+10  8.16930479e+09  6.17393741e+09  4.61769725e+09  3.41789338e+09  2.50333330e+09  1.81462912e+09  1.30205377e+09  9.25195630e+08  6.51570259e+08  4.55203925e+08  3.15986893e+08  2.18354684e+08  1.50596676e+08  1.04006821e+08  7.22371433e+07  5.06972891e+07  3.61487883e+07  2.63625696e+07  1.98608364e+07  1.54928868e+07  1.25085378e+07  1.04316430e+07  8.95886073e+06  7.89573054e+06  7.11536651e+06  6.53394087e+06  6.09499543e+06  5.75982433e+06  5.50147076e+06  5.30069451e+06  5.14363321e+06  5.02007792e+06  4.92244793e+06  4.84501238e+06  4.78340945e+06  4.73428349e+06  4.69502419e+06  4.66360396e+06  4.63842262e+06  4.61822044e+06  4.60199899e+06  4.58896416e+06  4.57848504e+06  4.57005580e+06  4.56327365e+06  4.55781481e+06  4.55342014e+06  4.54988161e+06  4.54703182e+06  4.54473667e+06  4.54288781e+06  4.54139847e+06  4.54019860e+06  4.53923190e+06  4.53845306e+06  4.53782549e+06  4.53731986e+06  4.53691241e+06  4.53658411e+06  4.53631957e+06  4.53610639e+06  4.53593462e+06  4.53579620e+06  4.53568466e+06  4.53559477e+06  4.53552234e+06  4.53546398e+06  4.53541694e+06  4.53537904e+06  4.53534850e+06  4.53532389e+06  4.53530405e+06  4.53528807e+06  4.53527519e+06  4.53526481e+06  4.53525645e+06  4.53524971e+06  4.53524428e+06  4.53523990e+06  4.53523637e+06  4.53523353e+06  4.53523124e+06  4.53522939e+06  4.53522791e+06  4.53522671e+06  4.53522574e+06  4.53522497e+06  4.53522434e+06  4.53522383e+06  4.53522343e+06  4.53522310e+06  4.53522283e+06  4.53522262e+06  
33      4.15956216        3.81219851           0.764376519        2.38115443e+10  1.95611464e+10  1.58573382e+10  1.27525355e+10  1.01714028e+10  8.04470540e+09  6.30795389e+09  4.90330466e+09  3.77810834e+09  2.88599651e+09  2.18575600e+09  1.64186401e+09  1.22396719e+09  9.06161873e+08  6.67073716e+08  4.88980157e+08  3.57609943e+08  2.61578192e+08  1.91976613e+08  1.41872069e+08  1.06005796e+08  8.05236309e+07  6.27680624e+07  5.03295533e+07  4.15194762e+07  3.52000625e+07  3.06058607e+07  2.72219968e+07  2.46977926e+07  2.27928768e+07  2.13401779e+07  2.02220645e+07  1.93548198e+07  1.86775298e+07  1.81456482e+07  1.77259484e+07  1.73935107e+07  1.71293254e+07  1.69188365e+07  1.67507740e+07  1.66163331e+07  1.65086538e+07  1.64223022e+07  1.63529906e+07  1.62973139e+07  1.62525601e+07  1.62165716e+07  1.61876168e+07  1.61643159e+07  1.61455588e+07  1.61304566e+07  1.61182954e+07  1.61085006e+07  1.61006116e+07  1.60942564e+07  1.60891368e+07  1.60850122e+07  1.60816890e+07  1.60790115e+07  1.60768541e+07  1.60751158e+07  1.60737150e+07  1.60725864e+07  1.60716769e+07  1.60709440e+07  1.60703535e+07  1.60698776e+07  1.60694941e+07  1.60691851e+07  1.60689361e+07  1.60687354e+07  1.60685737e+07  1.60684434e+07  1.60683384e+07  1.60682538e+07  1.60681856e+07  1.60681306e+07  1.60680864e+07  1.60680507e+07  1.60680219e+07  1.60679987e+07  1.60679801e+07  1.60679650e+07  1.60679529e+07  1.60679431e+07  1.60679353e+07  1.60679289e+07  1.60679238e+07  1.60679197e+07  1.60679164e+07  1.60679137e+07  1.60679115e+07  1.60679098e+07  1.60679084e+07  1.60679073e+07  1.60679063e+07  1.60679056e+07  
34      4.99358789        4.57657503           0.91764017         2.15746003e+10  1.82795734e+10  1.53188463e+10  1.27539714e+10  1.05469693e+10  8.66170341e+09  7.06302233e+09  5.71815668e+09  4.59585580e+09  3.66732773e+09  2.90564029e+09  2.28639672e+09  1.78762853e+09  1.38949713e+09  1.07471318e+09  8.28048597e+08  6.36495989e+08  4.89016303e+08  3.76422011e+08  2.91081209e+08  2.26824430e+08  1.78911622e+08  1.44063711e+08  1.18691743e+08  1.00100017e+08  8.63678872e+07  7.61340185e+07  6.84387209e+07  6.25998114e+07  5.81318132e+07  5.46859744e+07  5.20096377e+07  4.99186399e+07  4.82760866e+07  4.69801345e+07  4.59536825e+07  4.51382092e+07  4.44885964e+07  4.39700249e+07  4.35553353e+07  4.32231915e+07  4.29569001e+07  4.27431821e+07  4.25715269e+07  4.24335680e+07  4.23226279e+07  4.22333857e+07  4.21615660e+07  4.21037573e+07  4.20572132e+07  4.20197332e+07  4.19895486e+07  4.19652353e+07  4.19456515e+07  4.19298740e+07  4.19171635e+07  4.19069228e+07  4.18986717e+07  4.18920237e+07  4.18866668e+07  4.18823506e+07  4.18788724e+07  4.18760699e+07  4.18738115e+07  4.18719917e+07  4.18705253e+07  4.18693436e+07  4.18683914e+07  4.18676240e+07  4.18670057e+07  4.18665074e+07  4.18661058e+07  4.18657823e+07  4.18655215e+07  4.18653114e+07  4.18651421e+07  4.18650056e+07  4.18648957e+07  4.18648071e+07  4.18647357e+07  4.18646781e+07  4.18646318e+07  4.18645944e+07  4.18645643e+07  4.18645400e+07  4.18645205e+07  4.18645047e+07  4.18644920e+07  4.18644818e+07  4.18644735e+07  4.18644669e+07  4.18644615e+07  4.18644572e+07  4.18644537e+07  4.18644509e+07  4.18644487e+07  4.18644469e+07  
35      5.9948425         5.4942152            1.10163442         1.72406417e+10  1.49788006e+10  1.28966986e+10  1.10453782e+10  9.40808527e+09  7.96851052e+09  6.71025288e+09  5.61760119e+09  4.67501509e+09  3.86765824e+09  3.18105723e+09  2.60156200e+09  2.11632713e+09  1.71318182e+09  1.38101784e+09  1.10952276e+09  8.89428584e+08  7.12430880e+08  5.71235147e+08  4.59419517e+08  3.71493947e+08  3.03122312e+08  2.51478862e+08  2.12557789e+08  1.83141302e+08  1.60815093e+08  1.43781375e+08  1.30714376e+08  1.20631671e+08  1.12807768e+08  1.06703880e+08  1.01918137e+08  9.81501907e+07  9.51717694e+07  9.28098972e+07  9.09315080e+07  8.94342566e+07  8.82383408e+07  8.72816073e+07  8.65151977e+07  8.59004838e+07  8.54070896e+07  8.50107445e+07  8.46921722e+07  8.44359848e+07  8.42298726e+07  8.40640085e+07  8.39304839e+07  8.38229815e+07  8.37364094e+07  8.36666852e+07  8.36105254e+07  8.35652847e+07  8.35288411e+07  8.34994788e+07  8.34758230e+07  8.34567629e+07  8.34414054e+07  8.34290312e+07  8.34190600e+07  8.34110257e+07  8.34045514e+07  8.33993346e+07  8.33951307e+07  8.33917431e+07  8.33890134e+07  8.33868136e+07  8.33850410e+07  8.33836126e+07  8.33824615e+07  8.33815339e+07  8.33807864e+07  8.33801841e+07  8.33796987e+07  8.33793076e+07  8.33789924e+07  8.33787384e+07  8.33785337e+07  8.33783687e+07  8.33782358e+07  8.33781287e+07  8.33780424e+07  8.33779728e+07  8.33779168e+07  8.33778716e+07  8.33778352e+07  8.33778059e+07  8.33777822e+07  8.33777632e+07  8.33777478e+07  8.33777355e+07  8.33777255e+07  8.33777175e+07  8.33777110e+07  8.33777058e+07  8.33777016e+07  8.33776982e+07  
36      7.19685673        6.59584962           1.322521           1.24487977e+10  1.10362375e+10  9.71148750e+09  8.50958871e+09  7.42372126e+09  6.44718192e+09  5.57308572e+09  4.79474193e+09  4.10537059e+09  3.49833311e+09  2.96694686e+09  2.50471885e+09  2.10531821e+09  1.76251068e+09  1.47038790e+09  1.22321438e+09  1.01560985e+09  8.42520563e+08  6.99295276e+08  5.81621123e+08  4.85626875e+08  4.08255457e+08  3.47873942e+08  3.00972314e+08  2.64538656e+08  2.36203151e+08  2.14117425e+08  1.96858775e+08  1.83330072e+08  1.72691680e+08  1.64299352e+08  1.57658518e+08  1.52390105e+08  1.48199587e+08  1.44859559e+08  1.42192212e+08  1.40058895e+08  1.38350267e+08  1.36980320e+08  1.35880929e+08  1.34997866e+08  1.34288250e+08  1.33717671e+08  1.33258702e+08  1.32889385e+08  1.32592108e+08  1.32352785e+08  1.32160063e+08  1.32004859e+08  1.31879847e+08  1.31779146e+08  1.31698026e+08  1.31632670e+08  1.31580018e+08  1.31537593e+08  1.31503412e+08  1.31475870e+08  1.31453678e+08  1.31435796e+08  1.31421386e+08  1.31409775e+08  1.31400418e+08  1.31392879e+08  1.31386803e+08  1.31381907e+08  1.31377962e+08  1.31374783e+08  1.31372221e+08  1.31370157e+08  1.31368493e+08  1.31367153e+08  1.31366072e+08  1.31365202e+08  1.31364500e+08  1.31363935e+08  1.31363479e+08  1.31363112e+08  1.31362816e+08  1.31362578e+08  1.31362386e+08  1.31362231e+08  1.31362106e+08  1.31362006e+08  1.31361925e+08  1.31361859e+08  1.31361807e+08  1.31361764e+08  1.31361730e+08  1.31361703e+08  1.31361681e+08  1.31361663e+08  1.31361648e+08  1.31361637e+08  1.31361627e+08  1.31361620e+08  1.31361614e+08  1.31361609e+08  
37      8.63988449        7.91837061           1.58769711         8.28803556e+09  7.46701175e+09  6.68614972e+09  5.96681283e+09  5.30629373e+09  4.70194007e+09  4.15100810e+09  3.65082922e+09  3.19867487e+09  2.79183488e+09  2.42753094e+09  2.10301571e+09  1.81553925e+09  1.56231944e+09  1.34064271e+09  1.14777942e+09  9.81079294e+08  8.37951343e+08  7.15914848e+08  6.12560926e+08  5.25635605e+08  4.53435658e+08  3.95510682e+08  3.49340469e+08  3.12615356e+08  2.83437836e+08  2.60262579e+08  2.41851192e+08  2.27211983e+08  2.15559911e+08  2.06273421e+08  1.98861957e+08  1.92940117e+08  1.88202083e+08  1.84407356e+08  1.81364879e+08  1.78923635e+08  1.76963246e+08  1.75388053e+08  1.74121756e+08  1.73103211e+08  1.72283782e+08  1.71624295e+08  1.71093413e+08  1.70665972e+08  1.70321745e+08  1.70044516e+08  1.69821199e+08  1.69641311e+08  1.69496387e+08  1.69379629e+08  1.69285559e+08  1.69209763e+08  1.69148695e+08  1.69099486e+08  1.69059836e+08  1.69027886e+08  1.69002140e+08  1.68981395e+08  1.68964677e+08  1.68951206e+08  1.68940351e+08  1.68931603e+08  1.68924554e+08  1.68918874e+08  1.68914297e+08  1.68910608e+08  1.68907635e+08  1.68905240e+08  1.68903310e+08  1.68901754e+08  1.68900501e+08  1.68899491e+08  1.68898677e+08  1.68898021e+08  1.68897492e+08  1.68897067e+08  1.68896723e+08  1.68896447e+08  1.68896224e+08  1.68896044e+08  1.68895899e+08  1.68895783e+08  1.68895689e+08  1.68895613e+08  1.68895552e+08  1.68895503e+08  1.68895463e+08  1.68895431e+08  1.68895405e+08  1.68895385e+08  1.68895368e+08  1.68895355e+08  1.68895344e+08  1.68895335e+08  1.68895328e+08  1.68895322e+08  
38      10.372251         9.50606772           1.90604318         5.17285819e+09  4.72049724e+09  4.28578333e+09  3.88076582e+09  3.50434576e+09  3.15546000e+09  2.83301602e+09  2.53596259e+09  2.26323332e+09  2.01376523e+09  1.78646585e+09  1.58025087e+09  1.39401706e+09  1.22663428e+09  1.07697876e+09  9.43891819e+08  8.26219729e+08  7.22797449e+08  6.32473007e+08  5.54081309e+08  4.86494391e+08  4.28956877e+08  3.81728344e+08  3.43264653e+08  3.12053766e+08  2.86804516e+08  2.66422708e+08  2.49997983e+08  2.36775320e+08  2.26137993e+08  2.17583103e+08  2.10703310e+08  2.05170996e+08  2.00721076e+08  1.97141447e+08  1.94261088e+08  1.91943065e+08  1.90077158e+08  1.88574907e+08  1.87365323e+08  1.86391149e+08  1.85606583e+08  1.84974609e+08  1.84465525e+08  1.84055407e+08  1.83724983e+08  1.83458775e+08  1.83244274e+08  1.83071449e+08  1.82932188e+08  1.82819974e+08  1.82729556e+08  1.82656695e+08  1.82597986e+08  1.82550675e+08  1.82512552e+08  1.82481832e+08  1.82457076e+08  1.82437128e+08  1.82421052e+08  1.82408098e+08  1.82397659e+08  1.82389247e+08  1.82382469e+08  1.82377006e+08  1.82372604e+08  1.82369057e+08  1.82366198e+08  1.82363895e+08  1.82362039e+08  1.82360543e+08  1.82359337e+08  1.82358366e+08  1.82357583e+08  1.82356952e+08  1.82356444e+08  1.82356034e+08  1.82355704e+08  1.82355438e+08  1.82355224e+08  1.82355051e+08  1.82354912e+08  1.82354800e+08  1.82354710e+08  1.82354637e+08  1.82354578e+08  1.82354531e+08  1.82354493e+08  1.82354462e+08  1.82354437e+08  1.82354417e+08  1.82354401e+08  1.82354388e+08  1.82354378e+08  1.82354369e+08  1.82354362e+08  1.82354357e+08  
39      12.4519708        11.4121109           2.28822019         3.06738747e+09  2.82770819e+09  2.59563761e+09  2.37762960e+09  2.17321585e+09  1.98195032e+09  1.80338194e+09  1.63708402e+09  1.48263329e+09  1.33960990e+09  1.20758818e+09  1.08615001e+09  9.74867179e+08  8.73303282e+08  7.81020157e+08  6.97560900e+08  6.22463666e+08  5.55250643e+08  4.95437536e+08  4.42516782e+08  3.95983949e+08  3.55582764e+08  3.21804334e+08  2.93809654e+08  2.70720425e+08  2.51760863e+08  2.36249453e+08  2.23599466e+08  2.13308531e+08  2.04954505e+08  1.98183764e+08  1.92703059e+08  1.88271397e+08  1.84690363e+08  1.81798685e+08  1.79464577e+08  1.77581278e+08  1.76062119e+08  1.74836900e+08  1.73848994e+08  1.73052461e+08  1.72410356e+08  1.71892742e+08  1.71475524e+08  1.71139250e+08  1.70868214e+08  1.70649784e+08  1.70473735e+08  1.70331862e+08  1.70217523e+08  1.70125380e+08  1.70051125e+08  1.69991284e+08  1.69943062e+08  1.69904200e+08  1.69872884e+08  1.69847647e+08  1.69827310e+08  1.69810922e+08  1.69797714e+08  1.69787072e+08  1.69778496e+08  1.69771585e+08  1.69766015e+08  1.69761527e+08  1.69757911e+08  1.69754996e+08  1.69752648e+08  1.69750755e+08  1.69749230e+08  1.69748001e+08  1.69747011e+08  1.69746213e+08  1.69745569e+08  1.69745051e+08  1.69744633e+08  1.69744297e+08  1.69744026e+08  1.69743807e+08  1.69743631e+08  1.69743489e+08  1.69743375e+08  1.69743283e+08  1.69743208e+08  1.69743148e+08  1.69743100e+08  1.69743061e+08  1.69743030e+08  1.69743005e+08  1.69742984e+08  1.69742968e+08  1.69742955e+08  1.69742944e+08  1.69742936e+08  1.69742929e+08  1.69742923e+08  1.69742919e+08  
40      14.9486913        13.7003311           2.74702678         1.74654598e+09  1.62308635e+09  1.50289790e+09  1.38932028e+09  1.28214366e+09  1.18117071e+09  1.08620563e+09  9.97066254e+08  9.13577187e+08  8.35565999e+08  7.62862376e+08  6.95302533e+08  6.32719103e+08  5.74945475e+08  5.21814264e+08  4.73151674e+08  4.28781311e+08  3.88517840e+08  3.52170134e+08  3.19531598e+08  2.90393172e+08  2.64703882e+08  2.42913640e+08  2.24603617e+08  2.09305123e+08  1.96592089e+08  1.86078134e+08  1.77420358e+08  1.70316782e+08  1.64507281e+08  1.59768710e+08  1.55912172e+08  1.52779442e+08  1.50238289e+08  1.48179757e+08  1.46513772e+08  1.45166614e+08  1.44078012e+08  1.43198745e+08  1.42488945e+08  1.41916102e+08  1.41453950e+08  1.41081159e+08  1.40780518e+08  1.40538104e+08  1.40342654e+08  1.40185096e+08  1.40058083e+08  1.39955708e+08  1.39873190e+08  1.39806683e+08  1.39753083e+08  1.39709884e+08  1.39675071e+08  1.39647013e+08  1.39624402e+08  1.39606181e+08  1.39591496e+08  1.39579663e+08  1.39570126e+08  1.39562442e+08  1.39556248e+08  1.39551258e+08  1.39547236e+08  1.39543995e+08  1.39541384e+08  1.39539279e+08  1.39537583e+08  1.39536217e+08  1.39535115e+08  1.39534228e+08  1.39533513e+08  1.39532936e+08  1.39532472e+08  1.39532098e+08  1.39531796e+08  1.39531553e+08  1.39531357e+08  1.39531199e+08  1.39531072e+08  1.39530970e+08  1.39530887e+08  1.39530821e+08  1.39530767e+08  1.39530724e+08  1.39530689e+08  1.39530661e+08  1.39530638e+08  1.39530620e+08  1.39530605e+08  1.39530593e+08  1.39530584e+08  1.39530576e+08  1.39530570e+08  1.39530565e+08  1.39530561e+08  1.39530558e+08  
41      17.9460244        16.4473579           3.29782778         9.62944977e+08  9.00617888e+08  8.39708497e+08  7.81905500e+08  7.27111300e+08  6.75234883e+08  6.26187402e+08  5.79887211e+08  5.36257953e+08  4.95225226e+08  4.56717776e+08  4.20668873e+08  3.87010851e+08  3.55678891e+08  3.26608301e+08  2.99733260e+08  2.74987423e+08  2.52300641e+08  2.31599841e+08  2.12803901e+08  1.95829914e+08  1.80690080e+08  1.67705811e+08  1.56679025e+08  1.47373133e+08  1.39567874e+08  1.33057980e+08  1.27656450e+08  1.23194590e+08  1.19524013e+08  1.16514825e+08  1.14055140e+08  1.12049711e+08  1.10417951e+08  1.09092689e+08  1.08017861e+08  1.07147187e+08  1.06442610e+08  1.05872838e+08  1.05412440e+08  1.05040590e+08  1.04740397e+08  1.04498120e+08  1.04302653e+08  1.04144988e+08  1.04017834e+08  1.03915310e+08  1.03832647e+08  1.03766010e+08  1.03712291e+08  1.03668992e+08  1.03634094e+08  1.03605965e+08  1.03583295e+08  1.03565024e+08  1.03550300e+08  1.03538433e+08  1.03528870e+08  1.03521163e+08  1.03514952e+08  1.03509948e+08  1.03505914e+08  1.03502664e+08  1.03500045e+08  1.03497934e+08  1.03496233e+08  1.03494862e+08  1.03493758e+08  1.03492868e+08  1.03492150e+08  1.03491572e+08  1.03491106e+08  1.03490731e+08  1.03490429e+08  1.03490185e+08  1.03489988e+08  1.03489830e+08  1.03489703e+08  1.03489600e+08  1.03489517e+08  1.03489450e+08  1.03489396e+08  1.03489353e+08  1.03489318e+08  1.03489290e+08  1.03489267e+08  1.03489249e+08  1.03489234e+08  1.03489222e+08  1.03489213e+08  1.03489205e+08  1.03489199e+08  1.03489194e+08  1.03489190e+08  1.03489187e+08  1.03489184e+08  1.03489182e+08  
42      21.5443469        19.7451857           3.95906882         5.17472400e+08  4.86452558e+08  4.56055904e+08  4.27123137e+08  3.99607861e+08  3.73466988e+08  3.48658973e+08  3.25145917e+08  3.02893200e+08  2.81867312e+08  2.62037073e+08  2.43374018e+08  2.25849567e+08  2.09437568e+08  1.94112205e+08  1.79848078e+08  1.66620007e+08  1.54401431e+08  1.43164594e+08  1.32877962e+08  1.23509239e+08  1.15080312e+08  1.07791712e+08  1.01552466e+08  9.62470239e+07  9.17657262e+07  8.80040288e+07  8.48645904e+07  8.22578388e+07  8.01036259e+07  7.83306206e+07  7.68765076e+07  7.56875326e+07  7.47177657e+07  7.39285662e+07  7.32874348e+07  7.27673589e+07  7.23460244e+07  7.20049810e+07  7.17291960e+07  7.15063182e+07  7.13262969e+07  7.11809470e+07  7.10636401e+07  7.09689951e+07  7.08926492e+07  7.08310810e+07  7.07814326e+07  7.07414054e+07  7.07091355e+07  7.06831226e+07  7.06621554e+07  7.06452546e+07  7.06316336e+07  7.06206548e+07  7.06118070e+07  7.06046763e+07  7.05989296e+07  7.05942984e+07  7.05905660e+07  7.05875584e+07  7.05851346e+07  7.05831813e+07  7.05816073e+07  7.05803388e+07  7.05793166e+07  7.05784929e+07  7.05778291e+07  7.05772942e+07  7.05768631e+07  7.05765157e+07  7.05762358e+07  7.05760102e+07  7.05758284e+07  7.05756819e+07  7.05755639e+07  7.05754688e+07  7.05753921e+07  7.05753303e+07  7.05752806e+07  7.05752404e+07  7.05752081e+07  7.05751821e+07  7.05751611e+07  7.05751442e+07  7.05751305e+07  7.05751195e+07  7.05751107e+07  7.05751036e+07  7.05750978e+07  7.05750932e+07  7.05750894e+07  7.05750864e+07  7.05750840e+07  7.05750821e+07  7.05750805e+07  7.05750792e+07  
43      25.8641621        23.7042545           4.75289403         2.72442928e+08  2.57158601e+08  2.42152752e+08  2.27839529e+08  2.14196633e+08  2.01203394e+08  1.88840049e+08  1.77088634e+08  1.65933021e+08  1.55357659e+08  1.45348414e+08  1.35892649e+08  1.26977792e+08  1.18592850e+08  1.10727103e+08  1.03370428e+08  9.65130245e+07  9.01446555e+07  8.42546486e+07  7.88306386e+07  7.38600175e+07  6.93596840e+07  6.54446276e+07  6.20735408e+07  5.91909510e+07  5.67434166e+07  5.46790461e+07  5.29486655e+07  5.15063038e+07  5.03102684e+07  4.93229634e+07  4.85111792e+07  4.78459686e+07  4.73024093e+07  4.68593822e+07  4.64990191e+07  4.62063887e+07  4.59691141e+07  4.57769170e+07  4.56214070e+07  4.54956724e+07  4.53940750e+07  4.53120187e+07  4.52457770e+07  4.51923213e+07  4.51491940e+07  4.51144099e+07  4.50863572e+07  4.50637388e+07  4.50455027e+07  4.50308016e+07  4.50189516e+07  4.50093995e+07  4.50017007e+07  4.49954953e+07  4.49904942e+07  4.49864636e+07  4.49832153e+07  4.49805975e+07  4.49784877e+07  4.49767876e+07  4.49754175e+07  4.49743134e+07  4.49734236e+07  4.49727066e+07  4.49721288e+07  4.49716631e+07  4.49712879e+07  4.49709855e+07  4.49707418e+07  4.49705455e+07  4.49703872e+07  4.49702597e+07  4.49701570e+07  4.49700741e+07  4.49700074e+07  4.49699536e+07  4.49699103e+07  4.49698754e+07  4.49698473e+07  4.49698246e+07  4.49698063e+07  4.49697916e+07  4.49697797e+07  4.49697701e+07  4.49697624e+07  4.49697562e+07  4.49697512e+07  4.49697472e+07  4.49697439e+07  4.49697413e+07  4.49697392e+07  4.49697375e+07  4.49697361e+07  4.49697350e+07  4.49697342e+07  4.49697334e+07  
44      31.050135         28.4571485           5.70588758         1.41099368e+08  1.33621114e+08  1.26269309e+08  1.19246513e+08  1.12541962e+08  1.06145684e+08  1.00048195e+08  9.42408912e+07  8.87161362e+07  8.34665843e+07  7.84856717e+07  7.37676218e+07  6.93067305e+07  6.50982011e+07  6.11374105e+07  5.74201730e+07  5.39425446e+07  5.07004665e+07  4.76897351e+07  4.49053983e+07  4.23424548e+07  4.00114228e+07  3.79746839e+07  3.62134767e+07  3.47013634e+07  3.34125802e+07  3.23217488e+07  3.14044869e+07  3.06377196e+07  3.00003026e+07  2.94729760e+07  2.90385831e+07  2.86820496e+07  2.83903228e+07  2.81522815e+07  2.79584739e+07  2.78009698e+07  2.76731789e+07  2.75696100e+07  2.74857747e+07  2.74179681e+07  2.73631621e+07  2.73188869e+07  2.72831379e+07  2.72542850e+07  2.72310039e+07  2.72122249e+07  2.71970788e+07  2.71848660e+07  2.71750189e+07  2.71670803e+07  2.71606811e+07  2.71555226e+07  2.71513650e+07  2.71480137e+07  2.71453128e+07  2.71431360e+07  2.71413817e+07  2.71399678e+07  2.71388284e+07  2.71379102e+07  2.71371702e+07  2.71365739e+07  2.71360933e+07  2.71357061e+07  2.71353940e+07  2.71351425e+07  2.71349398e+07  2.71347765e+07  2.71346449e+07  2.71345388e+07  2.71344534e+07  2.71343845e+07  2.71343290e+07  2.71342843e+07  2.71342482e+07  2.71342192e+07  2.71341958e+07  2.71341769e+07  2.71341617e+07  2.71341495e+07  2.71341396e+07  2.71341317e+07  2.71341253e+07  2.71341201e+07  2.71341159e+07  2.71341126e+07  2.71341099e+07  2.71341077e+07  2.71341059e+07  2.71341045e+07  2.71341034e+07  2.71341025e+07  2.71341017e+07  2.71341011e+07  2.71341007e+07  2.71341003e+07  
45      37.2759372        34.1630361           6.84996401         7.21144340e+07  6.84734321e+07  6.48906598e+07  6.14647044e+07  5.81903637e+07  5.50628179e+07  5.20774998e+07  4.92302682e+07  4.65174762e+07  4.39356198e+07  4.14816054e+07  3.91527405e+07  3.69463811e+07  3.48603721e+07  3.28926560e+07  3.10414408e+07  2.93050824e+07  2.76819180e+07  2.61702412e+07  2.47680134e+07  2.34732019e+07  2.22917294e+07  2.12561972e+07  2.03580280e+07  1.95846436e+07  1.89236809e+07  1.83628280e+07  1.78901317e+07  1.74941752e+07  1.71644155e+07  1.68911769e+07  1.66657860e+07  1.64805768e+07  1.63288834e+07  1.62050031e+07  1.61040735e+07  1.60220025e+07  1.59553833e+07  1.59013702e+07  1.58576348e+07  1.58222524e+07  1.57936478e+07  1.57705353e+07  1.57518712e+07  1.57368057e+07  1.57246485e+07  1.57148415e+07  1.57069313e+07  1.57005527e+07  1.56954095e+07  1.56912631e+07  1.56879206e+07  1.56852261e+07  1.56830543e+07  1.56813037e+07  1.56798929e+07  1.56787558e+07  1.56778394e+07  1.56771008e+07  1.56765056e+07  1.56760259e+07  1.56756394e+07  1.56753279e+07  1.56750768e+07  1.56748745e+07  1.56747115e+07  1.56745801e+07  1.56744743e+07  1.56743890e+07  1.56743202e+07  1.56742648e+07  1.56742202e+07  1.56741842e+07  1.56741552e+07  1.56741318e+07  1.56741130e+07  1.56740978e+07  1.56740856e+07  1.56740758e+07  1.56740678e+07  1.56740614e+07  1.56740563e+07  1.56740521e+07  1.56740488e+07  1.56740461e+07  1.56740439e+07  1.56740421e+07  1.56740407e+07  1.56740396e+07  1.56740387e+07  1.56740379e+07  1.56740373e+07  1.56740369e+07  1.56740365e+07  1.56740362e+07  1.56740359e+07  1.56740357e+07  
46      44.750063         41.0130001           8.22343699         3.64640478e+07  3.46973830e+07  3.29578432e+07  3.12932504e+07  2.97010907e+07  2.81790345e+07  2.67248794e+07  2.53366287e+07  2.40125331e+07  2.27509128e+07  2.15502970e+07  2.04094152e+07  1.93270249e+07  1.83021366e+07  1.73338130e+07  1.64212635e+07  1.55637802e+07  1.47606592e+07  1.40111857e+07  1.33144956e+07  1.26697391e+07  1.20800699e+07  1.15620972e+07  1.11118639e+07  1.07233803e+07  1.03907221e+07  1.01079410e+07  9.86921728e+06  9.66895419e+06  9.50195426e+06  9.36342100e+06  9.24903509e+06  9.15496231e+06  9.07785846e+06  9.01485422e+06  8.96349711e+06  8.92171876e+06  8.88779483e+06  8.86028239e+06  8.83800003e+06  8.81997010e+06  8.80539168e+06  8.79361090e+06  8.78409653e+06  8.77641601e+06  8.77021776e+06  8.76521750e+06  8.76118418e+06  8.75793172e+06  8.75530911e+06  8.75319472e+06  8.75149024e+06  8.75011619e+06  8.74900870e+06  8.74811598e+06  8.74739649e+06  8.74681661e+06  8.74634927e+06  8.74597263e+06  8.74566908e+06  8.74542447e+06  8.74522734e+06  8.74506848e+06  8.74494046e+06  8.74483729e+06  8.74475415e+06  8.74468715e+06  8.74463316e+06  8.74458965e+06  8.74455459e+06  8.74452634e+06  8.74450357e+06  8.74448522e+06  8.74447044e+06  8.74445852e+06  8.74444892e+06  8.74444118e+06  8.74443495e+06  8.74442992e+06  8.74442587e+06  8.74442261e+06  8.74441998e+06  8.74441786e+06  8.74441616e+06  8.74441478e+06  8.74441367e+06  8.74441278e+06  8.74441206e+06  8.74441148e+06  8.74441101e+06  8.74441063e+06  8.74441033e+06  8.74441008e+06  8.74440989e+06  8.74440973e+06  8.74440960e+06  8.74440950e+06  
47      53.7228112        49.2364371           9.87230237         1.82779265e+07  1.74227577e+07  1.65803387e+07  1.57738126e+07  1.50019654e+07  1.42636719e+07  1.35578698e+07  1.28835960e+07  1.22400096e+07  1.16263034e+07  1.10417745e+07  1.04858190e+07  9.95784775e+06  9.45739981e+06  8.98404068e+06  8.53741322e+06  8.11720406e+06  7.72310647e+06  7.35481178e+06  7.01194368e+06  6.69413685e+06  6.40301395e+06  6.14689043e+06  5.92392359e+06  5.73125591e+06  5.56604800e+06  5.42543204e+06  5.30658620e+06  5.20678337e+06  5.12348062e+06  5.05432184e+06  4.99717830e+06  4.95015444e+06  4.91159335e+06  4.88007040e+06  4.85436583e+06  4.83344932e+06  4.81646112e+06  4.80268084e+06  4.79151837e+06  4.78248503e+06  4.77518014e+06  4.76927655e+06  4.76450837e+06  4.76065901e+06  4.75755240e+06  4.75504614e+06  4.75302448e+06  4.75139418e+06  4.75007956e+06  4.74901968e+06  4.74816526e+06  4.74747648e+06  4.74692131e+06  4.74647380e+06  4.74611313e+06  4.74582244e+06  4.74558816e+06  4.74539935e+06  4.74524718e+06  4.74512456e+06  4.74502573e+06  4.74494610e+06  4.74488192e+06  4.74483020e+06  4.74478852e+06  4.74475494e+06  4.74472787e+06  4.74470606e+06  4.74468848e+06  4.74467432e+06  4.74466291e+06  4.74465371e+06  4.74464630e+06  4.74464032e+06  4.74463551e+06  4.74463163e+06  4.74462851e+06  4.74462599e+06  4.74462396e+06  4.74462232e+06  4.74462100e+06  4.74461994e+06  4.74461909e+06  4.74461840e+06  4.74461784e+06  4.74461739e+06  4.74461703e+06  4.74461674e+06  4.74461651e+06  4.74461632e+06  4.74461617e+06  4.74461604e+06  4.74461594e+06  4.74461586e+06  4.74461580e+06  4.74461575e+06  
48      64.4946677        59.1087394           11.8517785         9.09719114e+06  8.68392557e+06  8.27669353e+06  7.88667717e+06  7.51329066e+06  7.15599078e+06  6.81426534e+06  6.48764985e+06  6.17573973e+06  5.87814654e+06  5.59453349e+06  5.32461218e+06  5.06810177e+06  4.82478522e+06  4.59445876e+06  4.37695814e+06  4.17214151e+06  3.97987186e+06  3.80001242e+06  3.63239532e+06  3.47685948e+06  3.33422181e+06  3.20859557e+06  3.09911571e+06  3.00441619e+06  2.92313524e+06  2.85389150e+06  2.79532021e+06  2.74609778e+06  2.70498638e+06  2.67083587e+06  2.64260465e+06  2.61936315e+06  2.60029758e+06  2.58470718e+06  2.57199124e+06  2.56164177e+06  2.55323461e+06  2.54641402e+06  2.54088850e+06  2.53641650e+06  2.53279990e+06  2.52987689e+06  2.52751593e+06  2.52560984e+06  2.52407149e+06  2.52283039e+06  2.52182925e+06  2.52102189e+06  2.52037087e+06  2.51984598e+06  2.51942285e+06  2.51908174e+06  2.51880679e+06  2.51858517e+06  2.51840655e+06  2.51826258e+06  2.51814656e+06  2.51805305e+06  2.51797769e+06  2.51791696e+06  2.51786802e+06  2.51782858e+06  2.51779679e+06  2.51777118e+06  2.51775054e+06  2.51773390e+06  2.51772050e+06  2.51770970e+06  2.51770099e+06  2.51769398e+06  2.51768833e+06  2.51768377e+06  2.51768010e+06  2.51767714e+06  2.51767476e+06  2.51767284e+06  2.51767129e+06  2.51767004e+06  2.51766904e+06  2.51766823e+06  2.51766757e+06  2.51766705e+06  2.51766662e+06  2.51766628e+06  2.51766601e+06  2.51766578e+06  2.51766561e+06  2.51766546e+06  2.51766535e+06  2.51766525e+06  2.51766518e+06  2.51766512e+06  2.51766507e+06  2.51766503e+06  2.51766500e+06  2.51766497e+06  
49      77.4263683        70.960518            14.2281556         4.50161059e+06  4.30212753e+06  4.10551396e+06  3.91716681e+06  3.73680354e+06  3.56416212e+06  3.39899564e+06  3.24108015e+06  3.09022091e+06  2.94623094e+06  2.80894856e+06  2.67823565e+06  2.55395789e+06  2.43601235e+06  2.32430269e+06  2.21875237e+06  2.11929606e+06  2.02587134e+06  1.93841632e+06  1.85685462e+06  1.78111367e+06  1.71159889e+06  1.65032804e+06  1.59689233e+06  1.55063757e+06  1.51091011e+06  1.47704486e+06  1.44838281e+06  1.42428322e+06  1.40414565e+06  1.38741105e+06  1.37357229e+06  1.36217609e+06  1.35282516e+06  1.34517707e+06  1.33893799e+06  1.33385928e+06  1.32973321e+06  1.32638547e+06  1.32367316e+06  1.32147785e+06  1.31970237e+06  1.31826732e+06  1.31710816e+06  1.31617231e+06  1.31541699e+06  1.31480761e+06  1.31431604e+06  1.31391962e+06  1.31359996e+06  1.31334223e+06  1.31313446e+06  1.31296696e+06  1.31283196e+06  1.31272313e+06  1.31263542e+06  1.31256473e+06  1.31250776e+06  1.31246184e+06  1.31242484e+06  1.31239502e+06  1.31237098e+06  1.31235162e+06  1.31233601e+06  1.31232343e+06  1.31231330e+06  1.31230513e+06  1.31229855e+06  1.31229324e+06  1.31228897e+06  1.31228553e+06  1.31228275e+06  1.31228051e+06  1.31227871e+06  1.31227726e+06  1.31227609e+06  1.31227514e+06  1.31227438e+06  1.31227377e+06  1.31227328e+06  1.31227288e+06  1.31227256e+06  1.31227230e+06  1.31227209e+06  1.31227193e+06  1.31227179e+06  1.31227168e+06  1.31227159e+06  1.31227152e+06  1.31227147e+06  1.31227142e+06  1.31227138e+06  1.31227135e+06  1.31227133e+06  1.31227131e+06  1.31227129e+06  1.31227128e+06  
50      92.950979         85.1886736           17.0810155         2.21698357e+06  2.12077028e+06  2.02592661e+06  1.93505533e+06  1.84802025e+06  1.76469504e+06  1.68496069e+06  1.60870929e+06  1.53584707e+06  1.46628402e+06  1.39994243e+06  1.33675603e+06  1.27666045e+06  1.21960664e+06  1.16554880e+06  1.11445090e+06  1.06628248e+06  1.02101467e+06  9.78618983e+05  9.39060139e+05  9.02304865e+05  8.68552445e+05  8.38787007e+05  8.12814383e+05  7.90320838e+05  7.70992382e+05  7.54508840e+05  7.40552319e+05  7.28813183e+05  7.19000851e+05  7.10844389e+05  7.04097743e+05  6.98540732e+05  6.93980241e+05  6.90249680e+05  6.87206031e+05  6.84728199e+05  6.82714981e+05  6.81081412e+05  6.79757837e+05  6.78686506e+05  6.77820016e+05  6.77119649e+05  6.76553916e+05  6.76097158e+05  6.75728508e+05  6.75431082e+05  6.75191154e+05  6.74997665e+05  6.74841638e+05  6.74715841e+05  6.74614429e+05  6.74532675e+05  6.74466779e+05  6.74413661e+05  6.74370850e+05  6.74336346e+05  6.74308537e+05  6.74286126e+05  6.74268063e+05  6.74253508e+05  6.74241777e+05  6.74232325e+05  6.74224707e+05  6.74218568e+05  6.74213620e+05  6.74209634e+05  6.74206421e+05  6.74203832e+05  6.74201746e+05  6.74200064e+05  6.74198709e+05  6.74197618e+05  6.74196738e+05  6.74196029e+05  6.74195457e+05  6.74194997e+05  6.74194626e+05  6.74194327e+05  6.74194086e+05  6.74193892e+05  6.74193736e+05  6.74193609e+05  6.74193508e+05  6.74193426e+05  6.74193360e+05  6.74193307e+05  6.74193264e+05  6.74193229e+05  6.74193202e+05  6.74193179e+05  6.74193161e+05  6.74193147e+05  6.74193135e+05  6.74193125e+05  6.74193118e+05  6.74193112e+05  
51      111.588399        102.269689           20.5058967         1.08757429e+06  1.04119516e+06  9.95471432e+05  9.51657688e+05  9.09688294e+05  8.69502364e+05  8.31042573e+05  7.94256917e+05  7.59100256e+05  7.25529244e+05  6.93506519e+05  6.63000250e+05  6.33979531e+05  6.06420923e+05  5.80302559e+05  5.55607372e+05  5.32321027e+05  5.10430009e+05  4.89921048e+05  4.70777655e+05  4.52984370e+05  4.36638513e+05  4.22218170e+05  4.09630757e+05  3.98725650e+05  3.89351932e+05  3.81355474e+05  3.74583030e+05  3.68885146e+05  3.64121424e+05  3.60160827e+05  3.56884257e+05  3.54185052e+05  3.51969616e+05  3.50157164e+05  3.48678315e+05  3.47474299e+05  3.46495990e+05  3.45702129e+05  3.45058890e+05  3.44538221e+05  3.44117095e+05  3.43776698e+05  3.43501733e+05  3.43279731e+05  3.43100550e+05  3.42955986e+05  3.42839368e+05  3.42745321e+05  3.42669483e+05  3.42608338e+05  3.42559046e+05  3.42519308e+05  3.42487278e+05  3.42461460e+05  3.42440651e+05  3.42423879e+05  3.42410362e+05  3.42399469e+05  3.42390689e+05  3.42383614e+05  3.42377913e+05  3.42373318e+05  3.42369615e+05  3.42366631e+05  3.42364226e+05  3.42362288e+05  3.42360727e+05  3.42359468e+05  3.42358454e+05  3.42357637e+05  3.42356979e+05  3.42356448e+05  3.42356020e+05  3.42355676e+05  3.42355398e+05  3.42355174e+05  3.42354994e+05  3.42354848e+05  3.42354731e+05  3.42354637e+05  3.42354561e+05  3.42354500e+05  3.42354450e+05  3.42354410e+05  3.42354378e+05  3.42354353e+05  3.42354332e+05  3.42354315e+05  3.42354301e+05  3.42354291e+05  3.42354282e+05  3.42354275e+05  3.42354269e+05  3.42354264e+05  3.42354261e+05  3.42354258e+05  
52      133.962772        122.775586           24.6174943         5.31810415e+05  5.09462216e+05  4.87428219e+05  4.66312929e+05  4.46084725e+05  4.26714274e+05  4.08173963e+05  3.90438741e+05  3.73486874e+05  3.57297491e+05  3.41852620e+05  3.27136960e+05  3.13135659e+05  2.99837491e+05  2.87231989e+05  2.75311028e+05  2.64067816e+05  2.53495976e+05  2.43589267e+05  2.34339916e+05  2.25740665e+05  2.17838834e+05  2.10866032e+05  2.04777990e+05  1.99502334e+05  1.94966494e+05  1.91096274e+05  1.87817830e+05  1.85059083e+05  1.82752271e+05  1.80834109e+05  1.79247043e+05  1.77939502e+05  1.76866216e+05  1.75988097e+05  1.75271562e+05  1.74688161e+05  1.74214106e+05  1.73829416e+05  1.73517705e+05  1.73265386e+05  1.73061302e+05  1.72896338e+05  1.72763083e+05  1.72655493e+05  1.72568655e+05  1.72498594e+05  1.72442076e+05  1.72396497e+05  1.72359742e+05  1.72330108e+05  1.72306219e+05  1.72286960e+05  1.72271437e+05  1.72258924e+05  1.72248839e+05  1.72240711e+05  1.72234160e+05  1.72228880e+05  1.72224625e+05  1.72221196e+05  1.72218433e+05  1.72216206e+05  1.72214411e+05  1.72212965e+05  1.72211800e+05  1.72210860e+05  1.72210104e+05  1.72209494e+05  1.72209002e+05  1.72208606e+05  1.72208287e+05  1.72208030e+05  1.72207823e+05  1.72207656e+05  1.72207521e+05  1.72207412e+05  1.72207325e+05  1.72207255e+05  1.72207198e+05  1.72207152e+05  1.72207115e+05  1.72207086e+05  1.72207062e+05  1.72207042e+05  1.72207027e+05  1.72207014e+05  1.72207004e+05  1.72206996e+05  1.72206990e+05  1.72206984e+05  1.72206980e+05  1.72206977e+05  1.72206974e+05  1.72206972e+05  1.72206970e+05  1.72206968e+05  
53      160.823388        147.39308            29.5535002         2.59358713e+05  2.48592918e+05  2.37977946e+05  2.27804995e+05  2.18058835e+05  2.08725336e+05  1.99791199e+05  1.91244360e+05  1.83074354e+05  1.75271131e+05  1.67826045e+05  1.60731736e+05  1.53981064e+05  1.47568642e+05  1.41489452e+05  1.35739613e+05  1.30315891e+05  1.25215259e+05  1.20434761e+05  1.15970712e+05  1.11819679e+05  1.08004598e+05  1.04637460e+05  1.01697054e+05  9.91485852e+04  9.69571443e+04  9.50870150e+04  9.35026235e+04  9.21692264e+04  9.10541448e+04  9.01268438e+04  8.93595428e+04  8.87273401e+04  8.82083698e+04  8.77837479e+04  8.74372477e+04  8.71551179e+04  8.69258609e+04  8.67398168e+04  8.65890645e+04  8.64670338e+04  8.63683299e+04  8.62885456e+04  8.62240961e+04  8.61720598e+04  8.61300601e+04  8.60961741e+04  8.60688386e+04  8.60467936e+04  8.60290167e+04  8.60146839e+04  8.60031294e+04  8.59938146e+04  8.59863065e+04  8.59802544e+04  8.59753766e+04  8.59714452e+04  8.59682767e+04  8.59657231e+04  8.59636651e+04  8.59620067e+04  8.59606701e+04  8.59595930e+04  8.59587251e+04  8.59580256e+04  8.59574619e+04  8.59570076e+04  8.59566416e+04  8.59563466e+04  8.59561089e+04  8.59559173e+04  8.59557629e+04  8.59556385e+04  8.59555383e+04  8.59554575e+04  8.59553924e+04  8.59553400e+04  8.59552977e+04  8.59552636e+04  8.59552362e+04  8.59552140e+04  8.59551962e+04  8.59551818e+04  8.59551703e+04  8.59551609e+04  8.59551534e+04  8.59551474e+04  8.59551425e+04  8.59551386e+04  8.59551354e+04  8.59551328e+04  8.59551308e+04  8.59551291e+04  8.59551278e+04  8.59551267e+04  8.59551258e+04  8.59551251e+04  
54      193.069773        176.94658            35.4792151         1.26209299e+05  1.21024059e+05  1.15911281e+05  1.11011215e+05  1.06316527e+05  1.01820411e+05  9.75164633e+04  9.33988734e+04  8.94626031e+04  8.57028144e+04  8.21153449e+04  7.86966548e+04  7.54433095e+04  7.23527218e+04  6.94224825e+04  6.66507333e+04  6.40359292e+04  6.15766277e+04  5.92714219e+04  5.71185556e+04  5.51163978e+04  5.32760426e+04  5.16515686e+04  5.02327984e+04  4.90029972e+04  4.79453681e+04  4.70427174e+04  4.62779112e+04  4.56342087e+04  4.50958586e+04  4.46481376e+04  4.42776471e+04  4.39723738e+04  4.37217670e+04  4.35167131e+04  4.33493802e+04  4.32131299e+04  4.31024116e+04  4.30125612e+04  4.29397541e+04  4.28808177e+04  4.28331469e+04  4.27946133e+04  4.27634859e+04  4.27383535e+04  4.27180686e+04  4.27017024e+04  4.26884998e+04  4.26778525e+04  4.26692665e+04  4.26623440e+04  4.26567634e+04  4.26522645e+04  4.26486382e+04  4.26457151e+04  4.26433592e+04  4.26414604e+04  4.26399300e+04  4.26386967e+04  4.26377027e+04  4.26369017e+04  4.26362562e+04  4.26357360e+04  4.26353167e+04  4.26349789e+04  4.26347067e+04  4.26344873e+04  4.26343105e+04  4.26341680e+04  4.26340532e+04  4.26339606e+04  4.26338861e+04  4.26338260e+04  4.26337776e+04  4.26337386e+04  4.26337071e+04  4.26336818e+04  4.26336614e+04  4.26336449e+04  4.26336317e+04  4.26336210e+04  4.26336124e+04  4.26336054e+04  4.26335998e+04  4.26335953e+04  4.26335917e+04  4.26335888e+04  4.26335864e+04  4.26335845e+04  4.26335830e+04  4.26335817e+04  4.26335808e+04  4.26335800e+04  4.26335793e+04  4.26335788e+04  4.26335784e+04  4.26335780e+04  
55      231.781818        212.425795           42.5930837         6.13045846e+04  5.88074876e+04  5.63452262e+04  5.39853407e+04  5.17242995e+04  4.95588254e+04  4.74858350e+04  4.55025301e+04  4.36064852e+04  4.17953709e+04  4.00671839e+04  3.84202206e+04  3.68528287e+04  3.53637646e+04  3.39518708e+04  3.26162558e+04  3.13561800e+04  3.01709537e+04  2.90599050e+04  2.80221946e+04  2.70570443e+04  2.61698125e+04  2.53865892e+04  2.47024860e+04  2.41094517e+04  2.35994030e+04  2.31640627e+04  2.27951795e+04  2.24846891e+04  2.22250019e+04  2.20090222e+04  2.18302913e+04  2.16830173e+04  2.15621128e+04  2.14631828e+04  2.13824499e+04  2.13167124e+04  2.12632927e+04  2.12199409e+04  2.11848120e+04  2.11563754e+04  2.11333742e+04  2.11147817e+04  2.10997626e+04  2.10876361e+04  2.10778485e+04  2.10699516e+04  2.10635813e+04  2.10584439e+04  2.10543010e+04  2.10509609e+04  2.10482682e+04  2.10460974e+04  2.10443477e+04  2.10429372e+04  2.10418005e+04  2.10408843e+04  2.10401459e+04  2.10395508e+04  2.10390712e+04  2.10386847e+04  2.10383732e+04  2.10381222e+04  2.10379199e+04  2.10377569e+04  2.10376255e+04  2.10375197e+04  2.10374344e+04  2.10373656e+04  2.10373102e+04  2.10372656e+04  2.10372296e+04  2.10372006e+04  2.10371772e+04  2.10371584e+04  2.10371432e+04  2.10371310e+04  2.10371212e+04  2.10371132e+04  2.10371068e+04  2.10371017e+04  2.10370975e+04  2.10370942e+04  2.10370915e+04  2.10370893e+04  2.10370875e+04  2.10370861e+04  2.10370850e+04  2.10370841e+04  2.10370833e+04  2.10370827e+04  2.10370823e+04  2.10370819e+04  2.10370816e+04  2.10370813e+04  2.10370811e+04  2.10370810e+04  
56      278.25594         255.018879           51.1333401         2.97331458e+04  2.85307149e+04  2.73450347e+04  2.62086294e+04  2.51197995e+04  2.40769675e+04  2.30786490e+04  2.21234970e+04  2.12103436e+04  2.03380675e+04  1.95057044e+04  1.87124345e+04  1.79574625e+04  1.72401904e+04  1.65600618e+04  1.59166486e+04  1.53095960e+04  1.47385736e+04  1.42032597e+04  1.37032524e+04  1.32381794e+04  1.28106261e+04  1.24331715e+04  1.21034660e+04  1.18176352e+04  1.15717888e+04  1.13619418e+04  1.11841211e+04  1.10344426e+04  1.09092504e+04  1.08051257e+04  1.07189565e+04  1.06479515e+04  1.05896589e+04  1.05419602e+04  1.05030346e+04  1.04713387e+04  1.04455817e+04  1.04246789e+04  1.04077408e+04  1.03940294e+04  1.03829389e+04  1.03739740e+04  1.03667321e+04  1.03608850e+04  1.03561656e+04  1.03523579e+04  1.03492862e+04  1.03468091e+04  1.03448115e+04  1.03432009e+04  1.03419025e+04  1.03408558e+04  1.03400121e+04  1.03393320e+04  1.03387839e+04  1.03383421e+04  1.03379861e+04  1.03376992e+04  1.03374679e+04  1.03372815e+04  1.03371313e+04  1.03370103e+04  1.03369128e+04  1.03368342e+04  1.03367708e+04  1.03367198e+04  1.03366787e+04  1.03366455e+04  1.03366188e+04  1.03365973e+04  1.03365799e+04  1.03365659e+04  1.03365547e+04  1.03365456e+04  1.03365383e+04  1.03365324e+04  1.03365276e+04  1.03365238e+04  1.03365207e+04  1.03365182e+04  1.03365162e+04  1.03365146e+04  1.03365133e+04  1.03365123e+04  1.03365114e+04  1.03365107e+04  1.03365102e+04  1.03365098e+04  1.03365094e+04  1.03365091e+04  1.03365089e+04  1.03365087e+04  1.03365085e+04  1.03365084e+04  1.03365083e+04  1.03365082e+04  
57      334.048498        306.152219           61.3859869         1.44027212e+04  1.38237810e+04  1.32528864e+04  1.27057019e+04  1.21814126e+04  1.16792613e+04  1.11985346e+04  1.07385849e+04  1.02988504e+04  9.87879162e+03  9.47794442e+03  9.09591433e+03  8.73231871e+03  8.38686986e+03  8.05930015e+03  7.74940389e+03  7.45701072e+03  7.18196211e+03  6.92410382e+03  6.68324298e+03  6.45920115e+03  6.25322505e+03  6.07137669e+03  5.91252618e+03  5.77480893e+03  5.65635230e+03  5.55523789e+03  5.46955259e+03  5.39742595e+03  5.33709715e+03  5.28691950e+03  5.24539378e+03  5.21117529e+03  5.18308268e+03  5.16009528e+03  5.14133574e+03  5.12606029e+03  5.11364694e+03  5.10357297e+03  5.09540972e+03  5.08880158e+03  5.08345649e+03  5.07913587e+03  5.07564564e+03  5.07282760e+03  5.07055308e+03  5.06871795e+03  5.06723755e+03  5.06604367e+03  5.06508093e+03  5.06430471e+03  5.06367895e+03  5.06317448e+03  5.06276787e+03  5.06244010e+03  5.06217593e+03  5.06196301e+03  5.06179141e+03  5.06165312e+03  5.06154166e+03  5.06145184e+03  5.06137946e+03  5.06132113e+03  5.06127412e+03  5.06123624e+03  5.06120571e+03  5.06118111e+03  5.06116128e+03  5.06114531e+03  5.06113243e+03  5.06112206e+03  5.06111370e+03  5.06110696e+03  5.06110153e+03  5.06109716e+03  5.06109363e+03  5.06109079e+03  5.06108850e+03  5.06108665e+03  5.06108517e+03  5.06108397e+03  5.06108300e+03  5.06108223e+03  5.06108160e+03  5.06108109e+03  5.06108069e+03  5.06108036e+03  5.06108009e+03  5.06107988e+03  5.06107971e+03  5.06107957e+03  5.06107946e+03  5.06107937e+03  5.06107930e+03  5.06107924e+03  5.06107919e+03  5.06107915e+03  
58      401.027914        367.538206           73.6943719         6.96920045e+03  6.69055311e+03  6.41574536e+03  6.15232669e+03  5.89991279e+03  5.65814467e+03  5.42668273e+03  5.20521773e+03  4.99348095e+03  4.79121371e+03  4.59819334e+03  4.41423037e+03  4.23914089e+03  4.07278662e+03  3.91503889e+03  3.76579885e+03  3.62498465e+03  3.49252019e+03  3.36833139e+03  3.25232566e+03  3.14441734e+03  3.04520730e+03  2.95761606e+03  2.88110007e+03  2.81476185e+03  2.75769999e+03  2.70899091e+03  2.66771347e+03  2.63296700e+03  2.60390355e+03  2.57973005e+03  2.55972443e+03  2.54323899e+03  2.52970468e+03  2.51862985e+03  2.50959184e+03  2.50223237e+03  2.49625178e+03  2.49139826e+03  2.48746529e+03  2.48428154e+03  2.48170632e+03  2.47962467e+03  2.47794310e+03  2.47658539e+03  2.47548954e+03  2.47460538e+03  2.47389213e+03  2.47331693e+03  2.47285308e+03  2.47247910e+03  2.47217761e+03  2.47193456e+03  2.47173865e+03  2.47158074e+03  2.47145346e+03  2.47135088e+03  2.47126820e+03  2.47120157e+03  2.47114787e+03  2.47110460e+03  2.47106972e+03  2.47104162e+03  2.47101897e+03  2.47100072e+03  2.47098601e+03  2.47097416e+03  2.47096461e+03  2.47095691e+03  2.47095071e+03  2.47094571e+03  2.47094168e+03  2.47093844e+03  2.47093582e+03  2.47093371e+03  2.47093201e+03  2.47093064e+03  2.47092954e+03  2.47092865e+03  2.47092794e+03  2.47092736e+03  2.47092689e+03  2.47092652e+03  2.47092622e+03  2.47092597e+03  2.47092578e+03  2.47092562e+03  2.47092549e+03  2.47092539e+03  2.47092531e+03  2.47092524e+03  2.47092519e+03  2.47092514e+03  2.47092511e+03  2.47092508e+03  2.47092506e+03  2.47092504e+03  
59      481.437242        441.232578           88.4706872         3.36881531e+03  3.23486372e+03  3.10270567e+03  2.97598470e+03  2.85452815e+03  2.73817254e+03  2.62676144e+03  2.52015108e+03  2.41821582e+03  2.32083376e+03  2.22789953e+03  2.13932317e+03  2.05501698e+03  1.97491497e+03  1.89895557e+03  1.82709145e+03  1.75928340e+03  1.69549491e+03  1.63569044e+03  1.57982552e+03  1.52785901e+03  1.48008042e+03  1.43789648e+03  1.40104566e+03  1.36909595e+03  1.34161340e+03  1.31815340e+03  1.29827243e+03  1.28153683e+03  1.26753828e+03  1.25589487e+03  1.24625888e+03  1.23831836e+03  1.23179928e+03  1.22646482e+03  1.22211142e+03  1.21856652e+03  1.21568580e+03  1.21334795e+03  1.21145351e+03  1.20991995e+03  1.20867951e+03  1.20767681e+03  1.20686683e+03  1.20621284e+03  1.20568498e+03  1.20525910e+03  1.20491553e+03  1.20463847e+03  1.20441504e+03  1.20423490e+03  1.20408967e+03  1.20397260e+03  1.20387823e+03  1.20380217e+03  1.20374086e+03  1.20369145e+03  1.20365162e+03  1.20361953e+03  1.20359366e+03  1.20357282e+03  1.20355602e+03  1.20354248e+03  1.20353157e+03  1.20352278e+03  1.20351570e+03  1.20350999e+03  1.20350539e+03  1.20350168e+03  1.20349869e+03  1.20349628e+03  1.20349434e+03  1.20349278e+03  1.20349152e+03  1.20349050e+03  1.20348969e+03  1.20348903e+03  1.20348850e+03  1.20348807e+03  1.20348772e+03  1.20348744e+03  1.20348722e+03  1.20348704e+03  1.20348689e+03  1.20348678e+03  1.20348668e+03  1.20348661e+03  1.20348654e+03  1.20348650e+03  1.20348646e+03  1.20348642e+03  1.20348640e+03  1.20348638e+03  1.20348636e+03  1.20348635e+03  1.20348634e+03  1.20348633e+03  
60      577.969288        529.703265           106.209773         1.62639148e+03  1.56221560e+03  1.49883474e+03  1.43800917e+03  1.37966960e+03  1.32374852e+03  1.27017969e+03  1.21890099e+03  1.16985753e+03  1.12299483e+03  1.07826541e+03  1.03562832e+03  9.95043060e+02  9.56479118e+02  9.19907718e+02  8.85306690e+02  8.52657577e+02  8.21943090e+02  7.93146320e+02  7.66245991e+02  7.41222400e+02  7.18215046e+02  6.97901432e+02  6.80155714e+02  6.64769941e+02  6.51535219e+02  6.40237490e+02  6.30663232e+02  6.22603637e+02  6.15862104e+02  6.10254739e+02  6.05614098e+02  6.01789968e+02  5.98650379e+02  5.96081296e+02  5.93984689e+02  5.92277452e+02  5.90890078e+02  5.89764156e+02  5.88851780e+02  5.88113208e+02  5.87515802e+02  5.87032895e+02  5.86642798e+02  5.86327831e+02  5.86073610e+02  5.85868500e+02  5.85703038e+02  5.85569599e+02  5.85461994e+02  5.85375236e+02  5.85305295e+02  5.85248912e+02  5.85203464e+02  5.85166829e+02  5.85137303e+02  5.85113506e+02  5.85094326e+02  5.85078869e+02  5.85066412e+02  5.85056373e+02  5.85048283e+02  5.85041763e+02  5.85036509e+02  5.85032275e+02  5.85028863e+02  5.85026113e+02  5.85023897e+02  5.85022111e+02  5.85020673e+02  5.85019513e+02  5.85018579e+02  5.85017826e+02  5.85017219e+02  5.85016730e+02  5.85016336e+02  5.85016018e+02  5.85015762e+02  5.85015556e+02  5.85015390e+02  5.85015256e+02  5.85015148e+02  5.85015061e+02  5.85014991e+02  5.85014934e+02  5.85014889e+02  5.85014852e+02  5.85014823e+02  5.85014799e+02  5.85014780e+02  5.85014764e+02  5.85014752e+02  5.85014742e+02  5.85014734e+02  5.85014727e+02  5.85014722e+02  5.85014718e+02  
61      693.856788        635.913038           127.505688         7.83619215e+02  7.53097769e+02  7.22892899e+02  6.93853068e+02  6.65956517e+02  6.39180732e+02  6.13502435e+02  5.88898924e+02  5.65349802e+02  5.42833768e+02  5.21331957e+02  5.00827831e+02  4.81304375e+02  4.62748820e+02  4.45148769e+02  4.28494641e+02  4.12778354e+02  3.97992165e+02  3.84128349e+02  3.71176956e+02  3.59128708e+02  3.48050919e+02  3.38269927e+02  3.29725224e+02  3.22316744e+02  3.15943947e+02  3.10503795e+02  3.05893496e+02  3.02012523e+02  2.98766219e+02  2.96066045e+02  2.93831376e+02  2.91989884e+02  2.90478025e+02  2.89240888e+02  2.88231267e+02  2.87409146e+02  2.86741055e+02  2.86198864e+02  2.85759507e+02  2.85403846e+02  2.85116163e+02  2.84883618e+02  2.84695765e+02  2.84544091e+02  2.84421670e+02  2.84322898e+02  2.84243219e+02  2.84178961e+02  2.84127144e+02  2.84085365e+02  2.84051685e+02  2.84024533e+02  2.84002647e+02  2.83985006e+02  2.83970787e+02  2.83959328e+02  2.83950092e+02  2.83942648e+02  2.83936649e+02  2.83931815e+02  2.83927919e+02  2.83924779e+02  2.83922249e+02  2.83920210e+02  2.83918567e+02  2.83917243e+02  2.83916176e+02  2.83915316e+02  2.83914623e+02  2.83914065e+02  2.83913615e+02  2.83913252e+02  2.83912960e+02  2.83912725e+02  2.83912535e+02  2.83912382e+02  2.83912259e+02  2.83912159e+02  2.83912079e+02  2.83912015e+02  2.83911963e+02  2.83911921e+02  2.83911887e+02  2.83911860e+02  2.83911838e+02  2.83911820e+02  2.83911806e+02  2.83911795e+02  2.83911786e+02  2.83911778e+02  2.83911772e+02  2.83911767e+02  2.83911763e+02  2.83911760e+02  2.83911758e+02  2.83911756e+02  
62      832.980665        763.418726           153.071606         3.76271374e+02  3.61941201e+02  3.47712267e+02  3.33989692e+02  3.20770540e+02  3.08050816e+02  2.95825586e+02  2.84089458e+02  2.72837552e+02  2.62063876e+02  2.51763054e+02  2.41930244e+02  2.32559858e+02  2.23647917e+02  2.15190196e+02  2.07183490e+02  1.99625011e+02  1.92511893e+02  1.85841070e+02  1.79608249e+02  1.73809330e+02  1.68476990e+02  1.63768544e+02  1.59655019e+02  1.56088345e+02  1.53020189e+02  1.50400989e+02  1.48181288e+02  1.46312705e+02  1.44749681e+02  1.43449594e+02  1.42373631e+02  1.41486973e+02  1.40759026e+02  1.40163352e+02  1.39677225e+02  1.39281377e+02  1.38959693e+02  1.38698629e+02  1.38487079e+02  1.38315829e+02  1.38177310e+02  1.38065339e+02  1.37974888e+02  1.37901857e+02  1.37842911e+02  1.37795352e+02  1.37756987e+02  1.37726046e+02  1.37701096e+02  1.37680980e+02  1.37664763e+02  1.37651689e+02  1.37641151e+02  1.37632657e+02  1.37625810e+02  1.37620293e+02  1.37615845e+02  1.37612261e+02  1.37609373e+02  1.37607045e+02  1.37605169e+02  1.37603658e+02  1.37602439e+02  1.37601458e+02  1.37600666e+02  1.37600029e+02  1.37599515e+02  1.37599101e+02  1.37598767e+02  1.37598498e+02  1.37598282e+02  1.37598107e+02  1.37597966e+02  1.37597853e+02  1.37597762e+02  1.37597688e+02  1.37597629e+02  1.37597581e+02  1.37597542e+02  1.37597511e+02  1.37597486e+02  1.37597466e+02  1.37597450e+02  1.37597437e+02  1.37597426e+02  1.37597418e+02  1.37597411e+02  1.37597405e+02  1.37597401e+02  1.37597397e+02  1.37597395e+02  1.37597392e+02  1.37597390e+02  1.37597389e+02  1.37597388e+02  1.37597387e+02  
63      1000              916.490332           167.019335         1.85037103e+02  1.78227286e+02  1.71435467e+02  1.64857361e+02  1.58495358e+02  1.52351146e+02  1.46425835e+02  1.40720052e+02  1.35234489e+02  1.29969008e+02  1.24923548e+02  1.20098027e+02  1.15491722e+02  1.11104467e+02  1.06935709e+02  1.02985183e+02  9.92526094e+01  9.57374782e+01  9.24390099e+01  8.93556742e+01  8.64859095e+01  8.38462658e+01  8.15149536e+01  7.94778639e+01  7.77113567e+01  7.61916062e+01  7.48941394e+01  7.37945067e+01  7.28687750e+01  7.20943952e+01  7.14502664e+01  7.09171687e+01  7.04778564e+01  7.01171755e+01  6.98220300e+01  6.95811608e+01  6.93850220e+01  6.92256299e+01  6.90962743e+01  6.89914522e+01  6.89065978e+01  6.88379617e+01  6.87824802e+01  6.87376617e+01  6.87014747e+01  6.86722669e+01  6.86487015e+01  6.86296913e+01  6.86143602e+01  6.86019973e+01  6.85920296e+01  6.85839940e+01  6.85775159e+01  6.85722944e+01  6.85680853e+01  6.85646930e+01  6.85619589e+01  6.85597553e+01  6.85579794e+01  6.85565481e+01  6.85553948e+01  6.85544652e+01  6.85537162e+01  6.85531125e+01  6.85526260e+01  6.85522340e+01  6.85519181e+01  6.85516635e+01  6.85514584e+01  6.85512930e+01  6.85511598e+01  6.85510525e+01  6.85509659e+01  6.85508962e+01  6.85508400e+01  6.85507948e+01  6.85507583e+01  6.85507289e+01  6.85507052e+01  6.85506861e+01  6.85506707e+01  6.85506583e+01  6.85506483e+01  6.85506403e+01  6.85506338e+01  6.85506286e+01  6.85506244e+01  6.85506210e+01  6.85506182e+01  6.85506160e+01  6.85506142e+01  6.85506128e+01  6.85506117e+01  6.85506107e+01  6.85506100e+01  6.85506094e+01  6.85506089e+01  