This file contains the transmission function for each layer and waveband.
bin     cent_lambda[um]   low_int_lambda[um]   delta_lambda[um]   transm_lay[0]   transm_lay[1]   transm_lay[2]   transm_lay[3]   transm_lay[4]   transm_lay[5]   transm_lay[6]   transm_lay[7]   transm_lay[8]   transm_lay[9]   transm_lay[10]   transm_lay[11]   transm_lay[12]   transm_lay[13]   transm_lay[14]   transm_lay[15]   transm_lay[16]   transm_lay[17]   transm_lay[18]   transm_lay[19]   transm_lay[20]   transm_lay[21]   transm_lay[22]   transm_lay[23]   transm_lay[24]   transm_lay[25]   transm_lay[26]   transm_lay[27]   transm_lay[28]   transm_lay[29]   transm_lay[30]   transm_lay[31]   transm_lay[32]   transm_lay[33]   transm_lay[34]   transm_lay[35]   transm_lay[36]   transm_lay[37]   transm_lay[38]   transm_lay[39]   transm_lay[40]   transm_lay[41]   transm_lay[42]   transm_lay[43]   transm_lay[44]   transm_lay[45]   transm_lay[46]   transm_lay[47]   transm_lay[48]   transm_lay[49]   transm_lay[50]   transm_lay[51]   transm_lay[52]   transm_lay[53]   transm_lay[54]   transm_lay[55]   transm_lay[56]   transm_lay[57]   transm_lay[58]   transm_lay[59]   transm_lay[60]   transm_lay[61]   transm_lay[62]   transm_lay[63]   transm_lay[64]   transm_lay[65]   transm_lay[66]   transm_lay[67]   transm_lay[68]   transm_lay[69]   transm_lay[70]   transm_lay[71]   transm_lay[72]   transm_lay[73]   transm_lay[74]   transm_lay[75]   transm_lay[76]   transm_lay[77]   transm_lay[78]   transm_lay[79]   transm_lay[80]   transm_lay[81]   transm_lay[82]   transm_lay[83]   transm_lay[84]   transm_lay[85]   transm_lay[86]   transm_lay[87]   transm_lay[88]   transm_lay[89]   transm_lay[90]   transm_lay[91]   transm_lay[92]   transm_lay[93]   transm_lay[94]   transm_lay[95]   
0       0.01              0.00899745971        0.00200508058      1.3692e-17        2.57281e-14       1.11918e-11       1.49745e-09       7.73455e-08       1.86013e-06       2.4093e-05        0.000189959       0.00100265        0.00383156        0.0112886         0.0269566         0.0543795         0.0956991         0.150938          0.21789           0.292896          0.371766          0.450494          0.525948          0.595818          0.658844          0.714442          0.762636          0.803841          0.838646          0.867799          0.892018          0.912032          0.928484          0.941956          0.952958          0.961913          0.969194          0.975099          0.979885          0.983759          0.986891          0.989423          0.991468          0.993119          0.994451          0.995526          0.996393          0.997092          0.997656          0.998111          0.998477          0.998773          0.999011          0.999203          0.999358          0.999482          0.999583          0.999664          0.999729          0.999782          0.999824          0.999858          0.999886          0.999908          0.999926          0.99994           0.999952          0.999961          0.999969          0.999975          0.99998           0.999984          0.999987          0.999989          0.999991          0.999993          0.999994          0.999996          0.999996          0.999997          0.999998          0.999998          0.999998          0.999999          0.999999          0.999999          0.999999          0.999999          1                 1                 1                 1                 1                 1                 1                 1                 1                 1                 1                 
1       0.0120050806      0.0110025403         0.00220609798      1.3692e-17        2.57281e-14       1.11918e-11       1.49745e-09       7.73455e-08       1.86013e-06       2.4093e-05        0.000189959       0.00100265        0.00383156        0.0112886         0.0269566         0.0543795         0.0956991         0.150938          0.21789           0.292896          0.371766          0.450494          0.525948          0.595818          0.658844          0.714442          0.762636          0.803841          0.838646          0.867799          0.892018          0.912032          0.928484          0.941956          0.952958          0.961913          0.969194          0.975099          0.979885          0.983759          0.986891          0.989423          0.991468          0.993119          0.994451          0.995526          0.996393          0.997092          0.997656          0.998111          0.998477          0.998773          0.999011          0.999203          0.999358          0.999482          0.999583          0.999664          0.999729          0.999782          0.999824          0.999858          0.999886          0.999908          0.999926          0.99994           0.999952          0.999961          0.999969          0.999975          0.99998           0.999984          0.999987          0.999989          0.999991          0.999993          0.999994          0.999996          0.999996          0.999997          0.999998          0.999998          0.999998          0.999999          0.999999          0.999999          0.999999          0.999999          1                 1                 1                 1                 1                 1                 1                 1                 1                 1                 1                 
2       0.014412196       0.0132086383         0.00264843841      1.3692e-17        2.57281e-14       1.11918e-11       1.49745e-09       7.73455e-08       1.86013e-06       2.4093e-05        0.000189959       0.00100265        0.00383156        0.0112886         0.0269566         0.0543795         0.0956991         0.150938          0.21789           0.292896          0.371766          0.450494          0.525948          0.595818          0.658844          0.714442          0.762636          0.803841          0.838646          0.867799          0.892018          0.912032          0.928484          0.941956          0.952958          0.961913          0.969194          0.975099          0.979885          0.983759          0.986891          0.989423          0.991468          0.993119          0.994451          0.995526          0.996393          0.997092          0.997656          0.998111          0.998477          0.998773          0.999011          0.999203          0.999358          0.999482          0.999583          0.999664          0.999729          0.999782          0.999824          0.999858          0.999886          0.999908          0.999926          0.99994           0.999952          0.999961          0.999969          0.999975          0.99998           0.999984          0.999987          0.999989          0.999991          0.999993          0.999994          0.999996          0.999996          0.999997          0.999998          0.999998          0.999998          0.999999          0.999999          0.999999          0.999999          0.999999          1                 1                 1                 1                 1                 1                 1                 1                 1                 1                 1                 
3       0.0173019574      0.0158570767         0.00317947165      1.3692e-17        2.57281e-14       1.11918e-11       1.49745e-09       7.73455e-08       1.86013e-06       2.4093e-05        0.000189959       0.00100265        0.00383156        0.0112886         0.0269566         0.0543795         0.0956991         0.150938          0.21789           0.292896          0.371766          0.450494          0.525948          0.595818          0.658844          0.714442          0.762636          0.803841          0.838646          0.867799          0.892018          0.912032          0.928484          0.941956          0.952958          0.961913          0.969194          0.975099          0.979885          0.983759          0.986891          0.989423          0.991468          0.993119          0.994451          0.995526          0.996393          0.997092          0.997656          0.998111          0.998477          0.998773          0.999011          0.999203          0.999358          0.999482          0.999583          0.999664          0.999729          0.999782          0.999824          0.999858          0.999886          0.999908          0.999926          0.99994           0.999952          0.999961          0.999969          0.999975          0.99998           0.999984          0.999987          0.999989          0.999991          0.999993          0.999994          0.999996          0.999996          0.999997          0.999998          0.999998          0.999998          0.999999          0.999999          0.999999          0.999999          0.999999          1                 1                 1                 1                 1                 1                 1                 1                 1                 1                 1                 
4       0.0207711393      0.0190365483         0.00381698133      1.3692e-17        2.57281e-14       1.11918e-11       1.49745e-09       7.73455e-08       1.86013e-06       2.4093e-05        0.000189959       0.00100265        0.00383156        0.0112886         0.0269566         0.0543795         0.0956991         0.150938          0.21789           0.292896          0.371766          0.450494          0.525948          0.595818          0.658844          0.714442          0.762636          0.803841          0.838646          0.867799          0.892018          0.912032          0.928484          0.941956          0.952958          0.961913          0.969194          0.975099          0.979885          0.983759          0.986891          0.989423          0.991468          0.993119          0.994451          0.995526          0.996393          0.997092          0.997656          0.998111          0.998477          0.998773          0.999011          0.999203          0.999358          0.999482          0.999583          0.999664          0.999729          0.999782          0.999824          0.999858          0.999886          0.999908          0.999926          0.99994           0.999952          0.999961          0.999969          0.999975          0.99998           0.999984          0.999987          0.999989          0.999991          0.999993          0.999994          0.999996          0.999996          0.999997          0.999998          0.999998          0.999998          0.999999          0.999999          0.999999          0.999999          0.999999          1                 1                 1                 1                 1                 1                 1                 1                 1                 1                 1                 
5       0.02493592        0.0228535297         0.00458231684      1.3692e-17        2.57281e-14       1.11918e-11       1.49745e-09       7.73455e-08       1.86013e-06       2.4093e-05        0.000189959       0.00100265        0.00383156        0.0112886         0.0269566         0.0543795         0.0956991         0.150938          0.21789           0.292896          0.371766          0.450494          0.525948          0.595818          0.658844          0.714442          0.762636          0.803841          0.838646          0.867799          0.892018          0.912032          0.928484          0.941956          0.952958          0.961913          0.969194          0.975099          0.979885          0.983759          0.986891          0.989423          0.991468          0.993119          0.994451          0.995526          0.996393          0.997092          0.997656          0.998111          0.998477          0.998773          0.999011          0.999203          0.999358          0.999482          0.999583          0.999664          0.999729          0.999782          0.999824          0.999858          0.999886          0.999908          0.999926          0.99994           0.999952          0.999961          0.999969          0.999975          0.99998           0.999984          0.999987          0.999989          0.999991          0.999993          0.999994          0.999996          0.999996          0.999997          0.999998          0.999998          0.999998          0.999999          0.999999          0.999999          0.999999          0.999999          1                 1                 1                 1                 1                 1                 1                 1                 1                 1                 1                 
6       0.0299357729      0.0274358465         0.00550110829      1.3692e-17        2.57281e-14       1.11918e-11       1.49745e-09       7.73455e-08       1.86013e-06       2.4093e-05        0.000189959       0.00100265        0.00383156        0.0112886         0.0269566         0.0543795         0.0956991         0.150938          0.21789           0.292896          0.371766          0.450494          0.525948          0.595818          0.658844          0.714442          0.762636          0.803841          0.838646          0.867799          0.892018          0.912032          0.928484          0.941956          0.952958          0.961913          0.969194          0.975099          0.979885          0.983759          0.986891          0.989423          0.991468          0.993119          0.994451          0.995526          0.996393          0.997092          0.997656          0.998111          0.998477          0.998773          0.999011          0.999203          0.999358          0.999482          0.999583          0.999664          0.999729          0.999782          0.999824          0.999858          0.999886          0.999908          0.999926          0.99994           0.999952          0.999961          0.999969          0.999975          0.99998           0.999984          0.999987          0.999989          0.999991          0.999993          0.999994          0.999996          0.999996          0.999997          0.999998          0.999998          0.999998          0.999999          0.999999          0.999999          0.999999          0.999999          1                 1                 1                 1                 1                 1                 1                 1                 1                 1                 1                 
7       0.0359381366      0.0329369548         0.00660412483      1.3692e-17        2.57281e-14       1.11918e-11       1.49745e-09       7.73455e-08       1.86013e-06       2.4093e-05        0.000189959       0.00100265        0.00383156        0.0112886         0.0269566         0.0543795         0.0956991         0.150938          0.21789           0.292896          0.371766          0.450494          0.525948          0.595818          0.658844          0.714442          0.762636          0.803841          0.838646          0.867799          0.892018          0.912032          0.928484          0.941956          0.952958          0.961913          0.969194          0.975099          0.979885          0.983759          0.986891          0.989423          0.991468          0.993119          0.994451          0.995526          0.996393          0.997092          0.997656          0.998111          0.998477          0.998773          0.999011          0.999203          0.999358          0.999482          0.999583          0.999664          0.999729          0.999782          0.999824          0.999858          0.999886          0.999908          0.999926          0.99994           0.999952          0.999961          0.999969          0.999975          0.99998           0.999984          0.999987          0.999989          0.999991          0.999993          0.999994          0.999996          0.999996          0.999997          0.999998          0.999998          0.999998          0.999999          0.999999          0.999999          0.999999          0.999999          1                 1                 1                 1                 1                 1                 1                 1                 1                 1                 1                 
8       0.0431440226      0.0395410796         0.00792830508      1.3692e-17        2.57281e-14       1.11918e-11       1.49745e-09       7.73455e-08       1.86013e-06       2.4093e-05        0.000189959       0.00100265        0.00383156        0.0112886         0.0269566         0.0543795         0.0956991         0.150938          0.21789           0.292896          0.371766          0.450494          0.525948          0.595818          0.658844          0.714442          0.762636          0.803841          0.838646          0.867799          0.892018          0.912032          0.928484          0.941956          0.952958          0.961913          0.969194          0.975099          0.979885          0.983759          0.986891          0.989423          0.991468          0.993119          0.994451          0.995526          0.996393          0.997092          0.997656          0.998111          0.998477          0.998773          0.999011          0.999203          0.999358          0.999482          0.999583          0.999664          0.999729          0.999782          0.999824          0.999858          0.999886          0.999908          0.999926          0.99994           0.999952          0.999961          0.999969          0.999975          0.99998           0.999984          0.999987          0.999989          0.999991          0.999993          0.999994          0.999996          0.999996          0.999997          0.999998          0.999998          0.999998          0.999999          0.999999          0.999999          0.999999          0.999999          1                 1                 1                 1                 1                 1                 1                 1                 1                 1                 1                 
9       0.0517947468      0.0474693847         0.00951799413      1.3692e-17        2.57281e-14       1.11918e-11       1.49745e-09       7.73455e-08       1.86013e-06       2.4093e-05        0.000189959       0.00100265        0.00383156        0.0112886         0.0269566         0.0543795         0.0956991         0.150938          0.21789           0.292896          0.371766          0.450494          0.525948          0.595818          0.658844          0.714442          0.762636          0.803841          0.838646          0.867799          0.892018          0.912032          0.928484          0.941956          0.952958          0.961913          0.969194          0.975099          0.979885          0.983759          0.986891          0.989423          0.991468          0.993119          0.994451          0.995526          0.996393          0.997092          0.997656          0.998111          0.998477          0.998773          0.999011          0.999203          0.999358          0.999482          0.999583          0.999664          0.999729          0.999782          0.999824          0.999858          0.999886          0.999908          0.999926          0.99994           0.999952          0.999961          0.999969          0.999975          0.99998           0.999984          0.999987          0.999989          0.999991          0.999993          0.999994          0.999996          0.999996          0.999997          0.999998          0.999998          0.999998          0.999999          0.999999          0.999999          0.999999          0.999999          1                 1                 1                 1                 1                 1                 1                 1                 1                 1                 1                 
10      0.0621800109      0.0569873788         0.0114264286       1.3692e-17        2.57281e-14       1.11918e-11       1.49745e-09       7.73455e-08       1.86013e-06       2.4093e-05        0.000189959       0.00100265        0.00383156        0.0112886         0.0269566         0.0543795         0.0956991         0.150938          0.21789           0.292896          0.371766          0.450494          0.525948          0.595818          0.658844          0.714442          0.762636          0.803841          0.838646          0.867799          0.892018          0.912032          0.928484          0.941956          0.952958          0.961913          0.969194          0.975099          0.979885          0.983759          0.986891          0.989423          0.991468          0.993119          0.994451          0.995526          0.996393          0.997092          0.997656          0.998111          0.998477          0.998773          0.999011          0.999203          0.999358          0.999482          0.999583          0.999664          0.999729          0.999782          0.999824          0.999858          0.999886          0.999908          0.999926          0.99994           0.999952          0.999961          0.999969          0.999975          0.99998           0.999984          0.999987          0.999989          0.999991          0.999993          0.999994          0.999996          0.999996          0.999997          0.999998          0.999998          0.999998          0.999999          0.999999          0.999999          0.999999          0.999999          1                 1                 1                 1                 1                 1                 1                 1                 1                 1                 1                 
11      0.0746476041      0.0684138075         0.0137175197       1.3692e-17        2.57281e-14       1.11918e-11       1.49745e-09       7.73455e-08       1.86013e-06       2.4093e-05        0.000189959       0.00100265        0.00383156        0.0112886         0.0269566         0.0543795         0.0956991         0.150938          0.21789           0.292896          0.371766          0.450494          0.525948          0.595818          0.658844          0.714442          0.762636          0.803841          0.838646          0.867799          0.892018          0.912032          0.928484          0.941956          0.952958          0.961913          0.969194          0.975099          0.979885          0.983759          0.986891          0.989423          0.991468          0.993119          0.994451          0.995526          0.996393          0.997092          0.997656          0.998111          0.998477          0.998773          0.999011          0.999203          0.999358          0.999482          0.999583          0.999664          0.999729          0.999782          0.999824          0.999858          0.999886          0.999908          0.999926          0.99994           0.999952          0.999961          0.999969          0.999975          0.99998           0.999984          0.999987          0.999989          0.999991          0.999993          0.999994          0.999996          0.999996          0.999997          0.999998          0.999998          0.999998          0.999999          0.999999          0.999999          0.999999          0.999999          1                 1                 1                 1                 1                 1                 1                 1                 1                 1                 1                 
12      0.0896150502      0.0821313271         0.0164679929       1.3692e-17        2.57281e-14       1.11918e-11       1.49745e-09       7.73455e-08       1.86013e-06       2.4093e-05        0.000189959       0.00100265        0.00383156        0.0112886         0.0269566         0.0543795         0.0956991         0.150938          0.21789           0.292896          0.371766          0.450494          0.525948          0.595818          0.658844          0.714442          0.762636          0.803841          0.838646          0.867799          0.892018          0.912032          0.928484          0.941956          0.952958          0.961913          0.969194          0.975099          0.979885          0.983759          0.986891          0.989423          0.991468          0.993119          0.994451          0.995526          0.996393          0.997092          0.997656          0.998111          0.998477          0.998773          0.999011          0.999203          0.999358          0.999482          0.999583          0.999664          0.999729          0.999782          0.999824          0.999858          0.999886          0.999908          0.999926          0.99994           0.999952          0.999961          0.999969          0.999975          0.99998           0.999984          0.999987          0.999989          0.999991          0.999993          0.999994          0.999996          0.999996          0.999997          0.999998          0.999998          0.999998          0.999999          0.999999          0.999999          0.999999          0.999999          1                 1                 1                 1                 1                 1                 1                 1                 1                 1                 1                 
13      0.10758359        0.09859932           0.0197699582       1.3692e-17        2.57281e-14       1.11918e-11       1.49745e-09       7.73455e-08       1.86013e-06       2.4093e-05        0.000189959       0.00100265        0.00383156        0.0112886         0.0269566         0.0543795         0.0956991         0.150938          0.21789           0.292896          0.371766          0.450494          0.525948          0.595818          0.658844          0.714442          0.762636          0.803841          0.838646          0.867799          0.892018          0.912032          0.928484          0.941956          0.952958          0.961913          0.969194          0.975099          0.979885          0.983759          0.986891          0.989423          0.991468          0.993119          0.994451          0.995526          0.996393          0.997092          0.997656          0.998111          0.998477          0.998773          0.999011          0.999203          0.999358          0.999482          0.999583          0.999664          0.999729          0.999782          0.999824          0.999858          0.999886          0.999908          0.999926          0.99994           0.999952          0.999961          0.999969          0.999975          0.99998           0.999984          0.999987          0.999989          0.999991          0.999993          0.999994          0.999996          0.999996          0.999997          0.999998          0.999998          0.999998          0.999999          0.999999          0.999999          0.999999          0.999999          1                 1                 1                 1                 1                 1                 1                 1                 1                 1                 1                 
14      0.129154967       0.118369278          0.0237339941       1.3692e-17        2.57281e-14       1.11918e-11       1.49745e-09       7.73455e-08       1.86013e-06       2.4093e-05        0.000189959       0.00100265        0.00383156        0.0112886         0.0269566         0.0543795         0.0956991         0.150938          0.21789           0.292896          0.371766          0.450494          0.525948          0.595818          0.658844          0.714442          0.762636          0.803841          0.838646          0.867799          0.892018          0.912032          0.928484          0.941956          0.952958          0.961913          0.969194          0.975099          0.979885          0.983759          0.986891          0.989423          0.991468          0.993119          0.994451          0.995526          0.996393          0.997092          0.997656          0.998111          0.998477          0.998773          0.999011          0.999203          0.999358          0.999482          0.999583          0.999664          0.999729          0.999782          0.999824          0.999858          0.999886          0.999908          0.999926          0.99994           0.999952          0.999961          0.999969          0.999975          0.99998           0.999984          0.999987          0.999989          0.999991          0.999993          0.999994          0.999996          0.999996          0.999997          0.999998          0.999998          0.999998          0.999999          0.999999          0.999999          0.999999          0.999999          1                 1                 1                 1                 1                 1                 1                 1                 1                 1                 1                 
15      0.155051578       0.142103272          0.0284928511       1.3692e-17        2.57281e-14       1.11918e-11       1.49745e-09       7.73455e-08       1.86013e-06       2.4093e-05        0.000189959       0.00100265        0.00383156        0.0112886         0.0269566         0.0543795         0.0956991         0.150938          0.21789           0.292896          0.371766          0.450494          0.525948          0.595818          0.658844          0.714442          0.762636          0.803841          0.838646          0.867799          0.892018          0.912032          0.928484          0.941956          0.952958          0.961913          0.969194          0.975099          0.979885          0.983759          0.986891          0.989423          0.991468          0.993119          0.994451          0.995526          0.996393          0.997092          0.997656          0.998111          0.998477          0.998773          0.999011          0.999203          0.999358          0.999482          0.999583          0.999664          0.999729          0.999782          0.999824          0.999858          0.999886          0.999908          0.999926          0.99994           0.999952          0.999961          0.999969          0.999975          0.99998           0.999984          0.999987          0.999989          0.999991          0.999993          0.999994          0.999996          0.999996          0.999997          0.999998          0.999998          0.999998          0.999999          0.999999          0.999999          0.999999          0.999999          1                 1                 1                 1                 1                 1                 1                 1                 1                 1                 1                 
16      0.186140669       0.170596123          0.0342058974       1.3692e-17        2.57281e-14       1.11918e-11       1.49745e-09       7.73455e-08       1.86013e-06       2.4093e-05        0.000189959       0.00100265        0.00383156        0.0112886         0.0269566         0.0543795         0.0956991         0.150938          0.21789           0.292896          0.371766          0.450494          0.525948          0.595818          0.658844          0.714442          0.762636          0.803841          0.838646          0.867799          0.892018          0.912032          0.928484          0.941956          0.952958          0.961913          0.969194          0.975099          0.979885          0.983759          0.986891          0.989423          0.991468          0.993119          0.994451          0.995526          0.996393          0.997092          0.997656          0.998111          0.998477          0.998773          0.999011          0.999203          0.999358          0.999482          0.999583          0.999664          0.999729          0.999782          0.999824          0.999858          0.999886          0.999908          0.999926          0.99994           0.999952          0.999961          0.999969          0.999975          0.99998           0.999984          0.999987          0.999989          0.999991          0.999993          0.999994          0.999996          0.999996          0.999997          0.999998          0.999998          0.999998          0.999999          0.999999          0.999999          0.999999          0.999999          1                 1                 1                 1                 1                 1                 1                 1                 1                 1                 1                 
17      0.223463373       0.204802021          0.0410644554       1.3692e-17        2.57281e-14       1.11918e-11       1.49745e-09       7.73455e-08       1.86013e-06       2.4093e-05        0.000189959       0.00100265        0.00383156        0.0112886         0.0269566         0.0543795         0.0956991         0.150938          0.21789           0.292896          0.371766          0.450494          0.525948          0.595818          0.658844          0.714442          0.762636          0.803841          0.838646          0.867799          0.892018          0.912032          0.928484          0.941956          0.952958          0.961913          0.969194          0.975099          0.979885          0.983759          0.986891          0.989423          0.991468          0.993119          0.994451          0.995526          0.996393          0.997092          0.997656          0.998111          0.998477          0.998773          0.999011          0.999203          0.999358          0.999482          0.999583          0.999664          0.999729          0.999782          0.999824          0.999858          0.999886          0.999908          0.999926          0.99994           0.999952          0.999961          0.999969          0.999975          0.99998           0.999984          0.999987          0.999989          0.999991          0.999993          0.999994          0.999996          0.999996          0.999997          0.999998          0.999998          0.999998          0.999999          0.999999          0.999999          0.999999          0.999999          1                 1                 1                 1                 1                 1                 1                 1                 1                 1                 1                 
18      0.26826958        0.245866476          0.0492982096       1.3692e-17        2.57281e-14       1.11918e-11       1.49745e-09       7.73455e-08       1.86013e-06       2.4093e-05        0.000189959       0.00100265        0.00383156        0.0112886         0.0269566         0.0543795         0.0956991         0.150938          0.21789           0.292896          0.371766          0.450494          0.525948          0.595818          0.658844          0.714442          0.762636          0.803841          0.838646          0.867799          0.892018          0.912032          0.928484          0.941956          0.952958          0.961913          0.969194          0.975099          0.979885          0.983759          0.986891          0.989423          0.991468          0.993119          0.994451          0.995526          0.996393          0.997092          0.997656          0.998111          0.998477          0.998773          0.999011          0.999203          0.999358          0.999482          0.999583          0.999664          0.999729          0.999782          0.999824          0.999858          0.999886          0.999908          0.999926          0.99994           0.999952          0.999961          0.999969          0.999975          0.99998           0.999984          0.999987          0.999989          0.999991          0.999993          0.999994          0.999996          0.999996          0.999997          0.999998          0.999998          0.999998          0.999999          0.999999          0.999999          0.999999          0.999999          1                 1                 1                 1                 1                 1                 1                 1                 1                 1                 1                 
19      0.322059792       0.295164686          0.0591828978       1.3692e-17        2.57281e-14       1.11918e-11       1.49745e-09       7.73455e-08       1.86013e-06       2.4093e-05        0.000189959       0.00100265        0.00383156        0.0112886         0.0269566         0.0543795         0.0956991         0.150938          0.21789           0.292896          0.371766          0.450494          0.525948          0.595818          0.658844          0.714442          0.762636          0.803841          0.838646          0.867799          0.892018          0.912032          0.928484          0.941956          0.952958          0.961913          0.969194          0.975099          0.979885          0.983759          0.986891          0.989423          0.991468          0.993119          0.994451          0.995526          0.996393          0.997092          0.997656          0.998111          0.998477          0.998773          0.999011          0.999203          0.999358          0.999482          0.999583          0.999664          0.999729          0.999782          0.999824          0.999858          0.999886          0.999908          0.999926          0.99994           0.999952          0.999961          0.999969          0.999975          0.99998           0.999984          0.999987          0.999989          0.999991          0.999993          0.999994          0.999996          0.999996          0.999997          0.999998          0.999998          0.999998          0.999999          0.999999          0.999999          0.999999          0.999999          1                 1                 1                 1                 1                 1                 1                 1                 1                 1                 1                 
20      0.386635375       0.354347584          0.0710495457       1.3692e-17        2.57281e-14       1.11918e-11       1.49745e-09       7.73455e-08       1.86013e-06       2.4093e-05        0.000189959       0.00100265        0.00383156        0.0112886         0.0269566         0.0543795         0.0956991         0.150938          0.21789           0.292896          0.371766          0.450494          0.525948          0.595818          0.658844          0.714442          0.762636          0.803841          0.838646          0.867799          0.892018          0.912032          0.928484          0.941956          0.952958          0.961913          0.969194          0.975099          0.979885          0.983759          0.986891          0.989423          0.991468          0.993119          0.994451          0.995526          0.996393          0.997092          0.997656          0.998111          0.998477          0.998773          0.999011          0.999203          0.999358          0.999482          0.999583          0.999664          0.999729          0.999782          0.999824          0.999858          0.999886          0.999908          0.999926          0.99994           0.999952          0.999961          0.999969          0.999975          0.99998           0.999984          0.999987          0.999989          0.999991          0.999993          0.999994          0.999996          0.999996          0.999997          0.999998          0.999998          0.999998          0.999999          0.999999          0.999999          0.999999          0.999999          1                 1                 1                 1                 1                 1                 1                 1                 1                 1                 1                 
21      0.464158883       0.425397129          0.0852955522       1.3692e-17        2.57281e-14       1.11918e-11       1.49745e-09       7.73455e-08       1.86013e-06       2.4093e-05        0.000189959       0.00100265        0.00383156        0.0112886         0.0269566         0.0543795         0.0956991         0.150938          0.21789           0.292896          0.371766          0.450494          0.525948          0.595818          0.658844          0.714442          0.762636          0.803841          0.838646          0.867799          0.892018          0.912032          0.928484          0.941956          0.952958          0.961913          0.969194          0.975099          0.979885          0.983759          0.986891          0.989423          0.991468          0.993119          0.994451          0.995526          0.996393          0.997092          0.997656          0.998111          0.998477          0.998773          0.999011          0.999203          0.999358          0.999482          0.999583          0.999664          0.999729          0.999782          0.999824          0.999858          0.999886          0.999908          0.999926          0.99994           0.999952          0.999961          0.999969          0.999975          0.99998           0.999984          0.999987          0.999989          0.999991          0.999993          0.999994          0.999996          0.999996          0.999997          0.999998          0.999998          0.999998          0.999999          0.999999          0.999999          0.999999          0.999999          1                 1                 1                 1                 1                 1                 1                 1                 1                 1                 1                 
22      0.55722648        0.510692681          0.102397998        1.3692e-17        2.57281e-14       1.11918e-11       1.49745e-09       7.73455e-08       1.86013e-06       2.4093e-05        0.000189959       0.00100265        0.00383156        0.0112886         0.0269566         0.0543795         0.0956991         0.150938          0.21789           0.292896          0.371766          0.450494          0.525948          0.595818          0.658844          0.714442          0.762636          0.803841          0.838646          0.867799          0.892018          0.912032          0.928484          0.941956          0.952958          0.961913          0.969194          0.975099          0.979885          0.983759          0.986891          0.989423          0.991468          0.993119          0.994451          0.995526          0.996393          0.997092          0.997656          0.998111          0.998477          0.998773          0.999011          0.999203          0.999358          0.999482          0.999583          0.999664          0.999729          0.999782          0.999824          0.999858          0.999886          0.999908          0.999926          0.99994           0.999952          0.999961          0.999969          0.999975          0.99998           0.999984          0.999987          0.999989          0.999991          0.999993          0.999994          0.999996          0.999996          0.999997          0.999998          0.999998          0.999998          0.999999          0.999999          0.999999          0.999999          0.999999          1                 1                 1                 1                 1                 1                 1                 1                 1                 1                 1                 
23      0.668954879       0.613090679          0.122929621        1.3692e-17        2.57281e-14       1.11918e-11       1.49745e-09       7.73455e-08       1.86013e-06       2.4093e-05        0.000189959       0.00100265        0.00383156        0.0112886         0.0269566         0.0543795         0.0956991         0.150938          0.21789           0.292896          0.371766          0.450494          0.525948          0.595818          0.658844          0.714442          0.762636          0.803841          0.838646          0.867799          0.892018          0.912032          0.928484          0.941956          0.952958          0.961913          0.969194          0.975099          0.979885          0.983759          0.986891          0.989423          0.991468          0.993119          0.994451          0.995526          0.996393          0.997092          0.997656          0.998111          0.998477          0.998773          0.999011          0.999203          0.999358          0.999482          0.999583          0.999664          0.999729          0.999782          0.999824          0.999858          0.999886          0.999908          0.999926          0.99994           0.999952          0.999961          0.999969          0.999975          0.99998           0.999984          0.999987          0.999989          0.999991          0.999993          0.999994          0.999996          0.999996          0.999997          0.999998          0.999998          0.999998          0.999999          0.999999          0.999999          0.999999          0.999999          1                 1                 1                 1                 1                 1                 1                 1                 1                 1                 1                 
24      0.803085722       0.7360203            0.147578001        1.3692e-17        2.57281e-14       1.11918e-11       1.49745e-09       7.73455e-08       1.86013e-06       2.4093e-05        0.000189959       0.00100265        0.00383156        0.0112886         0.0269566         0.0543795         0.0956991         0.150938          0.21789           0.292896          0.371766          0.450494          0.525948          0.595818          0.658844          0.714442          0.762636          0.803841          0.838646          0.867799          0.892018          0.912032          0.928484          0.941956          0.952958          0.961913          0.969194          0.975099          0.979885          0.983759          0.986891          0.989423          0.991468          0.993119          0.994451          0.995526          0.996393          0.997092          0.997656          0.998111          0.998477          0.998773          0.999011          0.999203          0.999358          0.999482          0.999583          0.999664          0.999729          0.999782          0.999824          0.999858          0.999886          0.999908          0.999926          0.99994           0.999952          0.999961          0.999969          0.999975          0.99998           0.999984          0.999987          0.999989          0.999991          0.999993          0.999994          0.999996          0.999996          0.999997          0.999998          0.999998          0.999998          0.999999          0.999999          0.999999          0.999999          0.999999          1                 1                 1                 1                 1                 1                 1                 1                 1                 1                 1                 
25      0.96411088        0.883598301          0.177168579        1.3692e-17        2.57281e-14       1.11918e-11       1.49745e-09       7.73455e-08       1.86013e-06       2.4093e-05        0.000189959       0.00100265        0.00383156        0.0112886         0.0269566         0.0543795         0.0956991         0.150938          0.21789           0.292896          0.371766          0.450494          0.525948          0.595818          0.658844          0.714442          0.762636          0.803841          0.838646          0.867799          0.892018          0.912032          0.928484          0.941956          0.952958          0.961913          0.969194          0.975099          0.979885          0.983759          0.986891          0.989423          0.991468          0.993119          0.994451          0.995526          0.996393          0.997092          0.997656          0.998111          0.998477          0.998773          0.999011          0.999203          0.999358          0.999482          0.999583          0.999664          0.999729          0.999782          0.999824          0.999858          0.999886          0.999908          0.999926          0.99994           0.999952          0.999961          0.999969          0.999975          0.99998           0.999984          0.999987          0.999989          0.999991          0.999993          0.999994          0.999996          0.999996          0.999997          0.999998          0.999998          0.999998          0.999999          0.999999          0.999999          0.999999          0.999999          1                 1                 1                 1                 1                 1                 1                 1                 1                 1                 1                 
26      1.15742288        1.06076688           0.212692307        1.3692e-17        2.57281e-14       1.11918e-11       1.49745e-09       7.73455e-08       1.86013e-06       2.4093e-05        0.000189959       0.00100265        0.00383156        0.0112886         0.0269566         0.0543795         0.0956991         0.150938          0.21789           0.292896          0.371766          0.450494          0.525948          0.595818          0.658844          0.714442          0.762636          0.803841          0.838646          0.867799          0.892018          0.912032          0.928484          0.941956          0.952958          0.961913          0.969194          0.975099          0.979885          0.983759          0.986891          0.989423          0.991468          0.993119          0.994451          0.995526          0.996393          0.997092          0.997656          0.998111          0.998477          0.998773          0.999011          0.999203          0.999358          0.999482          0.999583          0.999664          0.999729          0.999782          0.999824          0.999858          0.999886          0.999908          0.999926          0.99994           0.999952          0.999961          0.999969          0.999975          0.99998           0.999984          0.999987          0.999989          0.999991          0.999993          0.999994          0.999996          0.999996          0.999997          0.999998          0.999998          0.999998          0.999999          0.999999          0.999999          0.999999          0.999999          1                 1                 1                 1                 1                 1                 1                 1                 1                 1                 1                 
27      1.38949549        1.27345919           0.255338828        1.3692e-17        2.57281e-14       1.11918e-11       1.49745e-09       7.73455e-08       1.86013e-06       2.4093e-05        0.000189959       0.00100265        0.00383156        0.0112886         0.0269566         0.0543795         0.0956991         0.150938          0.21789           0.292896          0.371766          0.450494          0.525948          0.595818          0.658844          0.714442          0.762636          0.803841          0.838646          0.867799          0.892018          0.912032          0.928484          0.941956          0.952958          0.961913          0.969194          0.975099          0.979885          0.983759          0.986891          0.989423          0.991468          0.993119          0.994451          0.995526          0.996393          0.997092          0.997656          0.998111          0.998477          0.998773          0.999011          0.999203          0.999358          0.999482          0.999583          0.999664          0.999729          0.999782          0.999824          0.999858          0.999886          0.999908          0.999926          0.99994           0.999952          0.999961          0.999969          0.999975          0.99998           0.999984          0.999987          0.999989          0.999991          0.999993          0.999994          0.999996          0.999996          0.999997          0.999998          0.999998          0.999998          0.999999          0.999999          0.999999          0.999999          0.999999          1                 1                 1                 1                 1                 1                 1                 1                 1                 1                 1                 
28      1.66810054        1.52879802           0.306536321        1.3692e-17        2.57281e-14       1.11918e-11       1.49745e-09       7.73455e-08       1.86013e-06       2.4093e-05        0.000189959       0.00100265        0.00383156        0.0112886         0.0269566         0.0543795         0.0956991         0.150938          0.21789           0.292896          0.371766          0.450494          0.525948          0.595818          0.658844          0.714442          0.762636          0.803841          0.838646          0.867799          0.892018          0.912032          0.928484          0.941956          0.952958          0.961913          0.969194          0.975099          0.979885          0.983759          0.986891          0.989423          0.991468          0.993119          0.994451          0.995526          0.996393          0.997092          0.997656          0.998111          0.998477          0.998773          0.999011          0.999203          0.999358          0.999482          0.999583          0.999664          0.999729          0.999782          0.999824          0.999858          0.999886          0.999908          0.999926          0.99994           0.999952          0.999961          0.999969          0.999975          0.99998           0.999984          0.999987          0.999989          0.999991          0.999993          0.999994          0.999996          0.999996          0.999997          0.999998          0.999998          0.999998          0.999999          0.999999          0.999999          0.999999          0.999999          1                 1                 1                 1                 1                 1                 1                 1                 1                 1                 1                 
29      2.00256814        1.83533434           0.367999323        1.3692e-17        2.57281e-14       1.11918e-11       1.49745e-09       7.73455e-08       1.86013e-06       2.4093e-05        0.000189959       0.00100265        0.00383156        0.0112886         0.0269566         0.0543795         0.0956991         0.150938          0.21789           0.292896          0.371766          0.450494          0.525948          0.595818          0.658844          0.714442          0.762636          0.803841          0.838646          0.867799          0.892018          0.912032          0.928484          0.941956          0.952958          0.961913          0.969194          0.975099          0.979885          0.983759          0.986891          0.989423          0.991468          0.993119          0.994451          0.995526          0.996393          0.997092          0.997656          0.998111          0.998477          0.998773          0.999011          0.999203          0.999358          0.999482          0.999583          0.999664          0.999729          0.999782          0.999824          0.999858          0.999886          0.999908          0.999926          0.99994           0.999952          0.999961          0.999969          0.999975          0.99998           0.999984          0.999987          0.999989          0.999991          0.999993          0.999994          0.999996          0.999996          0.999997          0.999998          0.999998          0.999998          0.999999          0.999999          0.999999          0.999999          0.999999          1                 1                 1                 1                 1                 1                 1                 1                 1                 1                 1                 
30      2.40409918        2.20333366           0.441786153        1.3692e-17        2.57281e-14       1.11918e-11       1.49745e-09       7.73455e-08       1.86013e-06       2.4093e-05        0.000189959       0.00100265        0.00383156        0.0112886         0.0269566         0.0543795         0.0956991         0.150938          0.21789           0.292896          0.371766          0.450494          0.525948          0.595818          0.658844          0.714442          0.762636          0.803841          0.838646          0.867799          0.892018          0.912032          0.928484          0.941956          0.952958          0.961913          0.969194          0.975099          0.979885          0.983759          0.986891          0.989423          0.991468          0.993119          0.994451          0.995526          0.996393          0.997092          0.997656          0.998111          0.998477          0.998773          0.999011          0.999203          0.999358          0.999482          0.999583          0.999664          0.999729          0.999782          0.999824          0.999858          0.999886          0.999908          0.999926          0.99994           0.999952          0.999961          0.999969          0.999975          0.99998           0.999984          0.999987          0.999989          0.999991          0.999993          0.999994          0.999996          0.999996          0.999997          0.999998          0.999998          0.999998          0.999999          0.999999          0.999999          0.999999          0.999999          1                 1                 1                 1                 1                 1                 1                 1                 1                 1                 1                 
31      2.88614044        2.64511981           0.530367836        1.3692e-17        2.57281e-14       1.11918e-11       1.49745e-09       7.73455e-08       1.86013e-06       2.4093e-05        0.000189959       0.00100265        0.00383156        0.0112886         0.0269566         0.0543795         0.0956991         0.150938          0.21789           0.292896          0.371766          0.450494          0.525948          0.595818          0.658844          0.714442          0.762636          0.803841          0.838646          0.867799          0.892018          0.912032          0.928484          0.941956          0.952958          0.961913          0.969194          0.975099          0.979885          0.983759          0.986891          0.989423          0.991468          0.993119          0.994451          0.995526          0.996393          0.997092          0.997656          0.998111          0.998477          0.998773          0.999011          0.999203          0.999358          0.999482          0.999583          0.999664          0.999729          0.999782          0.999824          0.999858          0.999886          0.999908          0.999926          0.99994           0.999952          0.999961          0.999969          0.999975          0.99998           0.999984          0.999987          0.999989          0.999991          0.999993          0.999994          0.999996          0.999996          0.999997          0.999998          0.999998          0.999998          0.999999          0.999999          0.999999          0.999999          0.999999          1                 1                 1                 1                 1                 1                 1                 1                 1                 1                 1                 
32      3.46483486        3.17548765           0.636710861        1.3692e-17        2.57281e-14       1.11918e-11       1.49745e-09       7.73455e-08       1.86013e-06       2.4093e-05        0.000189959       0.00100265        0.00383156        0.0112886         0.0269566         0.0543795         0.0956991         0.150938          0.21789           0.292896          0.371766          0.450494          0.525948          0.595818          0.658844          0.714442          0.762636          0.803841          0.838646          0.867799          0.892018          0.912032          0.928484          0.941956          0.952958          0.961913          0.969194          0.975099          0.979885          0.983759          0.986891          0.989423          0.991468          0.993119          0.994451          0.995526          0.996393          0.997092          0.997656          0.998111          0.998477          0.998773          0.999011          0.999203          0.999358          0.999482          0.999583          0.999664          0.999729          0.999782          0.999824          0.999858          0.999886          0.999908          0.999926          0.99994           0.999952          0.999961          0.999969          0.999975          0.99998           0.999984          0.999987          0.999989          0.999991          0.999993          0.999994          0.999996          0.999996          0.999997          0.999998          0.999998          0.999998          0.999999          0.999999          0.999999          0.999999          0.999999          1                 1                 1                 1                 1                 1                 1                 1                 1                 1                 1                 
33      4.15956216        3.81219851           0.764376519        1.3692e-17        2.57281e-14       1.11918e-11       1.49745e-09       7.73455e-08       1.86013e-06       2.4093e-05        0.000189959       0.00100265        0.00383156        0.0112886         0.0269566         0.0543795         0.0956991         0.150938          0.21789           0.292896          0.371766          0.450494          0.525948          0.595818          0.658844          0.714442          0.762636          0.803841          0.838646          0.867799          0.892018          0.912032          0.928484          0.941956          0.952958          0.961913          0.969194          0.975099          0.979885          0.983759          0.986891          0.989423          0.991468          0.993119          0.994451          0.995526          0.996393          0.997092          0.997656          0.998111          0.998477          0.998773          0.999011          0.999203          0.999358          0.999482          0.999583          0.999664          0.999729          0.999782          0.999824          0.999858          0.999886          0.999908          0.999926          0.99994           0.999952          0.999961          0.999969          0.999975          0.99998           0.999984          0.999987          0.999989          0.999991          0.999993          0.999994          0.999996          0.999996          0.999997          0.999998          0.999998          0.999998          0.999999          0.999999          0.999999          0.999999          0.999999          1                 1                 1                 1                 1                 1                 1                 1                 1                 1                 1                 
34      4.99358789        4.57657503           0.91764017         1.3692e-17        2.57281e-14       1.11918e-11       1.49745e-09       7.73455e-08       1.86013e-06       2.4093e-05        0.000189959       0.00100265        0.00383156        0.0112886         0.0269566         0.0543795         0.0956991         0.150938          0.21789           0.292896          0.371766          0.450494          0.525948          0.595818          0.658844          0.714442          0.762636          0.803841          0.838646          0.867799          0.892018          0.912032          0.928484          0.941956          0.952958          0.961913          0.969194          0.975099          0.979885          0.983759          0.986891          0.989423          0.991468          0.993119          0.994451          0.995526          0.996393          0.997092          0.997656          0.998111          0.998477          0.998773          0.999011          0.999203          0.999358          0.999482          0.999583          0.999664          0.999729          0.999782          0.999824          0.999858          0.999886          0.999908          0.999926          0.99994           0.999952          0.999961          0.999969          0.999975          0.99998           0.999984          0.999987          0.999989          0.999991          0.999993          0.999994          0.999996          0.999996          0.999997          0.999998          0.999998          0.999998          0.999999          0.999999          0.999999          0.999999          0.999999          1                 1                 1                 1                 1                 1                 1                 1                 1                 1                 1                 
35      5.9948425         5.4942152            1.10163442         1.3692e-17        2.57281e-14       1.11918e-11       1.49745e-09       7.73455e-08       1.86013e-06       2.4093e-05        0.000189959       0.00100265        0.00383156        0.0112886         0.0269566         0.0543795         0.0956991         0.150938          0.21789           0.292896          0.371766          0.450494          0.525948          0.595818          0.658844          0.714442          0.762636          0.803841          0.838646          0.867799          0.892018          0.912032          0.928484          0.941956          0.952958          0.961913          0.969194          0.975099          0.979885          0.983759          0.986891          0.989423          0.991468          0.993119          0.994451          0.995526          0.996393          0.997092          0.997656          0.998111          0.998477          0.998773          0.999011          0.999203          0.999358          0.999482          0.999583          0.999664          0.999729          0.999782          0.999824          0.999858          0.999886          0.999908          0.999926          0.99994           0.999952          0.999961          0.999969          0.999975          0.99998           0.999984          0.999987          0.999989          0.999991          0.999993          0.999994          0.999996          0.999996          0.999997          0.999998          0.999998          0.999998          0.999999          0.999999          0.999999          0.999999          0.999999          1                 1                 1                 1                 1                 1                 1                 1                 1                 1                 1                 
36      7.19685673        6.59584962           1.322521           1.3692e-17        2.57281e-14       1.11918e-11       1.49745e-09       7.73455e-08       1.86013e-06       2.4093e-05        0.000189959       0.00100265        0.00383156        0.0112886         0.0269566         0.0543795         0.0956991         0.150938          0.21789           0.292896          0.371766          0.450494          0.525948          0.595818          0.658844          0.714442          0.762636          0.803841          0.838646          0.867799          0.892018          0.912032          0.928484          0.941956          0.952958          0.961913          0.969194          0.975099          0.979885          0.983759          0.986891          0.989423          0.991468          0.993119          0.994451          0.995526          0.996393          0.997092          0.997656          0.998111          0.998477          0.998773          0.999011          0.999203          0.999358          0.999482          0.999583          0.999664          0.999729          0.999782          0.999824          0.999858          0.999886          0.999908          0.999926          0.99994           0.999952          0.999961          0.999969          0.999975          0.99998           0.999984          0.999987          0.999989          0.999991          0.999993          0.999994          0.999996          0.999996          0.999997          0.999998          0.999998          0.999998          0.999999          0.999999          0.999999          0.999999          0.999999          1                 1                 1                 1                 1                 1                 1                 1                 1                 1                 1                 
37      8.63988449        7.91837061           1.58769711         1.3692e-17        2.57281e-14       1.11918e-11       1.49745e-09       7.73455e-08       1.86013e-06       2.4093e-05        0.000189959       0.00100265        0.00383156        0.0112886         0.0269566         0.0543795         0.0956991         0.150938          0.21789           0.292896          0.371766          0.450494          0.525948          0.595818          0.658844          0.714442          0.762636          0.803841          0.838646          0.867799          0.892018          0.912032          0.928484          0.941956          0.952958          0.961913          0.969194          0.975099          0.979885          0.983759          0.986891          0.989423          0.991468          0.993119          0.994451          0.995526          0.996393          0.997092          0.997656          0.998111          0.998477          0.998773          0.999011          0.999203          0.999358          0.999482          0.999583          0.999664          0.999729          0.999782          0.999824          0.999858          0.999886          0.999908          0.999926          0.99994           0.999952          0.999961          0.999969          0.999975          0.99998           0.999984          0.999987          0.999989          0.999991          0.999993          0.999994          0.999996          0.999996          0.999997          0.999998          0.999998          0.999998          0.999999          0.999999          0.999999          0.999999          0.999999          1                 1                 1                 1                 1                 1                 1                 1                 1                 1                 1                 
38      10.372251         9.50606772           1.90604318         1.3692e-17        2.57281e-14       1.11918e-11       1.49745e-09       7.73455e-08       1.86013e-06       2.4093e-05        0.000189959       0.00100265        0.00383156        0.0112886         0.0269566         0.0543795         0.0956991         0.150938          0.21789           0.292896          0.371766          0.450494          0.525948          0.595818          0.658844          0.714442          0.762636          0.803841          0.838646          0.867799          0.892018          0.912032          0.928484          0.941956          0.952958          0.961913          0.969194          0.975099          0.979885          0.983759          0.986891          0.989423          0.991468          0.993119          0.994451          0.995526          0.996393          0.997092          0.997656          0.998111          0.998477          0.998773          0.999011          0.999203          0.999358          0.999482          0.999583          0.999664          0.999729          0.999782          0.999824          0.999858          0.999886          0.999908          0.999926          0.99994           0.999952          0.999961          0.999969          0.999975          0.99998           0.999984          0.999987          0.999989          0.999991          0.999993          0.999994          0.999996          0.999996          0.999997          0.999998          0.999998          0.999998          0.999999          0.999999          0.999999          0.999999          0.999999          1                 1                 1                 1                 1                 1                 1                 1                 1                 1                 1                 
39      12.4519708        11.4121109           2.28822019         1.3692e-17        2.57281e-14       1.11918e-11       1.49745e-09       7.73455e-08       1.86013e-06       2.4093e-05        0.000189959       0.00100265        0.00383156        0.0112886         0.0269566         0.0543795         0.0956991         0.150938          0.21789           0.292896          0.371766          0.450494          0.525948          0.595818          0.658844          0.714442          0.762636          0.803841          0.838646          0.867799          0.892018          0.912032          0.928484          0.941956          0.952958          0.961913          0.969194          0.975099          0.979885          0.983759          0.986891          0.989423          0.991468          0.993119          0.994451          0.995526          0.996393          0.997092          0.997656          0.998111          0.998477          0.998773          0.999011          0.999203          0.999358          0.999482          0.999583          0.999664          0.999729          0.999782          0.999824          0.999858          0.999886          0.999908          0.999926          0.99994           0.999952          0.999961          0.999969          0.999975          0.99998           0.999984          0.999987          0.999989          0.999991          0.999993          0.999994          0.999996          0.999996          0.999997          0.999998          0.999998          0.999998          0.999999          0.999999          0.999999          0.999999          0.999999          1                 1                 1                 1                 1                 1                 1                 1                 1                 1                 1                 
40      14.9486913        13.7003311           2.74702678         1.3692e-17        2.57281e-14       1.11918e-11       1.49745e-09       7.73455e-08       1.86013e-06       2.4093e-05        0.000189959       0.00100265        0.00383156        0.0112886         0.0269566         0.0543795         0.0956991         0.150938          0.21789           0.292896          0.371766          0.450494          0.525948          0.595818          0.658844          0.714442          0.762636          0.803841          0.838646          0.867799          0.892018          0.912032          0.928484          0.941956          0.952958          0.961913          0.969194          0.975099          0.979885          0.983759          0.986891          0.989423          0.991468          0.993119          0.994451          0.995526          0.996393          0.997092          0.997656          0.998111          0.998477          0.998773          0.999011          0.999203          0.999358          0.999482          0.999583          0.999664          0.999729          0.999782          0.999824          0.999858          0.999886          0.999908          0.999926          0.99994           0.999952          0.999961          0.999969          0.999975          0.99998           0.999984          0.999987          0.999989          0.999991          0.999993          0.999994          0.999996          0.999996          0.999997          0.999998          0.999998          0.999998          0.999999          0.999999          0.999999          0.999999          0.999999          1                 1                 1                 1                 1                 1                 1                 1                 1                 1                 1                 
41      17.9460244        16.4473579           3.29782778         1.3692e-17        2.57281e-14       1.11918e-11       1.49745e-09       7.73455e-08       1.86013e-06       2.4093e-05        0.000189959       0.00100265        0.00383156        0.0112886         0.0269566         0.0543795         0.0956991         0.150938          0.21789           0.292896          0.371766          0.450494          0.525948          0.595818          0.658844          0.714442          0.762636          0.803841          0.838646          0.867799          0.892018          0.912032          0.928484          0.941956          0.952958          0.961913          0.969194          0.975099          0.979885          0.983759          0.986891          0.989423          0.991468          0.993119          0.994451          0.995526          0.996393          0.997092          0.997656          0.998111          0.998477          0.998773          0.999011          0.999203          0.999358          0.999482          0.999583          0.999664          0.999729          0.999782          0.999824          0.999858          0.999886          0.999908          0.999926          0.99994           0.999952          0.999961          0.999969          0.999975          0.99998           0.999984          0.999987          0.999989          0.999991          0.999993          0.999994          0.999996          0.999996          0.999997          0.999998          0.999998          0.999998          0.999999          0.999999          0.999999          0.999999          0.999999          1                 1                 1                 1                 1                 1                 1                 1                 1                 1                 1                 
42      21.5443469        19.7451857           3.95906882         1.3692e-17        2.57281e-14       1.11918e-11       1.49745e-09       7.73455e-08       1.86013e-06       2.4093e-05        0.000189959       0.00100265        0.00383156        0.0112886         0.0269566         0.0543795         0.0956991         0.150938          0.21789           0.292896          0.371766          0.450494          0.525948          0.595818          0.658844          0.714442          0.762636          0.803841          0.838646          0.867799          0.892018          0.912032          0.928484          0.941956          0.952958          0.961913          0.969194          0.975099          0.979885          0.983759          0.986891          0.989423          0.991468          0.993119          0.994451          0.995526          0.996393          0.997092          0.997656          0.998111          0.998477          0.998773          0.999011          0.999203          0.999358          0.999482          0.999583          0.999664          0.999729          0.999782          0.999824          0.999858          0.999886          0.999908          0.999926          0.99994           0.999952          0.999961          0.999969          0.999975          0.99998           0.999984          0.999987          0.999989          0.999991          0.999993          0.999994          0.999996          0.999996          0.999997          0.999998          0.999998          0.999998          0.999999          0.999999          0.999999          0.999999          0.999999          1                 1                 1                 1                 1                 1                 1                 1                 1                 1                 1                 
43      25.8641621        23.7042545           4.75289403         1.3692e-17        2.57281e-14       1.11918e-11       1.49745e-09       7.73455e-08       1.86013e-06       2.4093e-05        0.000189959       0.00100265        0.00383156        0.0112886         0.0269566         0.0543795         0.0956991         0.150938          0.21789           0.292896          0.371766          0.450494          0.525948          0.595818          0.658844          0.714442          0.762636          0.803841          0.838646          0.867799          0.892018          0.912032          0.928484          0.941956          0.952958          0.961913          0.969194          0.975099          0.979885          0.983759          0.986891          0.989423          0.991468          0.993119          0.994451          0.995526          0.996393          0.997092          0.997656          0.998111          0.998477          0.998773          0.999011          0.999203          0.999358          0.999482          0.999583          0.999664          0.999729          0.999782          0.999824          0.999858          0.999886          0.999908          0.999926          0.99994           0.999952          0.999961          0.999969          0.999975          0.99998           0.999984          0.999987          0.999989          0.999991          0.999993          0.999994          0.999996          0.999996          0.999997          0.999998          0.999998          0.999998          0.999999          0.999999          0.999999          0.999999          0.999999          1                 1                 1                 1                 1                 1                 1                 1                 1                 1                 1                 
44      31.050135         28.4571485           5.70588758         1.3692e-17        2.57281e-14       1.11918e-11       1.49745e-09       7.73455e-08       1.86013e-06       2.4093e-05        0.000189959       0.00100265        0.00383156        0.0112886         0.0269566         0.0543795         0.0956991         0.150938          0.21789           0.292896          0.371766          0.450494          0.525948          0.595818          0.658844          0.714442          0.762636          0.803841          0.838646          0.867799          0.892018          0.912032          0.928484          0.941956          0.952958          0.961913          0.969194          0.975099          0.979885          0.983759          0.986891          0.989423          0.991468          0.993119          0.994451          0.995526          0.996393          0.997092          0.997656          0.998111          0.998477          0.998773          0.999011          0.999203          0.999358          0.999482          0.999583          0.999664          0.999729          0.999782          0.999824          0.999858          0.999886          0.999908          0.999926          0.99994           0.999952          0.999961          0.999969          0.999975          0.99998           0.999984          0.999987          0.999989          0.999991          0.999993          0.999994          0.999996          0.999996          0.999997          0.999998          0.999998          0.999998          0.999999          0.999999          0.999999          0.999999          0.999999          1                 1                 1                 1                 1                 1                 1                 1                 1                 1                 1                 
45      37.2759372        34.1630361           6.84996401         1.3692e-17        2.57281e-14       1.11918e-11       1.49745e-09       7.73455e-08       1.86013e-06       2.4093e-05        0.000189959       0.00100265        0.00383156        0.0112886         0.0269566         0.0543795         0.0956991         0.150938          0.21789           0.292896          0.371766          0.450494          0.525948          0.595818          0.658844          0.714442          0.762636          0.803841          0.838646          0.867799          0.892018          0.912032          0.928484          0.941956          0.952958          0.961913          0.969194          0.975099          0.979885          0.983759          0.986891          0.989423          0.991468          0.993119          0.994451          0.995526          0.996393          0.997092          0.997656          0.998111          0.998477          0.998773          0.999011          0.999203          0.999358          0.999482          0.999583          0.999664          0.999729          0.999782          0.999824          0.999858          0.999886          0.999908          0.999926          0.99994           0.999952          0.999961          0.999969          0.999975          0.99998           0.999984          0.999987          0.999989          0.999991          0.999993          0.999994          0.999996          0.999996          0.999997          0.999998          0.999998          0.999998          0.999999          0.999999          0.999999          0.999999          0.999999          1                 1                 1                 1                 1                 1                 1                 1                 1                 1                 1                 
46      44.750063         41.0130001           8.22343699         1.3692e-17        2.57281e-14       1.11918e-11       1.49745e-09       7.73455e-08       1.86013e-06       2.4093e-05        0.000189959       0.00100265        0.00383156        0.0112886         0.0269566         0.0543795         0.0956991         0.150938          0.21789           0.292896          0.371766          0.450494          0.525948          0.595818          0.658844          0.714442          0.762636          0.803841          0.838646          0.867799          0.892018          0.912032          0.928484          0.941956          0.952958          0.961913          0.969194          0.975099          0.979885          0.983759          0.986891          0.989423          0.991468          0.993119          0.994451          0.995526          0.996393          0.997092          0.997656          0.998111          0.998477          0.998773          0.999011          0.999203          0.999358          0.999482          0.999583          0.999664          0.999729          0.999782          0.999824          0.999858          0.999886          0.999908          0.999926          0.99994           0.999952          0.999961          0.999969          0.999975          0.99998           0.999984          0.999987          0.999989          0.999991          0.999993          0.999994          0.999996          0.999996          0.999997          0.999998          0.999998          0.999998          0.999999          0.999999          0.999999          0.999999          0.999999          1                 1                 1                 1                 1                 1                 1                 1                 1                 1                 1                 
47      53.7228112        49.2364371           9.87230237         1.3692e-17        2.57281e-14       1.11918e-11       1.49745e-09       7.73455e-08       1.86013e-06       2.4093e-05        0.000189959       0.00100265        0.00383156        0.0112886         0.0269566         0.0543795         0.0956991         0.150938          0.21789           0.292896          0.371766          0.450494          0.525948          0.595818          0.658844          0.714442          0.762636          0.803841          0.838646          0.867799          0.892018          0.912032          0.928484          0.941956          0.952958          0.961913          0.969194          0.975099          0.979885          0.983759          0.986891          0.989423          0.991468          0.993119          0.994451          0.995526          0.996393          0.997092          0.997656          0.998111          0.998477          0.998773          0.999011          0.999203          0.999358          0.999482          0.999583          0.999664          0.999729          0.999782          0.999824          0.999858          0.999886          0.999908          0.999926          0.99994           0.999952          0.999961          0.999969          0.999975          0.99998           0.999984          0.999987          0.999989          0.999991          0.999993          0.999994          0.999996          0.999996          0.999997          0.999998          0.999998          0.999998          0.999999          0.999999          0.999999          0.999999          0.999999          1                 1                 1                 1                 1                 1                 1                 1                 1                 1                 1                 
48      64.4946677        59.1087394           11.8517785         1.3692e-17        2.57281e-14       1.11918e-11       1.49745e-09       7.73455e-08       1.86013e-06       2.4093e-05        0.000189959       0.00100265        0.00383156        0.0112886         0.0269566         0.0543795         0.0956991         0.150938          0.21789           0.292896          0.371766          0.450494          0.525948          0.595818          0.658844          0.714442          0.762636          0.803841          0.838646          0.867799          0.892018          0.912032          0.928484          0.941956          0.952958          0.961913          0.969194          0.975099          0.979885          0.983759          0.986891          0.989423          0.991468          0.993119          0.994451          0.995526          0.996393          0.997092          0.997656          0.998111          0.998477          0.998773          0.999011          0.999203          0.999358          0.999482          0.999583          0.999664          0.999729          0.999782          0.999824          0.999858          0.999886          0.999908          0.999926          0.99994           0.999952          0.999961          0.999969          0.999975          0.99998           0.999984          0.999987          0.999989          0.999991          0.999993          0.999994          0.999996          0.999996          0.999997          0.999998          0.999998          0.999998          0.999999          0.999999          0.999999          0.999999          0.999999          1                 1                 1                 1                 1                 1                 1                 1                 1                 1                 1                 
49      77.4263683        70.960518            14.2281556         1.3692e-17        2.57281e-14       1.11918e-11       1.49745e-09       7.73455e-08       1.86013e-06       2.4093e-05        0.000189959       0.00100265        0.00383156        0.0112886         0.0269566         0.0543795         0.0956991         0.150938          0.21789           0.292896          0.371766          0.450494          0.525948          0.595818          0.658844          0.714442          0.762636          0.803841          0.838646          0.867799          0.892018          0.912032          0.928484          0.941956          0.952958          0.961913          0.969194          0.975099          0.979885          0.983759          0.986891          0.989423          0.991468          0.993119          0.994451          0.995526          0.996393          0.997092          0.997656          0.998111          0.998477          0.998773          0.999011          0.999203          0.999358          0.999482          0.999583          0.999664          0.999729          0.999782          0.999824          0.999858          0.999886          0.999908          0.999926          0.99994           0.999952          0.999961          0.999969          0.999975          0.99998           0.999984          0.999987          0.999989          0.999991          0.999993          0.999994          0.999996          0.999996          0.999997          0.999998          0.999998          0.999998          0.999999          0.999999          0.999999          0.999999          0.999999          1                 1                 1                 1                 1                 1                 1                 1                 1                 1                 1                 
50      92.950979         85.1886736           17.0810155         1.3692e-17        2.57281e-14       1.11918e-11       1.49745e-09       7.73455e-08       1.86013e-06       2.4093e-05        0.000189959       0.00100265        0.00383156        0.0112886         0.0269566         0.0543795         0.0956991         0.150938          0.21789           0.292896          0.371766          0.450494          0.525948          0.595818          0.658844          0.714442          0.762636          0.803841          0.838646          0.867799          0.892018          0.912032          0.928484          0.941956          0.952958          0.961913          0.969194          0.975099          0.979885          0.983759          0.986891          0.989423          0.991468          0.993119          0.994451          0.995526          0.996393          0.997092          0.997656          0.998111          0.998477          0.998773          0.999011          0.999203          0.999358          0.999482          0.999583          0.999664          0.999729          0.999782          0.999824          0.999858          0.999886          0.999908          0.999926          0.99994           0.999952          0.999961          0.999969          0.999975          0.99998           0.999984          0.999987          0.999989          0.999991          0.999993          0.999994          0.999996          0.999996          0.999997          0.999998          0.999998          0.999998          0.999999          0.999999          0.999999          0.999999          0.999999          1                 1                 1                 1                 1                 1                 1                 1                 1                 1                 1                 
51      111.588399        102.269689           20.5058967         1.3692e-17        2.57281e-14       1.11918e-11       1.49745e-09       7.73455e-08       1.86013e-06       2.4093e-05        0.000189959       0.00100265        0.00383156        0.0112886         0.0269566         0.0543795         0.0956991         0.150938          0.21789           0.292896          0.371766          0.450494          0.525948          0.595818          0.658844          0.714442          0.762636          0.803841          0.838646          0.867799          0.892018          0.912032          0.928484          0.941956          0.952958          0.961913          0.969194          0.975099          0.979885          0.983759          0.986891          0.989423          0.991468          0.993119          0.994451          0.995526          0.996393          0.997092          0.997656          0.998111          0.998477          0.998773          0.999011          0.999203          0.999358          0.999482          0.999583          0.999664          0.999729          0.999782          0.999824          0.999858          0.999886          0.999908          0.999926          0.99994           0.999952          0.999961          0.999969          0.999975          0.99998           0.999984          0.999987          0.999989          0.999991          0.999993          0.999994          0.999996          0.999996          0.999997          0.999998          0.999998          0.999998          0.999999          0.999999          0.999999          0.999999          0.999999          1                 1                 1                 1                 1                 1                 1                 1                 1                 1                 1                 
52      133.962772        122.775586           24.6174943         1.3692e-17        2.57281e-14       1.11918e-11       1.49745e-09       7.73455e-08       1.86013e-06       2.4093e-05        0.000189959       0.00100265        0.00383156        0.0112886         0.0269566         0.0543795         0.0956991         0.150938          0.21789           0.292896          0.371766          0.450494          0.525948          0.595818          0.658844          0.714442          0.762636          0.803841          0.838646          0.867799          0.892018          0.912032          0.928484          0.941956          0.952958          0.961913          0.969194          0.975099          0.979885          0.983759          0.986891          0.989423          0.991468          0.993119          0.994451          0.995526          0.996393          0.997092          0.997656          0.998111          0.998477          0.998773          0.999011          0.999203          0.999358          0.999482          0.999583          0.999664          0.999729          0.999782          0.999824          0.999858          0.999886          0.999908          0.999926          0.99994           0.999952          0.999961          0.999969          0.999975          0.99998           0.999984          0.999987          0.999989          0.999991          0.999993          0.999994          0.999996          0.999996          0.999997          0.999998          0.999998          0.999998          0.999999          0.999999          0.999999          0.999999          0.999999          1                 1                 1                 1                 1                 1                 1                 1                 1                 1                 1                 
53      160.823388        147.39308            29.5535002         1.3692e-17        2.57281e-14       1.11918e-11       1.49745e-09       7.73455e-08       1.86013e-06       2.4093e-05        0.000189959       0.00100265        0.00383156        0.0112886         0.0269566         0.0543795         0.0956991         0.150938          0.21789           0.292896          0.371766          0.450494          0.525948          0.595818          0.658844          0.714442          0.762636          0.803841          0.838646          0.867799          0.892018          0.912032          0.928484          0.941956          0.952958          0.961913          0.969194          0.975099          0.979885          0.983759          0.986891          0.989423          0.991468          0.993119          0.994451          0.995526          0.996393          0.997092          0.997656          0.998111          0.998477          0.998773          0.999011          0.999203          0.999358          0.999482          0.999583          0.999664          0.999729          0.999782          0.999824          0.999858          0.999886          0.999908          0.999926          0.99994           0.999952          0.999961          0.999969          0.999975          0.99998           0.999984          0.999987          0.999989          0.999991          0.999993          0.999994          0.999996          0.999996          0.999997          0.999998          0.999998          0.999998          0.999999          0.999999          0.999999          0.999999          0.999999          1                 1                 1                 1                 1                 1                 1                 1                 1                 1                 1                 
54      193.069773        176.94658            35.4792151         1.3692e-17        2.57281e-14       1.11918e-11       1.49745e-09       7.73455e-08       1.86013e-06       2.4093e-05        0.000189959       0.00100265        0.00383156        0.0112886         0.0269566         0.0543795         0.0956991         0.150938          0.21789           0.292896          0.371766          0.450494          0.525948          0.595818          0.658844          0.714442          0.762636          0.803841          0.838646          0.867799          0.892018          0.912032          0.928484          0.941956          0.952958          0.961913          0.969194          0.975099          0.979885          0.983759          0.986891          0.989423          0.991468          0.993119          0.994451          0.995526          0.996393          0.997092          0.997656          0.998111          0.998477          0.998773          0.999011          0.999203          0.999358          0.999482          0.999583          0.999664          0.999729          0.999782          0.999824          0.999858          0.999886          0.999908          0.999926          0.99994           0.999952          0.999961          0.999969          0.999975          0.99998           0.999984          0.999987          0.999989          0.999991          0.999993          0.999994          0.999996          0.999996          0.999997          0.999998          0.999998          0.999998          0.999999          0.999999          0.999999          0.999999          0.999999          1                 1                 1                 1                 1                 1                 1                 1                 1                 1                 1                 
55      231.781818        212.425795           42.5930837         1.3692e-17        2.57281e-14       1.11918e-11       1.49745e-09       7.73455e-08       1.86013e-06       2.4093e-05        0.000189959       0.00100265        0.00383156        0.0112886         0.0269566         0.0543795         0.0956991         0.150938          0.21789           0.292896          0.371766          0.450494          0.525948          0.595818          0.658844          0.714442          0.762636          0.803841          0.838646          0.867799          0.892018          0.912032          0.928484          0.941956          0.952958          0.961913          0.969194          0.975099          0.979885          0.983759          0.986891          0.989423          0.991468          0.993119          0.994451          0.995526          0.996393          0.997092          0.997656          0.998111          0.998477          0.998773          0.999011          0.999203          0.999358          0.999482          0.999583          0.999664          0.999729          0.999782          0.999824          0.999858          0.999886          0.999908          0.999926          0.99994           0.999952          0.999961          0.999969          0.999975          0.99998           0.999984          0.999987          0.999989          0.999991          0.999993          0.999994          0.999996          0.999996          0.999997          0.999998          0.999998          0.999998          0.999999          0.999999          0.999999          0.999999          0.999999          1                 1                 1                 1                 1                 1                 1                 1                 1                 1                 1                 
56      278.25594         255.018879           51.1333401         1.3692e-17        2.57281e-14       1.11918e-11       1.49745e-09       7.73455e-08       1.86013e-06       2.4093e-05        0.000189959       0.00100265        0.00383156        0.0112886         0.0269566         0.0543795         0.0956991         0.150938          0.21789           0.292896          0.371766          0.450494          0.525948          0.595818          0.658844          0.714442          0.762636          0.803841          0.838646          0.867799          0.892018          0.912032          0.928484          0.941956          0.952958          0.961913          0.969194          0.975099          0.979885          0.983759          0.986891          0.989423          0.991468          0.993119          0.994451          0.995526          0.996393          0.997092          0.997656          0.998111          0.998477          0.998773          0.999011          0.999203          0.999358          0.999482          0.999583          0.999664          0.999729          0.999782          0.999824          0.999858          0.999886          0.999908          0.999926          0.99994           0.999952          0.999961          0.999969          0.999975          0.99998           0.999984          0.999987          0.999989          0.999991          0.999993          0.999994          0.999996          0.999996          0.999997          0.999998          0.999998          0.999998          0.999999          0.999999          0.999999          0.999999          0.999999          1                 1                 1                 1                 1                 1                 1                 1                 1                 1                 1                 
57      334.048498        306.152219           61.3859869         1.3692e-17        2.57281e-14       1.11918e-11       1.49745e-09       7.73455e-08       1.86013e-06       2.4093e-05        0.000189959       0.00100265        0.00383156        0.0112886         0.0269566         0.0543795         0.0956991         0.150938          0.21789           0.292896          0.371766          0.450494          0.525948          0.595818          0.658844          0.714442          0.762636          0.803841          0.838646          0.867799          0.892018          0.912032          0.928484          0.941956          0.952958          0.961913          0.969194          0.975099          0.979885          0.983759          0.986891          0.989423          0.991468          0.993119          0.994451          0.995526          0.996393          0.997092          0.997656          0.998111          0.998477          0.998773          0.999011          0.999203          0.999358          0.999482          0.999583          0.999664          0.999729          0.999782          0.999824          0.999858          0.999886          0.999908          0.999926          0.99994           0.999952          0.999961          0.999969          0.999975          0.99998           0.999984          0.999987          0.999989          0.999991          0.999993          0.999994          0.999996          0.999996          0.999997          0.999998          0.999998          0.999998          0.999999          0.999999          0.999999          0.999999          0.999999          1                 1                 1                 1                 1                 1                 1                 1                 1                 1                 1                 
58      401.027914        367.538206           73.6943719         1.3692e-17        2.57281e-14       1.11918e-11       1.49745e-09       7.73455e-08       1.86013e-06       2.4093e-05        0.000189959       0.00100265        0.00383156        0.0112886         0.0269566         0.0543795         0.0956991         0.150938          0.21789           0.292896          0.371766          0.450494          0.525948          0.595818          0.658844          0.714442          0.762636          0.803841          0.838646          0.867799          0.892018          0.912032          0.928484          0.941956          0.952958          0.961913          0.969194          0.975099          0.979885          0.983759          0.986891          0.989423          0.991468          0.993119          0.994451          0.995526          0.996393          0.997092          0.997656          0.998111          0.998477          0.998773          0.999011          0.999203          0.999358          0.999482          0.999583          0.999664          0.999729          0.999782          0.999824          0.999858          0.999886          0.999908          0.999926          0.99994           0.999952          0.999961          0.999969          0.999975          0.99998           0.999984          0.999987          0.999989          0.999991          0.999993          0.999994          0.999996          0.999996          0.999997          0.999998          0.999998          0.999998          0.999999          0.999999          0.999999          0.999999          0.999999          1                 1                 1                 1                 1                 1                 1                 1                 1                 1                 1                 
59      481.437242        441.232578           88.4706872         1.3692e-17        2.57281e-14       1.11918e-11       1.49745e-09       7.73455e-08       1.86013e-06       2.4093e-05        0.000189959       0.00100265        0.00383156        0.0112886         0.0269566         0.0543795         0.0956991         0.150938          0.21789           0.292896          0.371766          0.450494          0.525948          0.595818          0.658844          0.714442          0.762636          0.803841          0.838646          0.867799          0.892018          0.912032          0.928484          0.941956          0.952958          0.961913          0.969194          0.975099          0.979885          0.983759          0.986891          0.989423          0.991468          0.993119          0.994451          0.995526          0.996393          0.997092          0.997656          0.998111          0.998477          0.998773          0.999011          0.999203          0.999358          0.999482          0.999583          0.999664          0.999729          0.999782          0.999824          0.999858          0.999886          0.999908          0.999926          0.99994           0.999952          0.999961          0.999969          0.999975          0.99998           0.999984          0.999987          0.999989          0.999991          0.999993          0.999994          0.999996          0.999996          0.999997          0.999998          0.999998          0.999998          0.999999          0.999999          0.999999          0.999999          0.999999          1                 1                 1                 1                 1                 1                 1                 1                 1                 1                 1                 
60      577.969288        529.703265           106.209773         1.3692e-17        2.57281e-14       1.11918e-11       1.49745e-09       7.73455e-08       1.86013e-06       2.4093e-05        0.000189959       0.00100265        0.00383156        0.0112886         0.0269566         0.0543795         0.0956991         0.150938          0.21789           0.292896          0.371766          0.450494          0.525948          0.595818          0.658844          0.714442          0.762636          0.803841          0.838646          0.867799          0.892018          0.912032          0.928484          0.941956          0.952958          0.961913          0.969194          0.975099          0.979885          0.983759          0.986891          0.989423          0.991468          0.993119          0.994451          0.995526          0.996393          0.997092          0.997656          0.998111          0.998477          0.998773          0.999011          0.999203          0.999358          0.999482          0.999583          0.999664          0.999729          0.999782          0.999824          0.999858          0.999886          0.999908          0.999926          0.99994           0.999952          0.999961          0.999969          0.999975          0.99998           0.999984          0.999987          0.999989          0.999991          0.999993          0.999994          0.999996          0.999996          0.999997          0.999998          0.999998          0.999998          0.999999          0.999999          0.999999          0.999999          0.999999          1                 1                 1                 1                 1                 1                 1                 1                 1                 1                 1                 
61      693.856788        635.913038           127.505688         1.3692e-17        2.57281e-14       1.11918e-11       1.49745e-09       7.73455e-08       1.86013e-06       2.4093e-05        0.000189959       0.00100265        0.00383156        0.0112886         0.0269566         0.0543795         0.0956991         0.150938          0.21789           0.292896          0.371766          0.450494          0.525948          0.595818          0.658844          0.714442          0.762636          0.803841          0.838646          0.867799          0.892018          0.912032          0.928484          0.941956          0.952958          0.961913          0.969194          0.975099          0.979885          0.983759          0.986891          0.989423          0.991468          0.993119          0.994451          0.995526          0.996393          0.997092          0.997656          0.998111          0.998477          0.998773          0.999011          0.999203          0.999358          0.999482          0.999583          0.999664          0.999729          0.999782          0.999824          0.999858          0.999886          0.999908          0.999926          0.99994           0.999952          0.999961          0.999969          0.999975          0.99998           0.999984          0.999987          0.999989          0.999991          0.999993          0.999994          0.999996          0.999996          0.999997          0.999998          0.999998          0.999998          0.999999          0.999999          0.999999          0.999999          0.999999          1                 1                 1                 1                 1                 1                 1                 1                 1                 1                 1                 
62      832.980665        763.418726           153.071606         1.3692e-17        2.57281e-14       1.11918e-11       1.49745e-09       7.73455e-08       1.86013e-06       2.4093e-05        0.000189959       0.00100265        0.00383156        0.0112886         0.0269566         0.0543795         0.0956991         0.150938          0.21789           0.292896          0.371766          0.450494          0.525948          0.595818          0.658844          0.714442          0.762636          0.803841          0.838646          0.867799          0.892018          0.912032          0.928484          0.941956          0.952958          0.961913          0.969194          0.975099          0.979885          0.983759          0.986891          0.989423          0.991468          0.993119          0.994451          0.995526          0.996393          0.997092          0.997656          0.998111          0.998477          0.998773          0.999011          0.999203          0.999358          0.999482          0.999583          0.999664          0.999729          0.999782          0.999824          0.999858          0.999886          0.999908          0.999926          0.99994           0.999952          0.999961          0.999969          0.999975          0.99998           0.999984          0.999987          0.999989          0.999991          0.999993          0.999994          0.999996          0.999996          0.999997          0.999998          0.999998          0.999998          0.999999          0.999999          0.999999          0.999999          0.999999          1                 1                 1                 1                 1                 1                 1                 1                 1                 1                 1                 
63      1000              916.490332           167.019335         1.3692e-17        2.57281e-14       1.11918e-11       1.49745e-09       7.73455e-08       1.86013e-06       2.4093e-05        0.000189959       0.00100265        0.00383156        0.0112886         0.0269566         0.0543795         0.0956991         0.150938          0.21789           0.292896          0.371766          0.450494          0.525948          0.595818          0.658844          0.714442          0.762636          0.803841          0.838646          0.867799          0.892018          0.912032          0.928484          0.941956          0.952958          0.961913          0.969194          0.975099          0.979885          0.983759          0.986891          0.989423          0.991468          0.993119          0.994451          0.995526          0.996393          0.997092          0.997656          0.998111          0.998477          0.998773          0.999011          0.999203          0.999358          0.999482          0.999583          0.999664          0.999729          0.999782          0.999824          0.999858          0.999886          0.999908          0.999926          0.99994           0.999952          0.999961          0.999969          0.999975          0.99998           0.999984          0.999987          0.999989          0.999991          0.999993          0.999994          0.999996          0.999996          0.999997          0.999998          0.999998          0.999998          0.999999          0.999999          0.999999          0.999999          0.999999          1                 1                 1                 1                 1                 1                 1                 1                 1                 1                 1                 