This file contains the contribution function for each layer and waveband.
bin     cent_lambda[um]   low_int_lambda[um]   delta_lambda[um]   contr_func_lay[0]   contr_func_lay[1]   contr_func_lay[2]   contr_func_lay[3]   contr_func_lay[4]   contr_func_lay[5]   contr_func_lay[6]   contr_func_lay[7]   contr_func_lay[8]   contr_func_lay[9]   contr_func_lay[10]   contr_func_lay[11]   contr_func_lay[12]   contr_func_lay[13]   contr_func_lay[14]   contr_func_lay[15]   contr_func_lay[16]   contr_func_lay[17]   contr_func_lay[18]   contr_func_lay[19]   contr_func_lay[20]   contr_func_lay[21]   contr_func_lay[22]   contr_func_lay[23]   contr_func_lay[24]   contr_func_lay[25]   contr_func_lay[26]   contr_func_lay[27]   contr_func_lay[28]   contr_func_lay[29]   contr_func_lay[30]   contr_func_lay[31]   contr_func_lay[32]   contr_func_lay[33]   contr_func_lay[34]   contr_func_lay[35]   contr_func_lay[36]   contr_func_lay[37]   contr_func_lay[38]   contr_func_lay[39]   contr_func_lay[40]   contr_func_lay[41]   contr_func_lay[42]   contr_func_lay[43]   contr_func_lay[44]   contr_func_lay[45]   contr_func_lay[46]   contr_func_lay[47]   contr_func_lay[48]   contr_func_lay[49]   contr_func_lay[50]   contr_func_lay[51]   contr_func_lay[52]   contr_func_lay[53]   contr_func_lay[54]   contr_func_lay[55]   contr_func_lay[56]   contr_func_lay[57]   contr_func_lay[58]   contr_func_lay[59]   contr_func_lay[60]   contr_func_lay[61]   contr_func_lay[62]   contr_func_lay[63]   contr_func_lay[64]   contr_func_lay[65]   contr_func_lay[66]   contr_func_lay[67]   contr_func_lay[68]   contr_func_lay[69]   contr_func_lay[70]   contr_func_lay[71]   contr_func_lay[72]   contr_func_lay[73]   contr_func_lay[74]   contr_func_lay[75]   contr_func_lay[76]   contr_func_lay[77]   contr_func_lay[78]   contr_func_lay[79]   contr_func_lay[80]   contr_func_lay[81]   contr_func_lay[82]   contr_func_lay[83]   contr_func_lay[84]   contr_func_lay[85]   contr_func_lay[86]   contr_func_lay[87]   contr_func_lay[88]   contr_func_lay[89]   contr_func_lay[90]   contr_func_lay[91]   contr_func_lay[92]   contr_func_lay[93]   contr_func_lay[94]   contr_func_lay[95]   
0       0.01              0.00899745971        0.00200508058      0                     0                     0                     0                     0                     0                     0                     0                     0                     0                     0                     0                     0                     0                     0                     0                     0                     0                     0                     0                     0                     0                     0                     0                     0                     0                     0                     0                     0                     0                     0                     0                     0                     0                     0                     0                     0                     0                     0                     0                     0                     0                     0                     0                     0                     0                     0                     0                     0                     0                     0                     0                     0                     0                     0                     0                     0                     0                     0                     0                     0                     0                     0                     0                     0                     0                     0                     0                     0                     0                     0                     0                     0                     0                     0                     0                     0                     0                     0                     0                     0                     0                     0                     0                     0                     0                     0                     0                     0                     0                     0                     0                     0                     0                     0                     0                     
1       0.0120050806      0.0110025403         0.00220609798      0                     0                     0                     0                     0                     0                     0                     0                     0                     0                     0                     0                     0                     0                     0                     0                     0                     0                     0                     0                     0                     0                     0                     0                     0                     0                     0                     0                     0                     0                     0                     0                     0                     0                     0                     0                     0                     0                     0                     0                     0                     0                     0                     0                     0                     0                     0                     0                     0                     0                     0                     0                     0                     0                     0                     0                     0                     0                     0                     0                     0                     0                     0                     0                     0                     0                     0                     0                     0                     0                     0                     0                     0                     0                     0                     0                     0                     0                     0                     0                     0                     0                     0                     0                     0                     0                     0                     0                     0                     0                     0                     0                     0                     0                     0                     0                     
2       0.014412196       0.0132086383         0.00264843841      0                     0                     0                     0                     0                     0                     0                     0                     0                     0                     0                     0                     0                     0                     0                     0                     0                     0                     0                     0                     0                     0                     0                     0                     0                     0                     0                     0                     0                     0                     0                     0                     0                     0                     0                     0                     0                     0                     0                     0                     0                     0                     0                     0                     0                     0                     0                     0                     0                     0                     0                     0                     0                     0                     0                     0                     0                     0                     0                     0                     0                     0                     0                     0                     0                     0                     0                     0                     0                     0                     0                     0                     0                     0                     0                     0                     0                     0                     0                     0                     0                     0                     0                     0                     0                     0                     0                     0                     0                     0                     0                     0                     0                     0                     0                     0                     
3       0.0173019574      0.0158570767         0.00317947165      0                     0                     0                     0                     0                     0                     0                     0                     0                     0                     0                     0                     0                     0                     0                     0                     0                     0                     0                     0                     0                     0                     0                     0                     0                     0                     0                     0                     0                     0                     0                     0                     0                     0                     0                     0                     0                     0                     0                     0                     0                     0                     0                     0                     0                     0                     0                     0                     0                     0                     0                     0                     0                     0                     0                     0                     0                     0                     0                     0                     0                     0                     0                     0                     0                     0                     0                     0                     0                     0                     0                     0                     0                     0                     0                     0                     0                     0                     0                     0                     0                     0                     0                     0                     0                     0                     0                     0                     0                     0                     0                     0                     0                     0                     0                     0                     
4       0.0207711393      0.0190365483         0.00381698133      0                     0                     0                     0                     0                     0                     0                     0                     0                     0                     0                     0                     0                     0                     0                     0                     0                     0                     0                     0                     0                     0                     0                     0                     0                     0                     0                     0                     0                     0                     0                     0                     0                     0                     0                     0                     0                     0                     0                     0                     0                     0                     0                     0                     0                     0                     0                     0                     0                     0                     0                     0                     0                     0                     0                     0                     0                     0                     0                     0                     0                     0                     0                     0                     0                     0                     0                     0                     0                     0                     0                     0                     0                     0                     0                     0                     0                     0                     0                     0                     0                     0                     0                     0                     0                     0                     0                     0                     0                     0                     0                     0                     0                     0                     0                     0                     
5       0.02493592        0.0228535297         0.00458231684      0                     0                     0                     0                     0                     0                     0                     0                     0                     0                     0                     0                     0                     0                     0                     0                     0                     0                     0                     0                     0                     0                     0                     0                     0                     0                     0                     0                     0                     0                     0                     0                     0                     0                     0                     0                     0                     0                     0                     0                     0                     0                     0                     0                     0                     0                     0                     0                     0                     0                     0                     0                     0                     0                     0                     0                     0                     0                     0                     0                     0                     0                     0                     0                     0                     0                     0                     0                     0                     0                     0                     0                     0                     0                     0                     0                     0                     0                     0                     0                     0                     0                     0                     0                     0                     0                     0                     0                     0                     0                     0                     0                     0                     0                     0                     0                     
6       0.0299357729      0.0274358465         0.00550110829      1.62152e-320          2.87706e-318          2.75451e-319          8.39912e-323          0                     0                     0                     0                     0                     0                     0                     0                     0                     0                     0                     0                     0                     0                     0                     0                     0                     0                     0                     0                     0                     0                     0                     0                     0                     0                     0                     0                     0                     0                     0                     0                     0                     0                     0                     0                     0                     0                     0                     0                     0                     0                     0                     0                     0                     0                     0                     0                     0                     0                     0                     0                     0                     0                     0                     0                     0                     0                     0                     0                     0                     0                     0                     0                     0                     0                     0                     0                     0                     0                     0                     0                     0                     0                     0                     0                     0                     0                     0                     0                     0                     0                     0                     0                     0                     0                     0                     0                     0                     0                     0                     0                     
7       0.0359381366      0.0329369548         0.00660412483      1.27183e-275          1.73368e-271          1.66321e-270          5.78069e-272          1.86053e-275          6.80949e-281          6.66692e-288          2.65191e-296          7.48116e-306          0                     0                     0                     0                     0                     0                     0                     0                     0                     0                     0                     0                     0                     0                     0                     0                     0                     0                     0                     0                     0                     0                     0                     0                     0                     0                     0                     0                     0                     0                     0                     0                     0                     0                     0                     0                     0                     0                     0                     0                     0                     0                     0                     0                     0                     0                     0                     0                     0                     0                     0                     0                     0                     0                     0                     0                     0                     0                     0                     0                     0                     0                     0                     0                     0                     0                     0                     0                     0                     0                     0                     0                     0                     0                     0                     0                     0                     0                     0                     0                     0                     0                     0                     0                     0                     0                     0                     
8       0.0431440226      0.0395410796         0.00792830508      2.82124e-238          1.43499e-232          6.41124e-230          1.14503e-229          2.12194e-231          5.64955e-235          4.58751e-240          1.89358e-246          6.82961e-254          2.23282e-262          6.24543e-272          4.1385e-282           3.30136e-293          2.48172e-305          0                     0                     0                     0                     0                     0                     0                     0                     0                     0                     0                     0                     0                     0                     0                     0                     0                     0                     0                     0                     0                     0                     0                     0                     0                     0                     0                     0                     0                     0                     0                     0                     0                     0                     0                     0                     0                     0                     0                     0                     0                     0                     0                     0                     0                     0                     0                     0                     0                     0                     0                     0                     0                     0                     0                     0                     0                     0                     0                     0                     0                     0                     0                     0                     0                     0                     0                     0                     0                     0                     0                     0                     0                     0                     0                     0                     0                     0                     0                     0                     0                     0                     
9       0.0517947468      0.0474693847         0.00951799413      3.22313e-207          3.35063e-200          3.66796e-196          1.74947e-194          9.477e-195            8.96507e-197          2.95147e-200          5.85425e-205          1.17219e-210          2.44677e-217          5.85658e-225          3.27495e-233          2.97877e-242          3.7494e-252           2.20158e-262          1.93894e-273          1.77589e-285          2.04024e-297          0                     0                     0                     0                     0                     0                     0                     0                     0                     0                     0                     0                     0                     0                     0                     0                     0                     0                     0                     0                     0                     0                     0                     0                     0                     0                     0                     0                     0                     0                     0                     0                     0                     0                     0                     0                     0                     0                     0                     0                     0                     0                     0                     0                     0                     0                     0                     0                     0                     0                     0                     0                     0                     0                     0                     0                     0                     0                     0                     0                     0                     0                     0                     0                     0                     0                     0                     0                     0                     0                     0                     0                     0                     0                     0                     0                     0                     0                     
10      0.0621800109      0.0569873788         0.0114264286       2.12721e-181          2.73589e-173          4.29186e-168          3.16468e-165          2.8578e-164           5.28988e-165          3.85493e-167          1.93075e-170          1.08381e-174          7.26944e-180          7.00447e-186          1.6067e-192           7.53872e-200          6.62282e-208          2.53562e-216          1.99897e-225          2.41729e-235          2.95942e-245          6.21022e-256          1.83903e-267          1.0202e-278           3.11663e-290          6.89465e-301          0                     0                     0                     0                     0                     0                     0                     0                     0                     0                     0                     0                     0                     0                     0                     0                     0                     0                     0                     0                     0                     0                     0                     0                     0                     0                     0                     0                     0                     0                     0                     0                     0                     0                     0                     0                     0                     0                     0                     0                     0                     0                     0                     0                     0                     0                     0                     0                     0                     0                     0                     0                     0                     0                     0                     0                     0                     0                     0                     0                     0                     0                     0                     0                     0                     0                     0                     0                     0                     0                     0                     0                     0                     
11      0.0746476041      0.0684138075         0.0137175197       6.07575e-160          6.36091e-151          9.14442e-145          6.60579e-141          6.23461e-139          1.37421e-138          1.33086e-139          9.83337e-142          8.82499e-145          1.07218e-148          2.22433e-153          1.14434e-158          1.43318e-164          4.24648e-171          5.33214e-178          1.76901e-185          1.23544e-193          7.43806e-202          1.0448e-210           2.95897e-220          1.17136e-229          3.46664e-239          4.72143e-248          5.97937e-256          6.50283e-264          3.80293e-271          1.21477e-277          6.3146e-284           5.71093e-289          7.21257e-294          4.64566e-298          1.0858e-301           1.69323e-304          0                     0                     0                     0                     0                     0                     0                     0                     0                     0                     0                     0                     0                     0                     0                     0                     0                     0                     0                     0                     0                     0                     0                     0                     0                     0                     0                     0                     0                     0                     0                     0                     0                     0                     0                     0                     0                     0                     0                     0                     0                     0                     0                     0                     0                     0                     0                     0                     0                     0                     0                     0                     0                     0                     0                     0                     0                     0                     0                     0                     0                     0                     0                     
12      0.0896150502      0.0821313271         0.0164679929       4.01978e-142          2.41619e-132          2.19397e-125          1.06131e-120          7.09586e-118          1.23155e-116          1.03251e-116          7.18638e-118          6.4846e-120           8.83941e-123          2.35023e-126          1.63367e-130          3.15829e-135          1.72836e-140          4.01462e-146          2.99185e-152          6.05705e-159          9.42881e-166          4.39232e-173          5.51404e-181          7.74356e-189          1.01962e-196          4.29441e-204          1.02743e-210          2.45059e-217          1.83117e-223          7.16159e-229          5.12661e-234          2.98225e-238          2.55311e-242          5.61888e-246          7.68658e-249          3.37354e-251          1.74322e-253          1.09577e-254          3.38673e-256          2.57795e-258          1.25108e-258          4.57026e-259          5.69706e-261          3.63795e-261          2.30393e-261          1.4443e-261           8.93696e-262          5.43962e-262          3.22447e-262          1.84663e-262          9.99384e-263          4.81784e-263          1.8116e-263           1.98723e-264          1.56982e-264          1.2444e-264           9.8928e-265           7.88672e-265          6.30005e-265          5.03998e-265          4.03579e-265          3.23694e-265          2.59866e-265          2.08755e-265          1.67861e-265          1.34982e-265          1.08601e-265          8.73708e-266          7.03346e-266          5.66455e-266          4.56e-266             3.67255e-266          2.95955e-266          2.38368e-266          1.91975e-266          1.5471e-266           1.24597e-266          1.0041e-266           8.0913e-267           6.52033e-267          5.25451e-267          4.23414e-267          3.41032e-267          2.74805e-267          2.21458e-267          1.78457e-267          1.43807e-267          1.1589e-267           9.33845e-268          7.52571e-268          6.06426e-268          4.887e-268            3.93809e-268          3.17344e-268          2.55738e-268          2.06074e-268          1.66073e-268          1.33823e-268          1.07843e-268          
13      0.10758359        0.09859932           0.0197699582       2.49208e-127          6.42787e-117          2.70495e-109          6.38051e-104          2.18479e-100          2.1157e-98            1.07233e-97           4.83629e-98           2.98715e-99           3.06125e-101          6.78555e-104          4.16267e-107          7.87597e-111          4.83956e-115          1.28903e-119          1.28057e-124          4.23548e-130          9.98408e-136          8.59688e-142          2.51961e-148          7.0315e-155           2.14904e-161          1.57726e-167          4.4175e-173           1.37252e-178          9.1959e-184           2.81896e-188          1.70937e-192          4.70644e-196          1.97428e-199          1.42177e-202          7.18842e-205          7.46575e-207          9.23921e-209          6.43627e-210          4.3964e-211           8.21638e-213          4.00433e-213          1.48155e-213          4.56217e-215          2.91771e-215          1.85152e-215          1.1638e-215           7.22742e-216          4.4213e-216           2.64017e-216          1.52907e-216          8.43121e-217          4.21833e-217          1.75072e-217          4.06437e-218          3.21101e-218          2.54561e-218          2.02388e-218          1.61358e-218          1.28902e-218          1.03125e-218          8.25806e-219          6.62363e-219          5.31767e-219          4.27185e-219          3.43507e-219          2.76227e-219          2.22243e-219          1.78799e-219          1.43936e-219          1.15923e-219          9.33191e-220          7.5158e-220           6.05667e-220          4.87817e-220          3.92876e-220          3.16613e-220          2.54987e-220          2.0549e-220           1.65588e-220          1.33439e-220          1.07534e-220          8.66517e-221          6.97925e-221          5.6239e-221           4.53216e-221          3.65213e-221          2.94302e-221          2.37169e-221          1.91112e-221          1.54014e-221          1.24106e-221          1.00013e-221          8.05933e-222          6.49448e-222          5.23371e-222          4.21733e-222          3.39869e-222          2.73869e-222          2.20701e-222          
14      0.129154967       0.118369278          0.0237339941       4.63797e-115          4.02701e-104          6.07054e-96           5.36017e-90           7.17036e-86           2.90778e-83           6.59997e-82           1.41201e-81           4.3363e-82            2.39077e-83           3.09263e-85           1.17073e-87           1.48321e-90           6.78411e-94           1.38882e-97           1.19199e-101          4.00073e-106          9.14338e-111          8.94608e-116          3.58897e-121          1.22912e-126          5.06867e-132          4.02032e-137          8.87127e-142          2.32541e-146          1.03578e-150          1.73372e-154          5.90362e-158          5.97068e-161          9.34656e-164          2.0403e-166           2.70352e-168          5.75923e-170          1.47268e-171          1.2117e-172           1.48645e-173          5.82556e-175          2.86215e-175          1.08433e-175          6.96709e-177          4.46905e-177          2.84699e-177          1.7987e-177           1.12475e-177          6.94592e-178          4.20435e-178          2.48454e-178          1.41479e-178          7.51224e-179          3.56489e-179          1.35544e-179          1.07108e-179          8.49282e-180          6.75322e-180          5.38478e-180          4.30211e-180          3.44208e-180          2.75657e-180          2.21111e-180          1.77523e-180          1.42615e-180          1.14682e-180          9.22227e-181          7.42007e-181          5.96972e-181          4.80579e-181          3.87049e-181          3.11582e-181          2.50946e-181          2.02227e-181          1.62879e-181          1.31179e-181          1.05716e-181          8.51396e-182          6.86125e-182          5.52896e-182          4.45548e-182          3.59052e-182          2.89328e-182          2.33037e-182          1.87782e-182          1.51329e-182          1.21944e-182          9.82674e-183          7.91906e-183          6.38122e-183          5.14253e-183          4.14388e-183          3.33942e-183          2.69101e-183          2.1685e-183           1.74753e-183          1.40816e-183          1.13482e-183          9.14448e-184          7.3692e-184           
15      0.155051578       0.142103272          0.0284928511       6.83531e-105          1.6318e-93            7.11291e-85           1.88608e-78           7.86261e-74           1.05134e-70           8.31883e-69           6.51004e-68           7.61652e-68           1.70824e-68           9.59102e-70           1.65938e-71           1.02593e-73           2.48669e-76           2.79871e-79           1.44704e-82           3.32075e-86           5.07101e-90           3.76014e-94           1.3246e-98            3.72163e-103          1.31979e-107          7.59939e-112          9.50892e-116          1.46503e-119          3.32189e-123          2.2759e-126           3.1058e-129           9.35639e-132          4.35035e-134          2.55717e-136          7.03647e-138          2.73047e-139          1.27488e-140          1.30895e-141          2.4273e-142           1.74368e-143          8.68187e-144          3.41488e-144          3.9505e-145           2.54679e-145          1.63296e-145          1.04044e-145          6.57918e-146          4.12448e-146          2.5493e-146           1.55207e-146          9.24199e-147          5.28581e-147          2.87597e-147          1.4731e-147           1.16448e-147          9.23629e-148          7.34632e-148          5.85891e-148          4.68171e-148          3.74634e-148          3.0006e-148           2.40709e-148          1.93272e-148          1.55277e-148          1.2487e-148           1.00419e-148          8.07981e-149          6.50071e-149          5.23337e-149          4.2149e-149           3.39315e-149          2.73285e-149          2.20229e-149          1.7738e-149           1.4286e-149           1.15129e-149          9.27218e-150          7.47228e-150          6.02134e-150          4.85226e-150          3.91027e-150          3.15094e-150          2.53793e-150          2.04507e-150          1.64807e-150          1.32806e-150          1.0702e-150           8.62439e-151          6.94958e-151          5.60056e-151          4.51296e-151          3.63686e-151          2.93069e-151          2.36165e-151          1.90318e-151          1.53359e-151          1.2359e-151           9.95895e-152          8.02556e-152          
16      0.186140669       0.170596123          0.0342058974       1.78983e-96           9.92442e-85           1.04677e-75           6.93716e-69           7.46248e-64           2.69595e-60           6.03517e-58           1.39114e-56           4.96603e-56           3.58763e-56           6.83633e-57           4.20349e-58           9.742e-60             9.44537e-62           4.41419e-64           1.01861e-66           1.15238e-69           8.61338e-73           3.45432e-76           7.39075e-80           1.2151e-83            2.55296e-87           7.66175e-91           4.13041e-94           2.77081e-97           2.50987e-100          5.58259e-103          2.33432e-105          1.76028e-107          2.00949e-109          2.77408e-111          1.35573e-112          8.68383e-114          6.67557e-115          8.81297e-116          2.1782e-116           2.55746e-117          1.29845e-117          5.37786e-118          9.86268e-119          6.40603e-119          4.14681e-119          2.67463e-119          1.71821e-119          1.09953e-119          6.98524e-120          4.4128e-120           2.76531e-120          1.70492e-120          1.03887e-120          6.32305e-121          5.0012e-121           3.96864e-121          3.15781e-121          2.51924e-121          2.01359e-121          1.61164e-121          1.29107e-121          1.03585e-121          8.31805e-122          6.68348e-122          5.37503e-122          4.32283e-122          3.47836e-122          2.7987e-122           2.25315e-122          1.81469e-122          1.46095e-122          1.17667e-122          9.48227e-123          7.63748e-123          6.15125e-123          4.9572e-123           3.99246e-123          3.21745e-123          2.5927e-123           2.08931e-123          1.68371e-123          1.35675e-123          1.09281e-123          8.80593e-124          7.09647e-124          5.71852e-124          4.6082e-124           3.7136e-124           2.99244e-124          2.41156e-124          1.94325e-124          1.566e-124            1.26193e-124          1.01691e-124          8.19496e-125          6.60351e-125          5.32168e-125          4.28825e-125          3.45575e-125          
17      0.223463373       0.204802021          0.0410644554       1.63263e-89           1.82679e-77           4.02011e-68           5.71402e-61           1.35497e-55           1.12031e-51           5.96228e-49           3.37973e-47           3.0587e-46            5.85791e-46           3.08769e-46           5.4667e-47            3.8114e-48            1.17078e-49           1.79613e-51           1.44115e-53           6.13029e-56           1.72841e-58           2.83041e-61           2.70892e-64           1.96103e-67           1.79516e-70           2.13094e-73           3.92884e-76           8.94921e-79           2.60651e-81           1.55596e-83           1.61599e-85           2.63772e-87           6.31368e-89           1.78994e-90           1.39182e-91           1.35585e-92           1.57396e-93           2.68022e-94           8.13211e-95           1.41666e-95           7.38008e-96           3.25511e-96           8.50597e-97           5.58104e-97           3.65871e-97           2.39738e-97           1.57085e-97           1.03039e-97           6.75432e-98           4.43838e-98           2.92348e-98           1.92347e-98           1.27327e-98           8.56436e-99           6.77919e-99           5.38301e-99           4.28553e-99           3.4204e-99            2.73484e-99           2.18957e-99           1.7545e-99            1.40794e-99           1.13078e-99           9.08689e-100          7.30856e-100          5.87839e-100          4.73035e-100          3.80631e-100          3.06449e-100          2.4682e-100           1.98715e-100          1.60052e-100          1.28979e-100          1.03888e-100          8.36738e-101          6.74316e-101          5.43097e-101          4.37672e-101          3.52687e-101          2.8421e-101           2.29035e-101          1.84559e-101          1.48659e-101          1.1979e-101           9.65358e-102          7.7791e-102           6.26869e-102          5.05174e-102          4.07072e-102          3.28053e-102          2.64347e-102          2.13029e-102          1.71665e-102          1.38334e-102          1.11479e-102          8.98299e-103          7.23927e-103          5.83346e-103          4.70097e-103          
18      0.26826958        0.245866476          0.0492982096       9.09076e-84           1.82557e-71           7.40969e-62           1.98845e-54           9.11362e-49           1.50186e-44           1.64383e-41           1.9716e-39            3.87577e-38           1.67262e-37           2.05713e-37           8.79571e-38           1.53558e-38           1.23153e-39           5.09477e-41           1.15456e-42           1.47542e-44           1.26166e-46           6.67462e-49           2.21739e-51           5.56182e-54           1.72203e-56           6.42561e-59           3.33397e-61           2.09861e-63           1.62537e-65           2.22118e-67           4.86189e-69           1.52003e-70           6.69912e-72           3.45564e-73           3.93932e-74           5.45152e-75           8.89326e-76           1.92286e-76           6.80915e-77           1.62409e-77           8.7284e-78            4.12586e-78           1.40951e-78           9.3653e-79            6.23421e-79           4.16142e-79           2.78831e-79           1.87839e-79           1.27121e-79           8.67174e-80           5.96566e-80           4.13058e-80           2.89543e-80           2.06695e-80           1.63771e-80           1.30148e-80           1.03685e-80           8.27986e-81           6.62328e-81           5.30472e-81           4.25205e-81           3.413e-81             2.74165e-81           2.20355e-81           1.77251e-81           1.42581e-81           1.14745e-81           9.23382e-82           7.43464e-82           5.98818e-82           4.82137e-82           3.8834e-82            3.12947e-82           2.52075e-82           2.03032e-82           1.63621e-82           1.31785e-82           1.06203e-82           8.5581e-83            6.89649e-83           5.55765e-83           4.47841e-83           3.60739e-83           2.90685e-83           2.34255e-83           1.88769e-83           1.52117e-83           1.22586e-83           9.87807e-84           7.96058e-84           6.41468e-84           5.16939e-84           4.16565e-84           3.35682e-84           2.70516e-84           2.17982e-84           1.75669e-84           1.41556e-84           1.14074e-84           
19      0.322059792       0.295164686          0.0591828978       4.93081e-79           1.61171e-66           1.08886e-56           4.96098e-49           3.93812e-43           1.15271e-38           2.29972e-35           5.14912e-33           1.93257e-31           1.64117e-30           4.08765e-30           3.64433e-30           1.36715e-30           2.43747e-31           2.3068e-32            1.24167e-33           3.95782e-35           8.55116e-37           1.2022e-38            1.12333e-40           7.9777e-43            6.78063e-45           6.56834e-47           8.13219e-49           1.19256e-50           2.08709e-52           5.71105e-54           2.31347e-55           1.24928e-56           9.11303e-58           7.70515e-59           1.2082e-59            2.24371e-60           4.84592e-61           1.29704e-61           5.19638e-62           1.58938e-62           8.84668e-63           4.48651e-63           1.87413e-63           1.2635e-63            8.55665e-64           5.82765e-64           3.99648e-64           2.76426e-64           1.92733e-64           1.35848e-64           9.68133e-65           6.96368e-65           5.07532e-65           3.75901e-65           2.98182e-65           2.37191e-65           1.89114e-65           1.51116e-65           1.20945e-65           9.69096e-66           7.77085e-66           6.23923e-66           5.01308e-66           4.02995e-66           3.24206e-66           2.60827e-66           2.09926e-66           1.6895e-66            1.36039e-66           1.09576e-66           8.82303e-67           7.10679e-67           5.72706e-67           4.61325e-67           3.71583e-67           2.99454e-67           2.41196e-67           1.94376e-67           1.56633e-67           1.26221e-67           1.01718e-67           8.19651e-68           6.60255e-68           5.32036e-68           4.28754e-68           3.45501e-68           2.78418e-68           2.24368e-68           1.80797e-68           1.45702e-68           1.17407e-68           9.46147e-69           7.62434e-69           6.14395e-69           4.95123e-69           3.9897e-69            3.21525e-69           2.59087e-69           2.08789e-69           
20      0.386635375       0.354347584          0.0710495457       3.84544e-75           1.88593e-62           1.94718e-52           1.37863e-44           1.72968e-38           8.16942e-34           2.68672e-30           1.0117e-27            6.50984e-26           9.71612e-25           4.35555e-24           7.1631e-24            5.08267e-24           1.76234e-24           3.32553e-25           3.68029e-26           2.50781e-27           1.17491e-28           3.73001e-30           8.2332e-32            1.39678e-33           2.74358e-35           5.88313e-37           1.51157e-38           4.48207e-40           1.54471e-41           7.56022e-43           5.10535e-44           4.36233e-45           4.82692e-46           6.12717e-47           1.25542e-47           2.98291e-48           8.11961e-49           2.61502e-49           1.16138e-49           4.32235e-50           2.49705e-50           1.35436e-50           6.57693e-51           4.50505e-51           3.10681e-51           2.15964e-51           1.51491e-51           1.07378e-51           7.68568e-52           5.56642e-52           4.07778e-52           3.01608e-52           2.2577e-52            1.71231e-52           1.36003e-52           1.083e-52             8.64251e-53           6.91085e-53           5.53429e-53           4.43661e-53           3.55906e-53           2.85848e-53           2.29729e-53           1.84716e-53           1.48624e-53           1.19587e-53           9.62596e-54           7.74785e-54           6.23907e-54           5.02556e-54           4.04688e-54           3.25981e-54           2.62694e-54           2.11612e-54           1.70453e-54           1.37366e-54           1.10646e-54           8.91677e-55           7.18535e-55           5.79027e-55           4.66618e-55           3.76006e-55           3.02896e-55           2.44075e-55           1.96693e-55           1.58501e-55           1.27726e-55           1.0293e-55            8.29417e-56           6.68414e-56           5.38612e-56           4.34051e-56           3.49771e-56           2.81857e-56           2.2714e-56            1.8303e-56            1.47501e-56           1.18858e-56           9.57832e-57           
21      0.464158883       0.425397129          0.0852955522       5.96362e-72           4.10073e-59           6.02666e-49           6.1596e-41            1.13166e-34           7.96162e-30           3.96968e-26           2.30464e-23           2.32398e-21           5.54821e-20           4.05756e-19           1.11134e-18           1.34103e-18           8.09065e-19           2.71394e-19           5.47535e-20           7.01751e-21           6.27297e-22           3.9262e-23            1.77115e-24           6.22261e-26           2.45009e-27           1.01843e-28           4.82578e-30           2.57203e-31           1.55581e-32           1.23841e-33           1.28023e-34           1.60718e-35           2.51131e-36           4.44997e-37           1.1421e-37            3.33584e-38           1.09896e-38           4.14279e-39           2.00969e-39           8.73144e-40           5.2375e-40            3.02048e-40           1.64244e-40           1.14377e-40           8.033e-41             5.69542e-41           4.07978e-41           2.95524e-41           2.16264e-41           1.60095e-41           1.19785e-41           9.04221e-42           6.89579e-42           5.31382e-42           4.22633e-42           3.36922e-42           2.69123e-42           2.1536e-42            1.72568e-42           1.38411e-42           1.11083e-42           8.92464e-43           7.17438e-43           5.76993e-43           4.64322e-43           3.73662e-43           3.00808e-43           2.42145e-43           1.95006e-43           1.57083e-43           1.26502e-43           1.01903e-43           8.2119e-44            6.61531e-44           5.32883e-44           4.29443e-44           3.45923e-44           2.78773e-44           2.24642e-44           1.81026e-44           1.45883e-44           1.17554e-44           9.47006e-45           7.63102e-45           6.14964e-45           4.95553e-45           3.99336e-45           3.21812e-45           2.59318e-45           2.0898e-45            1.68397e-45           1.35706e-45           1.09356e-45           8.81229e-46           7.10156e-46           5.72245e-46           4.61164e-46           3.7161e-46            2.99467e-46           
22      0.55722648        0.510692681          0.102397998        2.40853e-69           2.19481e-56           4.32819e-46           6.00602e-38           1.51629e-31           1.48665e-26           1.04817e-22           8.72679e-20           1.27959e-17           4.5175e-16            4.96631e-15           2.08033e-14           3.90677e-14           3.73827e-14           2.02544e-14           6.73879e-15           1.46062e-15           2.23841e-16           2.46643e-17           2.01621e-18           1.30122e-19           9.12984e-21           6.58649e-22           5.21032e-23           4.52594e-24           4.36596e-25           5.21797e-26           7.69741e-27           1.33347e-27           2.77441e-28           6.46429e-29           2.00608e-29           6.96494e-30           2.68597e-30           1.15586e-30           6.0528e-31            2.97182e-31           1.84901e-31           1.12578e-31           6.66841e-32           4.72107e-32           3.37463e-32           2.437e-32             1.77874e-32           1.31271e-32           9.78378e-33           7.36946e-33           5.6036e-33            4.29393e-33           3.31834e-33           2.58542e-33           2.05915e-33           1.64343e-33           1.31397e-33           1.05227e-33           8.43701e-34           6.77052e-34           5.43613e-34           4.36898e-34           3.51308e-34           2.826e-34             2.2745e-34            1.83068e-34           1.47391e-34           1.18661e-34           9.55679e-35           7.69857e-35           6.20028e-35           4.99478e-35           4.02508e-35           3.24264e-35           2.61214e-35           2.10509e-35           1.69574e-35           1.36657e-35           1.10121e-35           8.87407e-36           7.15131e-36           5.7626e-36            4.64249e-36           3.74093e-36           3.01472e-36           2.42934e-36           1.95765e-36           1.57761e-36           1.27125e-36           1.02448e-36           8.25531e-37           6.65269e-37           5.36094e-37           4.32003e-37           3.48138e-37           2.8053e-37            2.26075e-37           1.82173e-37           1.46807e-37           
23      0.668954879       0.613090679          0.122929621        3.16874e-67           3.65204e-54           9.20191e-44           1.64763e-35           5.4217e-29            7.00916e-24           6.59502e-20           7.4142e-17            1.48516e-14           7.26319e-13           1.12124e-11           6.69087e-11           1.81625e-10           2.55173e-10           2.06155e-10           1.04046e-10           3.49137e-11           8.38815e-12           1.4806e-12            1.98463e-13           2.12796e-14           2.41335e-15           2.75577e-16           3.34677e-17           4.36719e-18           6.20471e-19           1.04121e-19           2.06752e-20           4.68835e-21           1.23739e-21           3.60986e-22           1.31487e-22           5.27553e-23           2.31721e-23           1.1137e-23            6.23251e-24           3.37162e-24           2.17133e-24           1.38556e-24           8.76077e-25           6.30215e-25           4.57957e-25           3.36252e-25           2.49475e-25           1.87027e-25           1.41487e-25           1.08041e-25           8.31733e-26           6.44505e-26           5.02894e-26           3.94917e-26           3.1496e-26            2.51654e-26           2.01392e-26           1.614e-26             1.29488e-26           1.03963e-26           8.35093e-27           6.71378e-27           5.3999e-27            4.34475e-27           3.49738e-27           2.81535e-27           2.26694e-27           1.82526e-27           1.47015e-27           1.18434e-27           9.53912e-28           7.68474e-28           6.19281e-28           4.98916e-28           4.01922e-28           3.23903e-28           2.60928e-28           2.10277e-28           1.69447e-28           1.36548e-28           1.10039e-28           8.86707e-29           7.14378e-29           5.75648e-29           4.639e-29             3.73822e-29           3.0124e-29            2.4276e-29            1.95617e-29           1.57645e-29           1.27031e-29           1.02371e-29           8.24933e-30           6.64758e-30           5.35709e-30           4.31675e-30           3.47881e-30           2.80325e-30           2.25904e-30           
24      0.803085722       0.7360203            0.147578001        1.63443e-65           2.29213e-52           7.08667e-42           1.56975e-33           6.44411e-27           1.04926e-21           1.25579e-17           1.8134e-14            4.71173e-12           3.02325e-10           6.19284e-09           4.96259e-08           1.83106e-07           3.54239e-07           3.99237e-07           2.85105e-07           1.37628e-07           4.81064e-08           1.25733e-08           2.54322e-09           4.16502e-10           7.04171e-11           1.1787e-11            2.04815e-12           3.75129e-13           7.34872e-14           1.63694e-14           4.16735e-15           1.18327e-15           3.80591e-16           1.33569e-16           5.56847e-17           2.52144e-17           1.23334e-17           6.49808e-18           3.85189e-18           2.25105e-18           1.49638e-18           9.93817e-19           6.60798e-19           4.82543e-19           3.55954e-19           2.65221e-19           1.99553e-19           1.5157e-19            1.16055e-19           8.95823e-20           6.96228e-20           5.44074e-20           4.27572e-20           3.37711e-20           2.69688e-20           2.15712e-20           1.72782e-20           1.38568e-20           1.11234e-20           8.93498e-21           7.18005e-21           5.77423e-21           4.64534e-21           3.73841e-21           3.00971e-21           2.42312e-21           1.95132e-21           1.57129e-21           1.26568e-21           1.01966e-21           8.2133e-22            6.61689e-22           5.33228e-22           4.29603e-22           3.46096e-22           2.78914e-22           2.24694e-22           1.81077e-22           1.45916e-22           1.17586e-22           9.47583e-23           7.63573e-23           6.15196e-23           4.95728e-23           3.99494e-23           3.21922e-23           2.59417e-23           2.09056e-23           1.68459e-23           1.35758e-23           1.09395e-23           8.81578e-24           7.10402e-24           5.72466e-24           4.61333e-24           3.71743e-24           2.99582e-24           2.41406e-24           1.9454e-24            
25      0.96411088        0.883598301          0.177168579        3.85177e-64           6.3664e-51            2.33586e-40           6.18201e-32           3.05345e-25           6.02882e-20           8.82116e-16           1.5699e-12            5.06854e-10           4.07921e-08           1.0579e-06            1.08397e-05           5.16585e-05           0.000130473           0.000194071           0.000185071           0.00012092            5.77776e-05           2.09425e-05           5.96582e-06           1.39099e-06           3.27808e-07           7.54532e-08           1.7683e-08            4.29579e-09           1.09865e-09           3.09943e-10           9.71244e-11           3.32694e-11           1.26147e-11           5.15456e-12           2.40765e-12           1.20616e-12           6.44952e-13           3.66705e-13           2.28437e-13           1.42008e-13           9.71383e-14           6.67275e-14           4.61383e-14           3.4161e-14            2.55401e-14           1.92744e-14           1.46754e-14           1.12677e-14           8.71195e-15           6.78239e-15           5.31035e-15           4.17668e-15           3.30006e-15           2.61779e-15           2.09305e-15           1.67581e-15           1.34341e-15           1.07809e-15           8.65886e-16           6.9584e-16            5.59381e-16           4.49986e-16           3.62092e-16           2.91455e-16           2.34675e-16           1.88961e-16           1.52183e-16           1.22557e-16           9.87264e-17           7.95384e-17           6.40721e-17           5.16201e-17           4.15985e-17           3.35156e-17           2.70017e-17           2.17603e-17           1.75307e-17           1.41277e-17           1.13844e-17           9.17407e-18           7.39307e-18           5.95742e-18           4.79993e-18           3.86781e-18           3.11696e-18           2.51173e-18           2.02405e-18           1.63111e-18           1.31436e-18           1.05922e-18           8.53528e-19           6.87832e-19           5.54276e-19           4.46654e-19           3.59945e-19           2.90044e-19           2.33743e-19           1.88352e-19           1.51786e-19           
26      1.15742288        1.06076688           0.212692307        4.70711e-63           8.9303e-50            3.78237e-39           1.16209e-30           6.70233e-24           1.5552e-18            2.6922e-14            5.70685e-11           2.20955e-08           2.14904e-06           6.78751e-05           0.000853945           0.00503877            0.015897              0.0298057             0.0361769             0.0304164             0.0188635             0.00897968            0.00340188            0.00106495            0.000330868           9.92979e-05           2.98717e-05           9.18223e-06           2.93023e-06           1.00664e-06           3.75257e-07           1.50317e-07           6.5361e-08            3.02754e-08           1.55603e-08           8.48195e-09           4.88279e-09           2.95709e-09           1.92233e-09           1.2559e-09            8.8117e-10            6.22661e-10           4.43967e-10           3.32848e-10           2.51814e-10           1.92134e-10           1.47757e-10           1.14461e-10           8.91976e-11           6.99145e-11           5.50585e-11           4.35212e-11           3.45289e-11           2.74807e-11           2.19967e-11           1.76278e-11           1.4142e-11            1.13558e-11           9.12494e-12           7.33588e-12           5.89931e-12           4.74684e-12           3.82044e-12           3.07569e-12           2.47678e-12           1.99454e-12           1.60648e-12           1.29386e-12           1.04233e-12           8.39774e-13           6.76519e-13           5.45058e-13           4.3924e-13            3.53902e-13           2.85128e-13           2.29781e-13           1.85123e-13           1.49188e-13           1.20219e-13           9.68778e-14           7.80705e-14           6.291e-14             5.06886e-14           4.08451e-14           3.2916e-14            2.65245e-14           2.13745e-14           1.7225e-14            1.388e-14             1.11857e-14           9.01349e-15           7.26369e-15           5.8533e-15            4.71678e-15           3.80111e-15           3.06294e-15           2.46838e-15           1.98904e-15           1.6029e-15            
27      1.38949549        1.27345919           0.255338828        3.31372e-62           7.05905e-49           3.37297e-38           1.17465e-29           7.71656e-23           2.05036e-17           4.08698e-13           1.00315e-09           4.52288e-07           5.15527e-05           0.00192038            0.0286885             0.202396              0.76907               1.74977               2.59786               2.69573               2.07861               1.24216               0.596821              0.238912              0.093441              0.0349828             0.0129626             0.00484798            0.00185949            0.000752837           0.000324472           0.00014809            7.21715e-05           3.70757e-05           2.06493e-05           1.2078e-05            7.39176e-06           4.7167e-06            3.18e-06              2.16264e-06           1.55156e-06           1.12255e-06           8.20104e-07           6.21729e-07           4.75239e-07           3.66018e-07           2.83839e-07           2.2149e-07            1.73707e-07           1.36894e-07           1.083e-07             8.59416e-08           6.84031e-08           5.45795e-08           4.37317e-08           3.50748e-08           2.8158e-08            2.26223e-08           1.81861e-08           1.46258e-08           1.17653e-08           9.46905e-09           7.62244e-09           6.13748e-09           4.94288e-09           3.9809e-09            3.20663e-09           2.58281e-09           2.08083e-09           1.6765e-09            1.35065e-09           1.08822e-09           8.76954e-10           7.06593e-10           5.69295e-10           4.58787e-10           3.69633e-10           2.9788e-10            2.40039e-10           1.93434e-10           1.55882e-10           1.25611e-10           1.01212e-10           8.15568e-11           6.57245e-11           5.29625e-11           4.26791e-11           3.43938e-11           2.77147e-11           2.23348e-11           1.79975e-11           1.45037e-11           1.16875e-11           9.41817e-12           7.58982e-12           6.11589e-12           4.92871e-12           3.9716e-12            3.20056e-12           
28      1.66810054        1.52879802           0.306536321        1.4672e-61            3.44538e-48           1.82193e-37           7.04982e-29           5.16682e-22           1.53845e-16           3.45237e-12           9.58438e-09           4.91091e-06           0.000639484           0.0273589             0.472045              3.86842               17.1781               45.9594               80.7712               99.9398               92.4635               66.8241               39.1543               19.2489               9.12236               4.10733               1.81139               0.797891              0.356639              0.165599              0.0805787             0.041005              0.0219764             0.0122986             0.00732765            0.00454585            0.00292709            0.00195041            0.00135642            0.000953017           0.000697098           0.000514363           0.000383143           0.000293328           0.000226219           0.000175617           0.000137138           0.000107659           8.48713e-05           6.71771e-05           5.33395e-05           4.24583e-05           3.38787e-05           2.70863e-05           2.17223e-05           1.7435e-05            1.40052e-05           1.12572e-05           9.05316e-06           7.28311e-06           5.86028e-06           4.71751e-06           3.79813e-06           3.05863e-06           2.46352e-06           1.98426e-06           1.59844e-06           1.28756e-06           1.03737e-06           8.35814e-07           6.73395e-07           5.42568e-07           4.37233e-07           3.52303e-07           2.83853e-07           2.28754e-07           1.84305e-07           1.48528e-07           1.19688e-07           9.64495e-08           7.77253e-08           6.26319e-08           5.0467e-08            4.06665e-08           3.27721e-08           2.64086e-08           2.1281e-08            1.71497e-08           1.38193e-08           1.11368e-08           8.97408e-09           7.23193e-09           5.82771e-09           4.69616e-09           3.7845e-09            3.04955e-09           2.45759e-09           1.98035e-09           1.59589e-09           
29      2.00256814        1.83533434           0.367999323        4.39867e-61           1.12111e-47           6.45594e-37           2.72948e-28           2.19331e-21           7.18707e-16           1.78177e-11           5.48614e-08           3.1302e-05            0.00455878            0.219104              4.26672               39.6535               200.697               615.197               1245.5                1785.98               1925.13               1631.49               1128.65               659.021               366.71                192.652               98.2853               49.637                25.2047               13.1232               7.068                 3.939                 2.28537               1.373                 0.865726              0.564146              0.378936              0.261731              0.186884              0.13484               0.100293              0.075224              0.0569148             0.0439478             0.0341532             0.0266919             0.0209649             0.0165399             0.0130941             0.0104007             0.0082825             0.00660914            0.00528415            0.00423143            0.00339615            0.00272761            0.0021922             0.00176279            0.00141813            0.00114118            0.00091846            0.000739491           0.000595458           0.000479579           0.0003863             0.000311173           0.000250683           0.000201941           0.000162707           0.000131097           0.000105626           8.51066e-05           6.85839e-05           5.52629e-05           4.45267e-05           3.58835e-05           2.89116e-05           2.32993e-05           1.87752e-05           1.51299e-05           1.21926e-05           9.82496e-06           7.91683e-06           6.37941e-06           5.141e-06             4.14275e-06           3.33838e-06           2.6903e-06            2.16786e-06           1.74704e-06           1.40778e-06           1.13448e-06           9.14201e-07           7.36694e-07           5.9368e-07            4.78388e-07           3.85526e-07           3.1066e-07            2.5035e-07            
30      2.40409918        2.20333366           0.441786153        9.50276e-61           2.59452e-47           1.60498e-36           7.3101e-28            6.34673e-21           2.25407e-15           6.07638e-11           2.04115e-07           0.000127487           0.0203995             1.08122               23.3106               240.812               1360.5                4675.47               10660.7               17302.3               21204.3               20540.1               16333.2               11017.9               7013.7                4193.12               2417.06               1368.79               773.21                443.082               259.841               156.251               96.8734               61.7355               40.8247               27.7212               19.288                13.7261               10.0225               7.39073               5.57672               4.24021               3.24897               2.52747               1.97704               1.55389               1.22641               0.971516              0.771776              0.614785              0.490735              0.392366              0.314206              0.25193               0.20234               0.1626                0.130743              0.105171              0.0846329             0.0681212             0.0548377             0.044159              0.0355624             0.0286448             0.0230749             0.0185886             0.0149759             0.0120647             0.00972104            0.00783262            0.00631103            0.00508511            0.00409788            0.00330201            0.00266056            0.00214411            0.00172756            0.00139221            0.00112187            0.000904056           0.000728548           0.000587072           0.000473063           0.000381196           0.000307196           0.000247546           0.000199482           0.000160756           0.000129538           0.000104393           8.41205e-05           6.77901e-05           5.46273e-05           4.40205e-05           3.54748e-05           2.85856e-05           2.30368e-05           1.85632e-05           1.49594e-05           
31      2.88614044        2.64511981           0.530367836        1.55959e-60           4.51085e-47           2.96309e-36           1.43657e-27           1.33096e-20           5.05761e-15           1.46278e-10           5.2867e-07            0.000356286           0.0617047             3.55095               83.3958               941.676               5835.66               22078.7               55635.8               100203                136795                148269                132538                100938                71936.6               47937.1               30617.3               19087.6               11789.1               7321.35               4611.72               2955.74               1937.3                1296.85               892.654               627.429               449.604               328.022               244.104               183.265               139.996               107.665               83.3505               65.2587               51.3319               40.5379               32.1241               25.5339               20.342                16.2421               12.9898               10.4026               8.3412                6.69486               5.38026               4.32567               3.47958               2.79989               2.25369               1.81438               1.46084               1.17653               0.94759               0.763334              0.614944              0.495415              0.399149              0.321572              0.259112              0.20878               0.168226              0.135551              0.109235              0.088021              0.070923              0.0571559             0.0460525             0.0371129             0.0299065             0.0241                0.0194213             0.0156499             0.0126109             0.0101619             0.00818923            0.00659909            0.0053178             0.00428544            0.00345323            0.00278291            0.00224248            0.00180715            0.00145625            0.0011735             0.000945687           0.000762036           0.000614114           0.000494858           0.000398788           
32      3.46483486        3.17548765           0.636710861        2.03413e-60           6.17337e-47           4.26373e-36           2.17799e-27           2.13064e-20           8.56818e-15           2.62867e-10           1.01017e-06           0.000725644           0.134306              8.282                 209.005               2543.22               17034.8               69876.8               191524                376495                562832                670502                661329                557754                437086                319088                222160                150151                99951.3               66412                 44426                 30039.7               20630.3               14390                 10245.3               7413.16               5444.85               4055.98               3067.31               2337.3                1804.37               1400.95               1093.78               861.121               680.571               539.629               429.076               342.013               273.11                218.486               175.012               140.339               112.648               90.4897               72.7591               58.5222               47.0917               37.9033               30.5159               24.5719               19.7871               15.9379               12.8378               10.3423               8.33223               6.71301               5.40879               4.35773               3.5114                2.82935               2.27984               1.83704               1.48039               1.19291               0.961202              0.77462               0.624147              0.502989              0.40532               0.326625              0.263216              0.212102              0.170917              0.137726              0.11099               0.0894382             0.0720727             0.0580811             0.0468021             0.0377171             0.0303926             0.0244925             0.0197368             0.0159045             0.012817              0.010328              0.00832316            0.00670687            0.00540482            
33      4.15956216        3.81219851           0.764376519        2.19179e-60           6.92246e-47           4.98438e-36           2.65914e-27           2.72185e-20           1.14751e-14           3.69819e-10           1.49597e-06           0.00113357            0.22181               14.4934               388.486               5033.21               35986.9               157989                464720                983246                1.58647e+06           2.04624e+06           2.19227e+06           2.01462e+06           1.70994e+06           1.34785e+06           1.00906e+06           729930                517452                363924                256089                181136                129380                93407.7               68426.1               50733.6               38042.7               28837.1               22107.5               17055.2               13285.3               10397.7               8174.81               6466.58               5131.41               4082.57               3255.4                2600.95               2081                  1667.44               1337.39               1073.59               862.491               693.316               557.718               448.752               361.21                290.799               234.167               188.585               151.882               122.349               98.5581               79.4053               63.9754               51.5453               41.5323               33.4627               26.9644               21.7271               17.5077               14.1074               11.3686               9.161                 7.38167               5.94879               4.79327               3.86281               3.11274               2.50839               2.02142               1.62888               1.31261               1.05771               0.852377              0.686867              0.553503              0.446051              0.35943               0.289659              0.233409              0.188097              0.151574              0.122144              0.098432              0.0793166             0.0639202             0.0515074             0.0415079             
34      4.99358789        4.57657503           0.91764017         2.01756e-60           6.58435e-47           4.90624e-36           2.71294e-27           2.88286e-20           1.26387e-14           4.24304e-10           1.79112e-06           0.0014189             0.290821              19.9436               562.19                7676.04               57964.8               269372                840682                1.89185e+06           3.25449e+06           4.48726e+06           5.15332e+06           5.0899e+06            4.61982e+06           3.88416e+06           3.09086e+06           2.3673e+06            1.7693e+06            1.30527e+06           958510                704134                519826                386297                289866                219375                167386                128749                99851.7               77827.8               61091                 48134.2               38062.8               30231.9               24072.3               19206.9               15351.9               12289.6               9848.81               7901.95               6344.68               5097.7                4098.27               3296.28               2652.62               2135.02               1718.97               1384.17               1114.78               897.904               723.237               582.657               469.389               378.194               304.716               245.521               197.833               159.399               128.447               103.5                 83.4018               67.2043               54.1572               43.6412               35.1652               28.3391               22.8346               18.402                14.8288               11.9497               9.62983               7.75983               6.25319               5.03884               4.06067               3.27219               2.63686               2.12496               1.7123                1.37992               1.11195               0.896083              0.722091              0.581885              0.468924              0.377859              0.304512              0.245378              0.197741              
35      5.9948425         5.4942152            1.10163442         1.63311e-60           5.47352e-47           4.19404e-36           2.38801e-27           2.61657e-20           1.18455e-14           4.1126e-10            1.79813e-06           0.00147772            0.314724              22.4651               660.317               9417.99               74430.4               362697                1.18932e+06           2.81801e+06           5.11477e+06           7.45745e+06           9.0777e+06            9.52517e+06           9.14587e+06           8.11725e+06           6.79921e+06           5.46351e+06           4.26868e+06           3.27825e+06           2.49523e+06           1.89231e+06           1.43633e+06           1.09354e+06           837352                644761                499199                388707                304426                239321                189083                149820                119041                94879.2               75768                 60600.4               48533.9               38916.5               31229.5               25083.7               20158.3               16208.3               13038.2               10491.7               8445.81               6799.63               5475.78               4410.02               3552.25               2861.49               2305.08               1857.16               1496.22               1205.59               971.39                782.709               630.698               508.182               409.511               329.977               265.905               214.266               172.668               139.141               112.118               90.3543               72.8047               58.672                47.2793               38.0998               30.7033               24.7411               19.9375               16.0657               12.947                10.433                8.40729               6.77517               5.45947               4.3997                3.54531               2.85705               2.3023                1.85527               1.49511               1.20476               0.970898              0.782358              0.630474              
36      7.19685673        6.59584962           1.322521           1.19144e-60           4.07978e-47           3.19734e-36           1.8641e-27            2.09389e-20           9.72963e-15           3.47167e-10           1.56204e-06           0.00132284            0.290739              21.4476               652.498               9647.68               79169.1               401253                1.37086e+06           3.39035e+06           6.43454e+06           9.829e+06             1.25601e+07           1.38627e+07           1.3952e+07            1.29569e+07           1.13293e+07           9.47731e+06           7.6852e+06            6.10435e+06           4.78835e+06           3.72965e+06           2.89767e+06           2.25136e+06           1.75354e+06           1.36996e+06           1.07375e+06           844717                667048                528154                419592                334035                266469                213013                170525                136666                109637                88031.7               70722.6               56856.5               45726                 36788.5               29607.7               23834.2               19191.9               15454.7               12448.1               10026.8               8077.49               6507.41               5242.5                4224.06               3403.27               2742.32               2209.66               1780.51               1434.74               1156.06               931.607               750.68                604.928               487.453               392.818               316.547               255.071               205.558               165.634               133.481               107.562               86.6785               69.8512               56.2869               45.359                36.5504               29.455                23.7356               19.1271               15.4139               12.4206               10.0096               8.06577               6.49995               5.23786               4.22084               3.40145               2.74089               2.20885               1.77991               1.43436               
37      8.63988449        7.91837061           1.58769711         7.99786e-61           2.78597e-47           2.22309e-36           1.32091e-27           1.51363e-20           7.1824e-15            2.6199e-10            1.20641e-06           0.00104681            0.23602               17.8834               559.555               8520.46               72107.2               377444                1.33379e+06           3.41724e+06           6.72924e+06           1.06832e+07           1.42127e+07           1.63595e+07           1.71221e+07           1.65125e+07           1.49649e+07           1.29459e+07           1.08289e+07           8.84707e+06           7.11685e+06           5.66858e+06           4.49081e+06           3.54882e+06           2.8039e+06            2.21733e+06           1.75584e+06           1.39321e+06           1.10785e+06           882409                704304                562907                450532                361053                289637                232524                186798                150159                120747                97146.3               78176.3               62928                 50665.2               40798.6               32860.1               26466.5               21321                 17175.9               13838.1               11149.2               8982.69               7238.04               5831.84               4699.4                3786.69               3051.33               2458.82               1981.26               1596.61               1286.54               1036.76               835.428               673.237               542.522               437.162               352.303               283.879               228.773               184.351               148.558               119.718               96.4698               77.741                62.644                50.4832               40.6806               32.782                26.418                21.2877               17.1555               13.824                11.1403               8.9772                7.23412               5.82976               4.69763               3.78576               3.05059               2.45836               
38      10.372251         9.50606772           1.90604318         5.02451e-61           1.77421e-47           1.43619e-36           8.66336e-28           1.00864e-20           4.86694e-15           1.80686e-10           8.47593e-07           0.000749943           0.172591              13.3623               427.674               6669.1                57866.9               310948                1.12943e+06           2.97828e+06           6.04452e+06           9.9043e+06            1.36199e+07           1.6229e+07            1.7543e+07            1.74546e+07           1.62951e+07           1.44943e+07           1.24403e+07           1.04043e+07           8.5468e+06            6.93529e+06           5.58428e+06           4.47559e+06           3.57856e+06           2.85876e+06           2.2832e+06            1.82465e+06           1.45939e+06           1.16816e+06           936037                750577                602380                483763                388750                312539                251370                202257                162767                131036                105501                84958.8               68425.6               55115                 44399.8               35766.8               28817.1               23217.1               18706.9               15073                 12144.7               9786.36               7885.35               6354.35               5120.32               4126.06               3324.91               2679.17               2159.05               1739.76               1402                  1129.75               910.415               733.655               591.179               476.423               383.894               309.373               249.3                 200.897               161.896               130.458               105.131               84.7149               68.2696               55.0133               44.3318               35.7256               28.7879               23.1997               18.6945               15.0653               12.1401               9.78287               7.88372               6.35271               5.11957               4.12539               3.3245                
39      12.4519708        11.4121109           2.28822019         2.99491e-61           1.069e-47             8.75228e-37           5.34315e-28           6.29979e-21           3.0805e-15            1.15977e-10           5.52133e-07           0.000496171           0.116072              9.14261               297.971               4735.99               41926                 230091                854470                2.3063e+06            4.7965e+06            8.0636e+06            1.13912e+07           1.39617e+07           1.54958e+07           1.58166e+07           1.51297e+07           1.3769e+07            1.20707e+07           1.02917e+07           8.60182e+06           7.08788e+06           5.78424e+06           4.69014e+06           3.78733e+06           3.05102e+06           2.45404e+06           1.97281e+06           1.58553e+06           1.27431e+06           1.02443e+06           823692                662547                533021                428953                345269                277963                223829                180243                145179                116938                94200.7               75889.7               61140.5               49262.3               39689.3               31981                 25768.4               20764.1               16731.5               13481.7               10864.1               8754.02               7054.54               5684.63               4580.86               3691.45               2974.57               2397.11               1931.6                1556.61               1254.34               1010.82               814.568               656.382               528.969               426.237               343.496               276.798               223.056               179.753               144.847               116.727               94.0592               75.7999               61.0814               49.2217               39.6662               31.9633               25.7587               20.7565               16.727                13.4791               10.8619               8.75332               7.05343               5.68427               4.58043               3.6912                
40      14.9486913        13.7003311           2.74702678         1.7123e-61            6.16436e-48           5.09263e-37           3.13863e-28           3.73776e-21           1.84706e-15           7.03162e-11           3.38695e-07           0.000308142           0.0730277             5.83143               192.815               3111.51               27989.1               156213                590485                1.62378e+06           3.44391e+06           5.91034e+06           8.5324e+06            1.06987e+07           1.21303e+07           1.26405e+07           1.23328e+07           1.14344e+07           1.01984e+07           8.83318e+06           7.48785e+06           6.24787e+06           5.15501e+06           4.21993e+06           3.43535e+06           2.78657e+06           2.25437e+06           1.82109e+06           1.46943e+06           1.18494e+06           955148                769700                620256                499725                402638                324403                261372                210604                169682                136731                110170                88773.9               71533.7               57641.4               46449.5               37427.3               30161.2               24303.8               19585.1               15782.3               12717.4               10248.5               8258.17               6655.09               5362.82               4321.6                3482.56               2806.27               2261.51               1822.33               1468.57               1183.4                953.65                768.501               619.263               499.055               402.134               324.072               261.145               210.442               169.588               136.656               110.127               88.7406               71.5138               57.6276               46.4385               37.4233               30.1559               24.3022               19.5828               15.7812               12.717                10.2478               8.25836               6.6546                5.36285               4.32143               3.48248               
41      17.9460244        16.4473579           3.29782778         9.47151e-62           3.43302e-48           2.85651e-37           1.77379e-28           2.12921e-21           1.061e-15             4.07486e-11           1.98104e-07           0.000182003           0.0435798             3.5179                117.656               1921.66               17506.8               99024.1               379622                1.05953e+06           2.28258e+06           3.98228e+06           5.84945e+06           7.46945e+06           8.61513e+06           9.12793e+06           9.0484e+06            8.5158e+06            7.70166e+06           6.75591e+06           5.79276e+06           4.88281e+06           4.06471e+06           3.35316e+06           2.74774e+06           2.24129e+06           1.82179e+06           1.47744e+06           1.19601e+06           967065                781234                630693                508995                410573                331128                266999                215260                173539                139878                112754                90875.9               73243.3               59029.8               47572.7               38340.2               30896                 24899.8               20065.4               16170.3               13031.1               10500.8               8462.48               6819.13               5495.49               4428.44               3568.67               2875.84               2317.39               1867.54               1504.88               1212.74               977.254               787.528               634.633               511.393               412.124               332.087               267.623               215.657               173.786               140.048               112.852               90.9442               73.2832               59.057                47.5897               38.3495               30.9047               24.9032               20.0691               16.1718               13.0323               10.5018               8.46274               6.81987               5.49546               4.42872               3.5687                2.87588               
42      21.5443469        19.7451857           3.95906882         5.10312e-62           1.8597e-48            1.55623e-37           9.72171e-29           1.17434e-21           5.89082e-16           2.27828e-11           1.11579e-07           0.000103308           0.0249393             2.03057               68.5301               1130.03               10398.9               59446.4               230455                650819                1.41957e+06           2.50921e+06           3.7368e+06            4.84138e+06           5.66055e+06           6.07748e+06           6.10143e+06           5.8114e+06            5.31457e+06           4.70958e+06           4.07531e+06           3.46322e+06           2.90361e+06           2.41019e+06           1.98549e+06           1.62682e+06           1.32734e+06           1.07985e+06           876442                710208                574751                464675                375459                303150                244683                197422                159248                128437                103560                83500.6               67313.7               54262.7               43738.9               35253.7               28414.6               22899.3               18456.2               14873.6               11986.8               9660.05               7784.54               6273.6                5055.4                4074.17               3283.12               2645.74               2132.1                1718.09               1384.58               1115.71               899.126               724.536               583.873               470.518               379.148               305.55                246.211               198.417               159.889               128.846               103.832               83.6691               67.4266               54.3327               43.7853               35.2833               28.4326               22.9129               18.4634               14.8793               11.9899               9.66225               7.78614               6.27433               5.05629               4.07437               3.28348               2.64585               2.1322                
43      25.8641621        23.7042545           4.75289403         2.69234e-62           9.85407e-49           8.28367e-38           5.19958e-29           6.31256e-22           3.18334e-16           1.23803e-11           6.09886e-08           5.68165e-05           0.0138053             1.13173               38.4707               639.185               5929.09               34180.3               133684                381070                839397                1.49915e+06           2.25708e+06           2.95808e+06           3.49617e+06           3.79336e+06           3.84687e+06           3.69901e+06           3.41279e+06           3.04886e+06           2.65755e+06           2.27309e+06           1.91666e+06           1.59881e+06           1.32266e+06           1.08761e+06           890076                725943                590429                479270                388410                314386                254267                205456                165935                133953                108096                87210.8               70337.9               56726.1               45737.7               36875.2               29727                 23962.3               19315.1               15567                 12547.2               10112                 8149.63               6567.87               5292.82               4265.58               3437.34               2770.2                2232.35               1798.98               1449.74               1168.23               941.463               758.641               611.375               492.66                397.014               319.937               257.809               207.765               167.416               134.917               108.72                87.6112               70.6029               56.8926               45.8482               36.9447               29.7728               23.9916               19.3334               15.5802               12.5546               10.1175               8.15277               6.57006               5.29436               4.26637               3.43814               2.77046               2.23267               1.79911               1.44983               
44      31.050135         28.4571485           5.70588758         1.39671e-62           5.12983e-49           4.32808e-38           2.72714e-29           3.32425e-22           1.68348e-16           6.57641e-12           3.25491e-08           3.0472e-05            0.00744246            0.613448              20.9725               350.561               3272.49               18991.7               74803.3               214812                476877                858717                1.30409e+06           1.72475e+06           2.05603e+06           2.24947e+06           2.29948e+06           2.22783e+06           2.06989e+06           1.86106e+06           1.63161e+06           1.40277e+06           1.18816e+06           995004                825903                681068                558707                456591                371975                302358                245313                198745                160860                130060                105095                84872.9               68512.5               55289.9               44602.5               35977.3               29012.1               23393.2               18860.2               15203.9               12256.1               9878.22               7962.26               6417.11               5171.93               4168.2                3359.07               2707.17               2181.55               1758.15               1416.8                1141.76               920.113               741.452               597.529               481.496               388.03                312.684               251.979               203.06                163.628               131.866               106.257               85.6304               69.0031               55.6057               44.8107               36.109                29.0993               23.4484               18.8964               15.2272               12.2707               9.88854               7.96824               6.42149               5.17447               4.16994               3.36027               2.70781               2.18215               1.75838               1.41705               1.14187               0.920193              
45      37.2759372        34.1630361           6.84996401         7.14812e-63           2.63273e-49           2.2278e-38            1.40808e-29           1.72196e-22           8.75016e-17           3.43042e-12           1.70422e-08           1.60177e-05           0.00392839            0.325211              11.1693               187.597               1760.1                10269.1               40674.4               117494                262455                475698                727399                969018                1.16301e+06           1.28087e+06           1.31766e+06           1.28425e+06           1.19985e+06           1.08429e+06           954981                824393                700767                588669                489924                404919                332803                272407                222216                180823                146839                119051                96415.1               77992.6               63046.7               50932                 41124.8               33194.9               26783                 21606.7               17425.6               14052                 11329.8               9133.93               7363.33               5934.97               4783.99               3855.71               3107.6                2504.54               2018.39               1626.7                1310.87               1056.46               851.352               686.084               552.897               445.541               359.058               289.333               233.17                187.894               151.416               122.02                98.3254               79.2391               63.8507               51.4561               41.4646               33.414                26.9272               21.6982               17.4861               14.0904               11.3551               9.15019               7.37357               5.94212               4.7882                3.85873               3.10939               2.50576               2.01922               1.62715               1.31127               1.05663               0.85152               0.686162              0.552953              
46      44.750063         41.0130001           8.22343699         3.61835e-63           1.33571e-49           1.13297e-38           7.17882e-30           8.80206e-23           4.48508e-17           1.76341e-12           8.78708e-09           8.28505e-06           0.00203871            0.169365              5.83819               98.4361               927.309               5433.38               21617.2               62739.2               140840                256602                394527                528611                637874                706218                730165                715034                670993                608821                538167                466080                397312                334577                279041                231038                190176                155859                127275                103656                84234.8               68333.7               55366.9               44805.1               36230.4               29276                 23643.6               19087.7               15402.8               12427.3               10023.4               8083.41               6517.88               5254.84               4236.36               3414.68               2752.53               2218.48               1788.07               1441.09               1161.38               936.005               754.281               607.898               489.878               394.782               318.145               256.372               206.608               166.488               134.17                108.118               87.1278               70.2129               56.5785               45.5959               36.7411               29.609                23.8596               19.2271               15.4945               12.4856               10.0619               8.1079                6.53395               5.26522               4.24291               3.41923               2.75524               2.2204                1.78921               1.44187               1.1619                0.9363                0.754536              0.608006              0.489984              0.394833              0.318182              
47      53.7228112        49.2364371           9.87230237         1.81535e-63           6.71373e-50           5.70571e-39           3.62265e-30           4.45122e-23           2.27317e-17           8.95833e-13           4.47488e-09           4.23004e-06           0.00104369            0.0869494             3.00611               50.8428               480.524               2825.18               11280.7               32863.4               74066.1               135507                209257                281668                341358                379519                393965                387261                364686                331960                294286                255523                218313                184201                153883                127592                105151                86262.9               70501                 57457                 46718.1               37916.5               30733.1               24878.1               20122                 16262.9               13136.3               10606.4               8559.76               6906.77               5571.12               4493.12               3623.09               2921.12               2355.02               1898.29               1530.22               1233.34               994.069               801.179               645.676               520.382               419.353               337.971               272.356               219.487               176.879               142.536               114.869               92.5627               74.5952               60.1109               48.4408               39.0366               31.4563               25.3502               20.4272               16.4619               13.2654               10.6898               8.61456               6.94171               5.59417               4.5078                3.63272               2.92734               2.35896               1.90101               1.53184               1.23449               0.994759              0.801645              0.64599               0.52056               0.419504              0.338037              0.272419              0.219518              0.176901              
48      64.4946677        59.1087394           11.8517785         9.04184e-64           3.349e-50             2.85066e-39           1.81293e-30           2.23143e-23           1.14162e-17           4.50756e-13           2.2561e-09            2.1371e-06            0.000528445           0.044125              1.5292                25.9285               245.701               1448.56               5800.74               16950.4               38324.1               70350.8               109022                147290                179121                199815                208088                205166                193749                176815                157111                136697                117001                98873.3               82710.2               68656.7               56635.4               46498.8               38027.7               31008.7               25224.5               20479.7               16604.7               13444.6               10876.5               8791.97               7102.59               5735.35               4629.02               3735.36               3013.17               2430.24               1959.73               1580.08               1273.9                1026.86               827.768               667.18                537.751               433.408               349.29                281.511               226.858               182.833               147.338               118.737               95.6879               77.1087               62.1415               50.0746               40.3546               32.5188               26.2055               21.1181               17.0173               13.714                11.0507               8.90557               7.17632               5.783                 4.66032               3.75534               3.02634               2.43864               1.96524               1.58364               1.27615               1.02841               0.8287                0.667837              0.538147              0.433676              0.349469              0.281614              0.226944              0.182872              0.147374              0.118755              0.0957005             
49      77.4263683        70.960518            14.2281556         4.47689e-64           1.66024e-50           1.41502e-39           9.01118e-31           1.11071e-23           5.69088e-18           2.25045e-13           1.12821e-09           1.07051e-06           0.000265177           0.0221834             0.770285              13.0873               124.281               734.358               2947.64               8634.52               19572.6               36026.3               55988.1               75865.8               92518.7               103487                108049                106792                101076                92431.8               82283.7               71710.1               61466.5               52007.8               43552.5               36185.1               29872.2               24541.2               20081                 16381.6               13330.7               10826.3               8779.95               7110.41               5753.13               4651.12               3757.8                3034.68               2449.47               1976.69               1594.59               1286.15               1037.17               836.261               674.227               543.488               438.12                353.128               284.625               229.399               184.877               149.003               120.076               96.7737               77.9862               62.8479               50.6478               40.8139               32.8917               26.5047               21.3599               17.2124               13.8707               11.1779               9.00732               7.25888               5.8492                4.71377               3.79847               3.06097               2.46673               1.98772               1.60186               1.29079               1.04021               0.838228              0.675476              0.544345              0.438636              0.35349               0.284844              0.229547              0.184976              0.14906               0.120123              0.0967951             0.0780059             0.0628578             0.0506548             
50      92.950979         85.1886736           17.0810155         2.20589e-64           8.18875e-51           6.98664e-40           4.45419e-31           5.49652e-24           2.81964e-18           1.11643e-13           5.60437e-10           5.32514e-07           0.000132101           0.0110676             0.384916              6.55068               62.3156               368.883               1483.48               4354.24               9890.8                18245.4               28420.2               38603.2               47182.8               52891.5               55338.6               54801.7               51962.8               47597.8               42435.3               37031.4               31778.4               26915.1               22558.7               18756.4               15493.6               12735.1               10425                 8507.47               6925.02               5625.39               4562.96               3695.88               2990.77               2418.14               1953.86               1577.98               1273.75               1027.95               829.272               668.884               539.412               434.931               350.664               282.67                227.87                183.666               148.038               119.315               96.1586               77.5                  62.4544               50.3346               40.5627               32.6889               26.3434               21.2285               17.108                13.7859               11.1099               8.95267               7.21458               5.81396               4.68498               3.77556               3.04235               2.45177               1.9757                1.59211               1.28302               1.03387               0.833177              0.671378              0.541046              0.435988              0.351336              0.28313               0.228148              0.183861              0.148156              0.119394              0.0962117             0.0775306             0.0624796             0.0503461             0.0405733             0.0326943             0.0263471             
51      111.588399        102.269689           20.5058967         1.08257e-64           4.02208e-51           3.43462e-40           2.19167e-31           2.70711e-24           1.39009e-18           5.50976e-14           2.76884e-10           2.63387e-07           6.54158e-05           0.00548745            0.191093              3.25653               31.0228               183.915               740.775               2177.83               4955.44               9157.54               14291                 19449.5               23815.6               26744.4               28029                 27801.1               26399.7               24214.6               21614.3               18882                 16218.8               13747.8               11530.7               9592.76               7927.97               6519.17               5338.45               4357.74               3548                  2882.69               2338.61               1894.46               1533.19               1239.74               1001.78               809.102               653.139               527.117               425.251               343.012               276.622               223.045               179.833               144.965               116.862               94.193                75.9216               61.1911               49.3154               39.7464               32.0302               25.8145               20.803                16.7648               13.5105               10.8873               8.77401               7.07023               5.69784               4.59148               3.70008               2.98176               2.40275               1.93634               1.56031               1.25742               1.01326               0.816531              0.658014              0.530235              0.427305              0.344324              0.277482              0.223602              0.180187              0.145207              0.117009              0.0942954             0.0759838             0.0612329             0.0493434             0.0397625             0.0320434             0.0258206             0.0208085             0.0167677             0.0135125             
52      133.962772        122.775586           24.6174943         5.29538e-65           1.96875e-51           1.6824e-40            1.07436e-31           1.32807e-24           6.82517e-19           2.70753e-14           1.36184e-10           1.29666e-07           3.22357e-05           0.00270687            0.0943636             1.60989               15.3542               91.1365               367.547               1082                  2465.41               4562.66               7131.21               9720.77               11920.7               13406                 14069.2               13972.8               13284.3               12198                 10898.9               9529.39               8191.52               6948.11               5830.84               4853.2                4012.55               3300.62               2703.58               2207.42               1797.58               1460.73               1185.18               960.189               777.147               628.444               507.846               410.189               331.132               267.249               215.608               173.915               140.256               113.092               91.1828               73.5037               59.2548               47.7607               38.4963               31.0273               25.0057               20.1537               16.2412               13.0895               10.5484               8.50078               6.85063               5.5205                4.44896               3.58504               2.88916               2.32816               1.87617               1.51194               1.21834               0.981846              0.791172              0.637591              0.513786              0.414032              0.333654              0.268862              0.21667               0.174594              0.140701              0.11338               0.091366              0.073629              0.0593306             0.0478136             0.0385285             0.0310489             0.0250202             0.0201621             0.016248              0.0130927             0.0105512             0.00850225            0.00685165            
53      160.823388        147.39308            29.5535002         2.58321e-65           9.60947e-52           8.21667e-41           5.2503e-32            6.49435e-25           3.33979e-19           1.32582e-14           6.67352e-11           6.359e-08             1.58215e-05           0.00132966            0.0463936             0.792222              7.56298               44.9356               181.411               534.628               1219.58               2259.72               3536.24               4826.63               5926.16               6672.38               7010.34               6969.65               6632.69               6095.73               5450.83               4769.3                4102.26               3481.43               2922.95               2433.81               2012.89               1656.21               1356.93               1108.11               902.513               733.482               595.179               482.232               390.33                315.66                255.096               206.049               166.342               134.254               108.313               87.3698               70.4613               56.8154               45.809                36.9276               29.7692               23.9947               19.3404               15.588                12.5629               10.1252               8.15959               6.57618               5.29951               4.27081               3.44177               2.77352               2.23517               1.80114               1.45152               1.16968               0.942595              0.759602              0.6121                0.493283              0.397488              0.320328              0.258128              0.208011              0.167629              0.135077              0.108856              0.0877166             0.0706886             0.0569626             0.0459026             0.0369915             0.0298079             0.0240218             0.0193569             0.0155991             0.0125702             0.0101295             0.00816307            0.00657781            0.00530097            0.00427156            0.0034423             
54      193.069773        176.94658            35.4792151         1.25733e-65           4.67942e-52           4.00314e-41           2.55924e-32           3.16733e-25           1.62974e-19           6.47344e-15           3.26038e-11           3.10869e-08           7.73968e-06           0.000650903           0.0227271             0.388383              3.71062               22.0649               89.1552               262.981               600.464               1113.67               1744.57               2383.72               2929.66               3301.74               3472.17               3454.99               3290.57               3026.37               2707.97               2370.75               2040.21               1732.2                1454.87               1211.79               1002.48               825.026               676.068               552.181               449.787               365.584               296.675               240.392               194.59                157.372               127.183               102.732               82.9369               66.9392               54.0062               43.564                35.1335               28.3296               22.8417               18.4132               14.8439               11.9646               9.64383               7.77279               6.26433               5.04884               4.0687                3.27915               2.64255               2.1296                1.71621               1.38299               1.11455               0.898122              0.72379               0.583251              0.470017              0.37877               0.305219              0.245972              0.198204              0.159729              0.128714              0.103723              0.083587              0.0673553             0.0542803             0.0437392             0.0352483             0.028404              0.022889              0.0184455             0.0148635             0.0119783             0.00965216            0.00777837            0.00626805            0.005051              0.00407045            0.00327998            0.00264329            0.00212998            0.00171648            
55      231.781818        212.425795           42.5930837         6.10847e-66           2.27428e-52           1.94638e-41           1.24486e-32           1.54132e-25           7.93448e-20           3.15315e-15           1.58889e-11           1.51576e-08           3.77584e-06           0.000317726           0.0111004             0.189812              1.81465               10.7979               43.6609               128.881               294.502               546.649               857.046               1172.07               1441.68               1626.07               1711.29               1704.03               1624                  1494.5                1337.98               1171.92               1008.94               856.928               719.953               599.818               496.323               408.539               334.828               273.506               222.811               181.115               146.986               119.108               96.4184               77.9799               63.0226               50.908                41.0994               33.1722               26.7635               21.589                17.4112               14.0395               11.3199               9.12525               7.35639               5.92948               4.77934               3.85209               3.10452               2.50214               2.0164                1.62511               1.30962               1.05541               0.850536              0.685396              0.552359              0.4451                0.358703              0.289053              0.232936              0.187714              0.151264              0.121901              0.0982281             0.0791603             0.0637893             0.0514042             0.0414249             0.0333806             0.0269008             0.0216767             0.0174687             0.0140767             0.0113436             0.00914142            0.00736621            0.00593631            0.00478352            0.00385489            0.00310638            0.00250323            0.00201728            0.00162552            0.00130999            0.0010556             0.000850669           
56      278.25594         255.018879           51.1333401         2.96311e-66           1.10357e-52           9.44774e-42           6.04467e-33           7.48694e-26           3.85562e-20           1.53282e-15           7.72721e-12           7.37472e-09           1.83791e-06           0.000154728           0.0054084             0.0925285             0.885067              5.26947               21.3192               62.97                 143.982               267.433               419.577               574.215               706.782               797.697               840.022               836.944               798.063               734.785               658.119               576.663               496.635               421.934               354.58                295.476               244.537               201.316               165.014               134.806               109.829               89.2818               72.4621               58.721                47.5368               38.4473               31.0735               25.1008               20.2649               16.3564               13.1966               10.6452               8.58529               6.92276               5.58176               4.49963               3.62742               2.92382               2.35669               1.89946               1.53084               1.23381               0.99429               0.801345              0.645777              0.520424              0.419401              0.337971              0.27237               0.21948               0.176878              0.142533              0.114861              0.0925626             0.0745885             0.0601099             0.0484366             0.0390342             0.0314547             0.0253476             0.0204267             0.0164601             0.0132649             0.0106889             0.00861388            0.00694129            0.00559355            0.00450767            0.0036323             0.00292722            0.00235877            0.00190086            0.00153177            0.00123435            0.000994726           0.000801551           0.000645959           0.000520519           0.000419468           
57      334.048498        306.152219           61.3859869         1.43552e-66           5.3478e-53            4.57958e-42           2.93087e-33           3.63128e-26           1.87062e-20           7.43922e-16           3.75152e-12           3.58166e-09           8.92947e-07           7.52036e-05           0.00262976            0.0450098             0.430724              2.56561               10.385                30.6891               70.2079               130.477               204.822               280.478               345.423               390.065               410.972               409.662               390.803               359.962               322.521               282.692               243.53                206.949               173.95                144.98                120.003               98.8054               80.9967               66.1748               53.9175               43.833                35.5769               28.8315               23.3409               18.8783               15.258                12.3254               9.95094               8.03181               6.48023               5.2274                4.21588               3.39949               2.74099               2.2096                1.7813                1.43579               1.15729               0.932765              0.751747              0.605885              0.488265              0.393515              0.317121              0.255564              0.205955              0.165967              0.133753              0.10778               0.0868592             0.0699937             0.056405              0.0454547             0.0366282             0.0295182             0.0237858             0.0191685             0.0154465             0.0124474             0.010031              0.00808306            0.00651397            0.00524899            0.00423002            0.00340866            0.00274683            0.00221358            0.00178371            0.00143747            0.00115832            0.000933454           0.000752206           0.000606152           0.00048848            0.000393618           0.000317211           0.000255611           0.000205988           
58      401.027914        367.538206           73.6943719         6.94699e-67           2.5886e-53            2.21727e-42           1.41937e-33           1.75902e-26           9.06381e-21           3.60554e-16           1.81875e-12           1.73693e-09           4.33168e-07           3.6493e-05            0.00127653            0.0218563             0.209232              1.24676               5.04861               14.9256               34.1604               63.5135               99.7507               136.663               168.385               190.231               200.512               199.952               190.817               175.816               157.576               138.153               119.042               101.181               85.0612               70.9052               58.6972               48.3335               39.6252               32.3763               26.3809               21.4477               17.4086               14.1084               11.4219               9.23831               7.46677               6.03176               4.86979               3.93064               3.17135               2.55824               2.06322               1.6637                1.34143               1.08138               0.871765              0.702673              0.566379              0.456496              0.367906              0.296521              0.238958              0.192587              0.1552                0.125074              0.100795              0.0812247             0.0654589             0.0527478             0.0425091             0.0342551             0.0276047             0.0222457             0.0179259             0.0144463             0.0116408             0.00938112            0.00755954            0.00609181            0.00490918            0.00395587            0.00318796            0.00256887            0.00207018            0.00166821            0.0013443             0.00108333            0.000872955           0.000703501           0.000566885           0.000456835           0.000368131           0.000296653           0.000239063           0.000192638           0.000155244           0.000125097           0.000100811           
59      481.437242        441.232578           88.4706872         3.35848e-67           1.25173e-53           1.07242e-42           6.86659e-34           8.51165e-27           4.38687e-21           1.74549e-16           8.80695e-13           8.41282e-10           2.0986e-07            1.76848e-05           0.000618791           0.0105978             0.101484              0.604912              2.45032               7.24659               16.5913               30.8593               48.4848               66.4537               81.9098               92.5706               97.6074               97.3665               92.9463               85.6631               76.7948               67.3439               58.0389               49.3389               41.4843               34.5846               28.6329               23.5794               19.3324               15.7967               12.8721               10.4654               8.49481               6.88459               5.57375               4.50827               3.64381               2.94356               2.37653               1.91822               1.54768               1.24848               1.0069                0.811926              0.654655              0.527741              0.425446              0.342925              0.27641               0.222784              0.179549              0.144711              0.116619              0.0939885             0.0757423             0.0610399             0.0491911             0.0396402             0.031946              0.0257426             0.0207458             0.0167176             0.013472              0.0108566             0.00874842            0.00705024            0.00568109            0.00457829            0.00368929            0.002973              0.00239584            0.00193059            0.00155582            0.00125369            0.00101032            0.000814138           0.000656063           0.0005287             0.00042603            0.000343331           0.000276658           0.00022295            0.00017966            0.000144776           0.000116671           9.40133e-05           7.5764e-05            6.10513e-05           4.9199e-05            
60      577.969288        529.703265           106.209773         1.62167e-67           6.04599e-54           5.18136e-43           3.31844e-34           4.11447e-27           2.12108e-21           8.44151e-17           4.26017e-13           4.07044e-10           1.01561e-07           8.56052e-06           0.000299605           0.00513247            0.049161              0.29311               1.18763               3.5133                8.0462                14.9703               23.5284               32.2591               39.7746               44.9651               47.4253               47.3211               45.1841               41.653                37.3485               32.758                28.2363               24.0069               20.1875               16.8315               13.9361               11.4773               9.4106                7.68985               6.26639               5.09494               4.13569               3.35182               2.71368               2.19496               1.7741                1.43317               1.1571                0.933963              0.753554              0.607878              0.490257              0.395324              0.31875               0.256957              0.20715               0.16697               0.134584              0.108474              0.0874228             0.0704601             0.0567818             0.0457632             0.0368791             0.0297205             0.0239513             0.0193009             0.0155546             0.0125341             0.0101012             0.00813982            0.00655954            0.0052861             0.00425963            0.00343278            0.00276614            0.00222918            0.00179633            0.00144756            0.00116654            0.000940009           0.000757535           0.000610424           0.000491925           0.000396406           0.000319439           0.000257426           0.000207435           0.000167169           0.000134705           0.000108555           8.74768e-05           7.04917e-05           5.68072e-05           4.57753e-05           3.68897e-05           2.9726e-05            2.39551e-05           
61      693.856788        635.913038           127.505688         7.81566e-68           2.91537e-54           2.49958e-43           1.60152e-34           1.98642e-27           1.02437e-21           4.07798e-17           2.05859e-13           1.96741e-10           4.91006e-08           4.13961e-06           0.000144913           0.00248303            0.023789              0.141868              0.574961              1.70129               3.8973                7.253                 11.4024               15.6379               19.2861               21.8084               23.0071               22.9617               21.9293               20.2194               18.1329               15.9066               13.7127               11.6601               9.80594               8.17648               6.77041               5.57618               4.57231               3.7364                3.04486               2.47571               2.00964               1.62876               1.31869               1.06663               0.862125              0.696456              0.562302              0.453869              0.366199              0.295406              0.238248              0.192114              0.154902              0.124873              0.100668              0.0811423             0.0654037             0.0527148             0.0424848             0.0342415             0.0275942             0.0222395             0.0179221             0.0144433             0.0116396             0.00937967            0.00755906            0.00609122            0.00490887            0.00395571            0.00318774            0.00256889            0.00207005            0.00166823            0.00134426            0.00108331            0.000872961           0.000703471           0.000566903           0.000456817           0.000368139           0.000296648           0.000239061           0.000192641           0.000155238           0.000125101           0.000100807           8.1239e-05            6.54628e-05           5.27544e-05           4.25111e-05           3.42569e-05           2.76066e-05           2.22454e-05           1.79273e-05           1.4446e-05            1.16415e-05           
62      832.980665        763.418726           153.071606         3.75465e-68           1.40177e-54           1.2028e-43            7.71188e-35           9.57115e-28           4.93839e-22           1.96691e-17           9.93331e-14           9.49693e-11           2.37095e-08           1.99953e-06           7.00161e-05           0.00120002            0.0114997             0.0685961             0.278069              0.822983              1.88571               3.51017               5.5196                7.57172               9.34022               10.564                11.1469               11.127                10.6285               9.80128               8.79112               7.71273               6.64969               5.65484               4.756                 3.96596               3.28414               2.70498               2.2181                1.81264               1.47719               1.2011                0.975                 0.790227              0.639794              0.51751               0.418289              0.337911              0.272823              0.220213              0.177677              0.14333               0.115597              0.0932131             0.075158              0.0605878             0.0488439             0.0393701             0.0317338             0.0255772             0.0206136             0.0166139             0.0133887             0.0107906             0.0086958             0.00700786            0.00564752            0.00455101            0.00366765            0.00295546            0.00238178            0.00191931            0.00154669            0.00124642            0.00100439            0.000809423           0.000652235           0.000525624           0.00042356            0.000341324           0.000275061           0.000221647           0.000178621           0.000143934           0.000115992           9.34695e-05           7.53213e-05           6.0699e-05            4.89116e-05           3.94171e-05           3.17625e-05           2.55964e-05           2.06264e-05           1.66214e-05           1.33947e-05           1.07935e-05           8.69832e-06           7.00918e-06           5.64844e-06           
63      1000              916.490332           167.019335         1.8477e-68            6.90737e-55           5.93401e-44           3.80881e-35           4.73171e-28           2.44355e-22           9.74006e-18           4.92238e-14           4.70904e-11           1.17628e-08           9.92487e-07           3.4768e-05            0.00059612            0.00571453            0.0340977             0.138261              0.409308              0.938076              1.74659               2.74706               3.76921               4.65048               5.26075               5.55197               5.54292               5.29537               4.88385               4.381                 3.84398               3.31446               2.81881               2.37091               1.97718               1.63734               1.34865               1.10593               0.903797              0.736556              0.598902              0.486169              0.394039              0.31903               0.258056              0.208581              0.168501              0.136045              0.109811              0.0886004             0.0714728             0.0576436             0.0464818             0.0374785             0.0302129             0.0243567             0.0196325             0.0158245             0.0127544             0.0102793             0.00828478            0.00667648            0.00538089            0.00433629            0.00349457            0.00281622            0.00226943            0.00182893            0.00147378            0.00118771            0.000957093           0.000771281           0.000621547           0.000500854           0.000403631           0.000325247           0.00026211            0.000211215           0.000170206           0.000137163           0.000110528           8.90721e-05           7.17747e-05           5.78413e-05           4.661e-05             3.75601e-05           3.02685e-05           2.43905e-05           1.96559e-05           1.58389e-05           1.27641e-05           1.02857e-05           8.28853e-06           6.67948e-06           5.38233e-06           4.33755e-06           3.49523e-06           2.81668e-06           